#! /c/Source/iverilog-install/bin/vvp
:ivl_version "12.0 (devel)" "(s20150603-1539-g2693dd32b)";
:ivl_delay_selection "TYPICAL";
:vpi_time_precision - 12;
:vpi_module "C:\iverilog\lib\ivl\system.vpi";
:vpi_module "C:\iverilog\lib\ivl\vhdl_sys.vpi";
:vpi_module "C:\iverilog\lib\ivl\vhdl_textio.vpi";
:vpi_module "C:\iverilog\lib\ivl\v2005_math.vpi";
:vpi_module "C:\iverilog\lib\ivl\va_math.vpi";
S_000001b931e13420 .scope module, "clock_divider" "clock_divider" 2 23;
 .timescale -9 -12;
    .port_info 0 /INPUT 1 "clk";
    .port_info 1 /INPUT 1 "rst_n";
    .port_info 2 /OUTPUT 1 "clk_out";
    .port_info 3 /OUTPUT 1 "clk_en";
P_000001b9320ce0d0 .param/l "CNT_W" 1 2 33, +C4<000000000000000000000000000001000>;
P_000001b9320ce108 .param/l "DIVISOR" 0 2 24, +C4<00000000000000000000000001100100>;
o000001b932119298 .functor BUFZ 1, C4<z>; HiZ drive
v000001b932113850_0 .net "clk", 0 0, o000001b932119298;  0 drivers
v000001b932112f90_0 .var "clk_en", 0 0;
v000001b932113210_0 .var "clk_out", 0 0;
v000001b9321137b0_0 .var "counter", 7 0;
o000001b932119358 .functor BUFZ 1, C4<z>; HiZ drive
v000001b932112ef0_0 .net "rst_n", 0 0, o000001b932119358;  0 drivers
E_000001b9320dc710 .event posedge, v000001b932113850_0;
S_000001b932114a90 .scope module, "tb_top" "tb_top" 3 11;
 .timescale -9 -12;
L_000001b9321adc08 .functor BUFT 1, C4<0>, C4<0>, C4<0>, C4<0>;
v000001b9321aa3c0_0 .net/2u *"_ivl_0", 0 0, L_000001b9321adc08;  1 drivers
L_000001b9321add28 .functor BUFT 1, C4<0>, C4<0>, C4<0>, C4<0>;
v000001b9321ab180_0 .net/2u *"_ivl_12", 0 0, L_000001b9321add28;  1 drivers
L_000001b9321add70 .functor BUFT 1, C4<1>, C4<0>, C4<0>, C4<0>;
v000001b9321aafa0_0 .net/2u *"_ivl_14", 0 0, L_000001b9321add70;  1 drivers
L_000001b9321addb8 .functor BUFT 1, C4<0>, C4<0>, C4<0>, C4<0>;
v000001b9321ab9a0_0 .net/2u *"_ivl_18", 0 0, L_000001b9321addb8;  1 drivers
L_000001b9321adc50 .functor BUFT 1, C4<1>, C4<0>, C4<0>, C4<0>;
v000001b9321ab7c0_0 .net/2u *"_ivl_2", 0 0, L_000001b9321adc50;  1 drivers
L_000001b9321ade00 .functor BUFT 1, C4<1>, C4<0>, C4<0>, C4<0>;
v000001b9321ac1c0_0 .net/2u *"_ivl_20", 0 0, L_000001b9321ade00;  1 drivers
L_000001b9321ade48 .functor BUFT 1, C4<0>, C4<0>, C4<0>, C4<0>;
v000001b9321ab220_0 .net/2u *"_ivl_24", 0 0, L_000001b9321ade48;  1 drivers
L_000001b9321ade90 .functor BUFT 1, C4<1>, C4<0>, C4<0>, C4<0>;
v000001b9321ac120_0 .net/2u *"_ivl_26", 0 0, L_000001b9321ade90;  1 drivers
L_000001b9321aded8 .functor BUFT 1, C4<0>, C4<0>, C4<0>, C4<0>;
v000001b9321abe00_0 .net/2u *"_ivl_30", 0 0, L_000001b9321aded8;  1 drivers
L_000001b9321adf20 .functor BUFT 1, C4<1>, C4<0>, C4<0>, C4<0>;
v000001b9321aa640_0 .net/2u *"_ivl_32", 0 0, L_000001b9321adf20;  1 drivers
L_000001b9321adc98 .functor BUFT 1, C4<0>, C4<0>, C4<0>, C4<0>;
v000001b9321aaf00_0 .net/2u *"_ivl_6", 0 0, L_000001b9321adc98;  1 drivers
L_000001b9321adce0 .functor BUFT 1, C4<1>, C4<0>, C4<0>, C4<0>;
v000001b9321aba40_0 .net/2u *"_ivl_8", 0 0, L_000001b9321adce0;  1 drivers
v000001b9321abea0_0 .net "anodes", 3 0, v000001b93219b6c0_0;  1 drivers
v000001b9321ab040_0 .var "clk", 0 0;
v000001b9321ab0e0_0 .net "cs_n", 0 0, v000001b93219b8a0_0;  1 drivers
v000001b9321aae60_0 .net "ee_scl_in", 0 0, L_000001b9321aa780;  1 drivers
v000001b9321aa0a0_0 .net "ee_scl_oe", 0 0, v000001b93217b6f0_0;  1 drivers
v000001b9321aa500_0 .net "ee_sda_in", 0 0, L_000001b9321aa8c0;  1 drivers
v000001b9321aaa00_0 .net "ee_sda_oe", 0 0, v000001b93217b790_0;  1 drivers
v000001b9321ab2c0_0 .var "gp_in", 31 0;
v000001b9321a9f60_0 .net "gp_oe", 31 0, L_000001b932090a10;  1 drivers
v000001b9321ac440_0 .net "gp_out", 31 0, L_000001b932090f50;  1 drivers
v000001b9321aa000_0 .net "keypad_cols", 3 0, v000001b932191f60_0;  1 drivers
v000001b9321a9e20_0 .var "keypad_rows", 3 0;
v000001b9321aa460_0 .net "lcd_db", 7 0, v000001b932192460_0;  1 drivers
v000001b9321abae0_0 .net "lcd_e", 0 0, v000001b932193040_0;  1 drivers
v000001b9321aad20_0 .net "lcd_rs", 0 0, v000001b932192a00_0;  1 drivers
v000001b9321aa960_0 .net "lcd_rw", 0 0, v000001b932192640_0;  1 drivers
v000001b9321aa140_0 .var "miso", 0 0;
v000001b9321aa6e0_0 .net "mosi", 0 0, v000001b93219d060_0;  1 drivers
v000001b9321ac080_0 .net "oled_scl_in", 0 0, L_000001b9321aa320;  1 drivers
v000001b9321ab720_0 .net "oled_scl_oe", 0 0, v000001b932197500_0;  1 drivers
v000001b9321a9ec0_0 .net "oled_sda_in", 0 0, L_000001b9321ac580;  1 drivers
v000001b9321aaaa0_0 .net "oled_sda_oe", 0 0, v000001b932197be0_0;  1 drivers
v000001b9321ab360_0 .net "pwm_out", 3 0, L_000001b9320934f0;  1 drivers
v000001b9321ab400_0 .var "rst_n", 0 0;
v000001b9321aa5a0_0 .var "rx", 0 0;
v000001b9321aa820_0 .net "scl_in", 0 0, L_000001b9321aa280;  1 drivers
v000001b9321ab680_0 .net "scl_oe", 0 0, v000001b932191e20_0;  1 drivers
v000001b9321aab40_0 .net "sclk", 0 0, v000001b93219c3e0_0;  1 drivers
v000001b9321aadc0_0 .net "sda_in", 0 0, L_000001b9321abf40;  1 drivers
v000001b9321abb80_0 .net "sda_oe", 0 0, v000001b932190e80_0;  1 drivers
v000001b9321aa1e0_0 .net "segments", 7 0, v000001b93219c700_0;  1 drivers
v000001b9321ab4a0_0 .net "system_reset_out", 0 0, L_000001b932091730;  1 drivers
v000001b9321ab5e0_0 .net "timer_pwm", 0 0, v000001b93219f040_0;  1 drivers
v000001b9321ac4e0_0 .net "tx", 0 0, v000001b93219ff40_0;  1 drivers
L_000001b9321aa280 .functor MUXZ 1, L_000001b9321adc50, L_000001b9321adc08, v000001b932191e20_0, C4<>;
L_000001b9321abf40 .functor MUXZ 1, L_000001b9321adce0, L_000001b9321adc98, v000001b932190e80_0, C4<>;
L_000001b9321aa320 .functor MUXZ 1, L_000001b9321add70, L_000001b9321add28, v000001b932197500_0, C4<>;
L_000001b9321ac580 .functor MUXZ 1, L_000001b9321ade00, L_000001b9321addb8, v000001b932197be0_0, C4<>;
L_000001b9321aa780 .functor MUXZ 1, L_000001b9321ade90, L_000001b9321ade48, v000001b93217b6f0_0, C4<>;
L_000001b9321aa8c0 .functor MUXZ 1, L_000001b9321adf20, L_000001b9321aded8, v000001b93217b790_0, C4<>;
S_000001b931db72a0 .scope module, "uut" "top" 3 84, 4 11 0, S_000001b932114a90;
 .timescale -9 -12;
    .port_info 0 /INPUT 1 "clk";
    .port_info 1 /INPUT 1 "rst_n";
    .port_info 2 /OUTPUT 1 "tx";
    .port_info 3 /INPUT 1 "rx";
    .port_info 4 /OUTPUT 1 "sclk";
    .port_info 5 /OUTPUT 1 "mosi";
    .port_info 6 /INPUT 1 "miso";
    .port_info 7 /OUTPUT 1 "cs_n";
    .port_info 8 /OUTPUT 1 "scl_oe";
    .port_info 9 /OUTPUT 1 "sda_oe";
    .port_info 10 /INPUT 1 "scl_in";
    .port_info 11 /INPUT 1 "sda_in";
    .port_info 12 /INPUT 32 "gp_in";
    .port_info 13 /OUTPUT 32 "gp_out";
    .port_info 14 /OUTPUT 32 "gp_oe";
    .port_info 15 /OUTPUT 1 "timer_pwm";
    .port_info 16 /OUTPUT 4 "pwm_out";
    .port_info 17 /OUTPUT 4 "anodes";
    .port_info 18 /OUTPUT 8 "segments";
    .port_info 19 /OUTPUT 4 "keypad_cols";
    .port_info 20 /INPUT 4 "keypad_rows";
    .port_info 21 /OUTPUT 1 "lcd_rs";
    .port_info 22 /OUTPUT 1 "lcd_rw";
    .port_info 23 /OUTPUT 1 "lcd_e";
    .port_info 24 /OUTPUT 8 "lcd_db";
    .port_info 25 /OUTPUT 1 "oled_scl_oe";
    .port_info 26 /OUTPUT 1 "oled_sda_oe";
    .port_info 27 /INPUT 1 "oled_scl_in";
    .port_info 28 /INPUT 1 "oled_sda_in";
    .port_info 29 /OUTPUT 1 "ee_scl_oe";
    .port_info 30 /OUTPUT 1 "ee_sda_oe";
    .port_info 31 /INPUT 1 "ee_scl_in";
    .port_info 32 /INPUT 1 "ee_sda_in";
    .port_info 33 /OUTPUT 1 "ultrasonic_trig";
    .port_info 34 /INPUT 1 "ultrasonic_echo";
    .port_info 35 /OUTPUT 1 "temp_scl_oe";
    .port_info 36 /OUTPUT 1 "temp_sda_oe";
    .port_info 37 /INPUT 1 "temp_scl_in";
    .port_info 38 /INPUT 1 "temp_sda_in";
    .port_info 39 /OUTPUT 1 "system_reset_out";
P_000001b9320dd050 .param/str "MEM_FILE" 0 4 12, "c:/Users/nitin/OneDrive/Desktop/32_Bit/prog_temp.hex";
L_000001b932091730 .functor BUFZ 1, v000001b9321a1020_0, C4<0>, C4<0>, C4<0>;
L_000001b932091f80 .functor BUFZ 1, v000001b9321a13e0_0, C4<0>, C4<0>, C4<0>;
L_000001b932091c70 .functor BUFZ 1, v000001b93219f900_0, C4<0>, C4<0>, C4<0>;
L_000001b932091ff0 .functor BUFZ 1, v000001b93219d740_0, C4<0>, C4<0>, C4<0>;
L_000001b932090c40 .functor BUFZ 1, v000001b93219e280_0, C4<0>, C4<0>, C4<0>;
L_000001b932090cb0 .functor BUFZ 1, v000001b93219c0c0_0, C4<0>, C4<0>, C4<0>;
L_000001b932090bd0 .functor BUFZ 1, v000001b932191060_0, C4<0>, C4<0>, C4<0>;
L_000001b932090fc0 .functor BUFZ 1, v000001b93217b8d0_0, C4<0>, C4<0>, C4<0>;
L_000001b932090d20 .functor BUFZ 1, v000001b9321928c0_0, C4<0>, C4<0>, C4<0>;
L_000001b9320921b0 .functor NOT 1, v000001b9321a1020_0, C4<0>, C4<0>, C4<0>;
L_000001b9320916c0 .functor AND 1, v000001b9321ab400_0, L_000001b9320921b0, C4<1>, C4<1>;
L_000001b932091ab0 .functor NOT 1, v000001b9321a1020_0, C4<0>, C4<0>, C4<0>;
L_000001b932091dc0 .functor AND 1, v000001b9321ab400_0, L_000001b932091ab0, C4<1>, C4<1>;
L_000001b932092300 .functor NOT 1, v000001b9321a1020_0, C4<0>, C4<0>, C4<0>;
L_000001b932092220 .functor AND 1, v000001b9321ab400_0, L_000001b932092300, C4<1>, C4<1>;
L_000001b932090850 .functor AND 1, v000001b9321969c0_0, v000001b932197000_0, C4<1>, C4<1>;
L_000001b932092bc0 .functor NOT 1, v000001b9321a1020_0, C4<0>, C4<0>, C4<0>;
L_000001b932093e90 .functor AND 1, v000001b9321ab400_0, L_000001b932092bc0, C4<1>, C4<1>;
L_000001b932093b10 .functor AND 1, v000001b9321969c0_0, v000001b932194f80_0, C4<1>, C4<1>;
L_000001b932092ed0 .functor NOT 1, v000001b9321a1020_0, C4<0>, C4<0>, C4<0>;
L_000001b932092fb0 .functor AND 1, v000001b9321ab400_0, L_000001b932092ed0, C4<1>, C4<1>;
L_000001b932093e20 .functor AND 1, v000001b9321969c0_0, v000001b932197b40_0, C4<1>, C4<1>;
L_000001b932093100 .functor NOT 1, v000001b9321a1020_0, C4<0>, C4<0>, C4<0>;
L_000001b932092760 .functor AND 1, v000001b9321ab400_0, L_000001b932093100, C4<1>, C4<1>;
L_000001b9320923e0 .functor AND 1, v000001b9321969c0_0, v000001b932196560_0, C4<1>, C4<1>;
L_000001b932092c30 .functor NOT 1, v000001b9321a1020_0, C4<0>, C4<0>, C4<0>;
L_000001b9320936b0 .functor AND 1, v000001b9321ab400_0, L_000001b932092c30, C4<1>, C4<1>;
L_000001b932093b80 .functor AND 1, v000001b9321969c0_0, v000001b932195340_0, C4<1>, C4<1>;
L_000001b932093aa0 .functor NOT 1, v000001b9321a1020_0, C4<0>, C4<0>, C4<0>;
L_000001b9320932c0 .functor AND 1, v000001b9321ab400_0, L_000001b932093aa0, C4<1>, C4<1>;
L_000001b932092920 .functor AND 1, v000001b9321969c0_0, v000001b932196920_0, C4<1>, C4<1>;
L_000001b932092f40 .functor NOT 1, v000001b9321a1020_0, C4<0>, C4<0>, C4<0>;
L_000001b932092ae0 .functor AND 1, v000001b9321ab400_0, L_000001b932092f40, C4<1>, C4<1>;
L_000001b932092ca0 .functor AND 1, v000001b9321969c0_0, v000001b9321970a0_0, C4<1>, C4<1>;
L_000001b932093090 .functor AND 1, v000001b9321969c0_0, v000001b932197fa0_0, C4<1>, C4<1>;
L_000001b9320938e0 .functor NOT 1, v000001b9321a1020_0, C4<0>, C4<0>, C4<0>;
L_000001b932093bf0 .functor AND 1, v000001b9321ab400_0, L_000001b9320938e0, C4<1>, C4<1>;
L_000001b932093cd0 .functor AND 1, v000001b9321969c0_0, L_000001b93220ca80, C4<1>, C4<1>;
L_000001b932093f00 .functor AND 1, L_000001b932093cd0, v000001b932197fa0_0, C4<1>, C4<1>;
L_000001b932093f70 .functor NOT 1, v000001b9321a1020_0, C4<0>, C4<0>, C4<0>;
L_000001b932092a00 .functor AND 1, v000001b9321ab400_0, L_000001b932093f70, C4<1>, C4<1>;
L_000001b932092450 .functor AND 1, v000001b9321969c0_0, v000001b9321949e0_0, C4<1>, C4<1>;
L_000001b932093020 .functor NOT 1, v000001b9321a1020_0, C4<0>, C4<0>, C4<0>;
L_000001b932093a30 .functor AND 1, v000001b9321ab400_0, L_000001b932093020, C4<1>, C4<1>;
L_000001b932092d10 .functor AND 1, v000001b9321969c0_0, v000001b932197aa0_0, C4<1>, C4<1>;
L_000001b932093c60 .functor NOT 1, v000001b9321a1020_0, C4<0>, C4<0>, C4<0>;
L_000001b9320927d0 .functor AND 1, v000001b9321ab400_0, L_000001b932093c60, C4<1>, C4<1>;
L_000001b932093d40 .functor AND 1, v000001b9321969c0_0, v000001b932197e60_0, C4<1>, C4<1>;
L_000001b932093410 .functor NOT 1, v000001b9321a1020_0, C4<0>, C4<0>, C4<0>;
L_000001b932092530 .functor AND 1, v000001b9321ab400_0, L_000001b932093410, C4<1>, C4<1>;
L_000001b932092a70 .functor AND 1, v000001b9321969c0_0, v000001b932194e40_0, C4<1>, C4<1>;
L_000001b932092680 .functor NOT 1, v000001b9321a1020_0, C4<0>, C4<0>, C4<0>;
L_000001b9320925a0 .functor AND 1, v000001b9321ab400_0, L_000001b932092680, C4<1>, C4<1>;
L_000001b932093db0 .functor AND 1, v000001b9321969c0_0, v000001b932197f00_0, C4<1>, C4<1>;
L_000001b932092610 .functor NOT 1, v000001b9321a1020_0, C4<0>, C4<0>, C4<0>;
L_000001b9320931e0 .functor AND 1, v000001b9321ab400_0, L_000001b932092610, C4<1>, C4<1>;
L_000001b932093560 .functor AND 1, v000001b9321969c0_0, v000001b932196ce0_0, C4<1>, C4<1>;
L_000001b932092d80 .functor NOT 1, v000001b9321a1020_0, C4<0>, C4<0>, C4<0>;
L_000001b9320926f0 .functor AND 1, v000001b9321ab400_0, L_000001b932092d80, C4<1>, C4<1>;
L_000001b932092df0 .functor AND 1, v000001b9321969c0_0, v000001b932195de0_0, C4<1>, C4<1>;
L_000001b932093250 .functor NOT 1, v000001b9321a1020_0, C4<0>, C4<0>, C4<0>;
L_000001b932092840 .functor AND 1, v000001b9321ab400_0, L_000001b932093250, C4<1>, C4<1>;
L_000001b932093790 .functor AND 1, v000001b9321969c0_0, v000001b932196a60_0, C4<1>, C4<1>;
L_000001b9321adf68 .functor BUFT 1, C4<00000000000000000001000000000000>, C4<0>, C4<0>, C4<0>;
v000001b9321a2060_0 .net/2u *"_ivl_0", 31 0, L_000001b9321adf68;  1 drivers
v000001b9321a18e0_0 .net *"_ivl_10", 31 0, L_000001b9321aabe0;  1 drivers
v000001b9321a21a0_0 .net *"_ivl_103", 0 0, L_000001b932093100;  1 drivers
v000001b9321a15c0_0 .net *"_ivl_111", 0 0, L_000001b932092c30;  1 drivers
v000001b9321a0080_0 .net *"_ivl_119", 0 0, L_000001b932093aa0;  1 drivers
v000001b9321a1a20_0 .net *"_ivl_12", 31 0, L_000001b9321aac80;  1 drivers
v000001b9321a1660_0 .net *"_ivl_127", 0 0, L_000001b932092f40;  1 drivers
v000001b9321a0120_0 .net *"_ivl_139", 0 0, L_000001b9320938e0;  1 drivers
v000001b9321a2420_0 .net *"_ivl_14", 29 0, L_000001b9321ac3a0;  1 drivers
v000001b9321a2240_0 .net *"_ivl_146", 1 0, L_000001b93220ba40;  1 drivers
L_000001b9321af240 .functor BUFT 1, C4<01>, C4<0>, C4<0>, C4<0>;
v000001b9321a0800_0 .net/2u *"_ivl_147", 1 0, L_000001b9321af240;  1 drivers
v000001b9321a0bc0_0 .net *"_ivl_149", 0 0, L_000001b93220ca80;  1 drivers
v000001b9321a22e0_0 .net *"_ivl_151", 0 0, L_000001b932093cd0;  1 drivers
v000001b9321a1700_0 .net *"_ivl_155", 0 0, L_000001b932093f70;  1 drivers
L_000001b9321adff8 .functor BUFT 1, C4<00>, C4<0>, C4<0>, C4<0>;
v000001b9321a08a0_0 .net *"_ivl_16", 1 0, L_000001b9321adff8;  1 drivers
v000001b93219fe00_0 .net *"_ivl_163", 0 0, L_000001b932093020;  1 drivers
v000001b9321a17a0_0 .net *"_ivl_171", 0 0, L_000001b932093c60;  1 drivers
v000001b9321a0c60_0 .net *"_ivl_179", 0 0, L_000001b932093410;  1 drivers
v000001b9321a1840_0 .net *"_ivl_187", 0 0, L_000001b932092680;  1 drivers
v000001b9321a2880_0 .net *"_ivl_195", 0 0, L_000001b932092610;  1 drivers
v000001b9321a27e0_0 .net *"_ivl_2", 0 0, L_000001b9321ab540;  1 drivers
L_000001b9321ae040 .functor BUFT 1, C4<00000000000000000001000000000000>, C4<0>, C4<0>, C4<0>;
v000001b9321a2a60_0 .net/2u *"_ivl_20", 31 0, L_000001b9321ae040;  1 drivers
v000001b9321a2920_0 .net *"_ivl_203", 0 0, L_000001b932092d80;  1 drivers
v000001b9321a2b00_0 .net *"_ivl_211", 0 0, L_000001b932093250;  1 drivers
v000001b9321a26a0_0 .net *"_ivl_22", 0 0, L_000001b9321abcc0;  1 drivers
v000001b9321a29c0_0 .net *"_ivl_27", 1 0, L_000001b9321ac260;  1 drivers
L_000001b9321ae088 .functor BUFT 1, C4<01>, C4<0>, C4<0>, C4<0>;
v000001b9321a2ba0_0 .net/2u *"_ivl_28", 1 0, L_000001b9321ae088;  1 drivers
v000001b9321a2740_0 .net *"_ivl_30", 0 0, L_000001b9321ac300;  1 drivers
v000001b9321a2c40_0 .net *"_ivl_39", 0 0, L_000001b932091f80;  1 drivers
v000001b9321a2ce0_0 .net *"_ivl_43", 0 0, L_000001b932091c70;  1 drivers
v000001b9321a2600_0 .net *"_ivl_47", 0 0, L_000001b932091ff0;  1 drivers
v000001b9321a6ea0_0 .net *"_ivl_5", 7 0, L_000001b9321abfe0;  1 drivers
v000001b9321a7260_0 .net *"_ivl_51", 0 0, L_000001b932090c40;  1 drivers
v000001b9321a5460_0 .net *"_ivl_55", 0 0, L_000001b932090cb0;  1 drivers
v000001b9321a6c20_0 .net *"_ivl_59", 0 0, L_000001b932090bd0;  1 drivers
v000001b9321a5e60_0 .net *"_ivl_63", 0 0, L_000001b932090fc0;  1 drivers
v000001b9321a74e0_0 .net *"_ivl_68", 0 0, L_000001b932090d20;  1 drivers
v000001b9321a5d20_0 .net *"_ivl_69", 0 0, L_000001b9320921b0;  1 drivers
v000001b9321a64a0_0 .net *"_ivl_73", 0 0, L_000001b932091ab0;  1 drivers
v000001b9321a58c0_0 .net *"_ivl_77", 0 0, L_000001b932092300;  1 drivers
L_000001b9321adfb0 .functor BUFT 1, C4<00000000000000000001000000000000>, C4<0>, C4<0>, C4<0>;
v000001b9321a6ae0_0 .net/2u *"_ivl_8", 31 0, L_000001b9321adfb0;  1 drivers
v000001b9321a51e0_0 .net *"_ivl_87", 0 0, L_000001b932092bc0;  1 drivers
v000001b9321a4ec0_0 .net *"_ivl_95", 0 0, L_000001b932092ed0;  1 drivers
v000001b9321a53c0_0 .net "anodes", 3 0, v000001b93219b6c0_0;  alias, 1 drivers
v000001b9321a5f00_0 .net "boot_addr", 7 0, L_000001b93220ad20;  1 drivers
v000001b9321a6e00_0 .net "boot_rdata", 31 0, v000001b932113490_0;  1 drivers
v000001b9321a6360_0 .net "boot_rom_addr", 7 0, L_000001b9321ab860;  1 drivers
v000001b9321a5a00_0 .net "clk", 0 0, v000001b9321ab040_0;  1 drivers
v000001b9321a5500_0 .net "cpu_addr", 31 0, L_000001b932209560;  1 drivers
v000001b9321a6f40_0 .net "cpu_byte", 0 0, L_000001b932091490;  1 drivers
v000001b9321a7580_0 .net "cpu_in_isr", 0 0, v000001b932177e60_0;  1 drivers
v000001b9321a5be0_0 .net "cpu_irq_ack", 0 0, v000001b932178ae0_0;  1 drivers
v000001b9321a4f60_0 .net "cpu_irq_req", 0 0, v000001b9321989a0_0;  1 drivers
v000001b9321a5280_0 .net "cpu_irq_vector", 31 0, L_000001b932091d50;  1 drivers
v000001b9321a55a0_0 .net "cpu_rdata", 31 0, v000001b932194940_0;  1 drivers
v000001b9321a5320_0 .net "cpu_re", 0 0, L_000001b932091420;  1 drivers
v000001b9321a6b80_0 .net "cpu_ready", 0 0, v000001b932194120_0;  1 drivers
v000001b9321a73a0_0 .net "cpu_wdata", 31 0, L_000001b9320912d0;  1 drivers
v000001b9321a62c0_0 .net "cpu_we", 0 0, L_000001b9320913b0;  1 drivers
v000001b9321a5dc0_0 .net "crc_busy", 0 0, v000001b9321798f0_0;  1 drivers
v000001b9321a6540_0 .net "crc_rdata", 31 0, v000001b93217a250_0;  1 drivers
v000001b9321a5780_0 .net "cs_n", 0 0, v000001b93219b8a0_0;  alias, 1 drivers
v000001b9321a5000_0 .net "dbu_halt", 0 0, v000001b932179fd0_0;  1 drivers
v000001b9321a6cc0_0 .net "dbu_instr", 31 0, L_000001b932091ce0;  1 drivers
v000001b9321a5640_0 .net "dbu_pc", 31 0, L_000001b9322099c0;  1 drivers
v000001b9321a50a0_0 .net "dbu_reg_sel", 4 0, v000001b9321795d0_0;  1 drivers
v000001b9321a56e0_0 .net "dbu_reg_val", 31 0, L_000001b9320911f0;  1 drivers
v000001b9321a5fa0_0 .net "dbu_valid", 0 0, L_000001b932091c00;  1 drivers
v000001b9321a71c0_0 .net "debug_cs", 0 0, v000001b9321949e0_0;  1 drivers
v000001b9321a60e0_0 .net "debug_rdata", 31 0, v000001b93217a6b0_0;  1 drivers
v000001b9321a5820_0 .net "dram_addr", 12 0, L_000001b93220b720;  1 drivers
v000001b9321a5960_0 .net "dram_be", 3 0, L_000001b93220adc0;  1 drivers
v000001b9321a6fe0_0 .net "dram_rdata", 31 0, v000001b93217abb0_0;  1 drivers
v000001b9321a5aa0_0 .net "dram_wdata", 31 0, L_000001b93220bfe0;  1 drivers
v000001b9321a5140_0 .net "dram_we", 0 0, L_000001b932091a40;  1 drivers
v000001b9321a5b40_0 .net "ee_scl_in", 0 0, L_000001b9321aa780;  alias, 1 drivers
v000001b9321a5c80_0 .net "ee_scl_oe", 0 0, v000001b93217b6f0_0;  alias, 1 drivers
v000001b9321a6040_0 .net "ee_sda_in", 0 0, L_000001b9321aa8c0;  alias, 1 drivers
v000001b9321a6d60_0 .net "ee_sda_oe", 0 0, v000001b93217b790_0;  alias, 1 drivers
v000001b9321a7440_0 .net "eeprom_cs", 0 0, v000001b932194e40_0;  1 drivers
v000001b9321a6180_0 .net "eeprom_rdata", 31 0, v000001b932179c10_0;  1 drivers
v000001b9321a7080_0 .net "gp_in", 31 0, v000001b9321ab2c0_0;  1 drivers
v000001b9321a6220_0 .net "gp_oe", 31 0, L_000001b932090a10;  alias, 1 drivers
v000001b9321a6400_0 .net "gp_out", 31 0, L_000001b932090f50;  alias, 1 drivers
v000001b9321a65e0_0 .net "gpio_cs", 0 0, v000001b932194f80_0;  1 drivers
v000001b9321a7120_0 .net "gpio_irq", 0 0, v000001b93217b8d0_0;  1 drivers
v000001b9321a6680_0 .net "gpio_rdata", 31 0, v000001b93217c550_0;  1 drivers
v000001b9321a6720_0 .net "i2c_cs", 0 0, v000001b932195340_0;  1 drivers
v000001b9321a67c0_0 .net "i2c_irq", 0 0, v000001b932191060_0;  1 drivers
v000001b9321a6860_0 .net "i2c_rdata", 31 0, v000001b932191600_0;  1 drivers
v000001b9321a4e20_0 .net "imem_addr", 31 0, L_000001b932091500;  1 drivers
v000001b9321a6900_0 .net "imem_rdata", 31 0, L_000001b9321abd60;  1 drivers
v000001b9321a69a0_0 .net "irom_addr", 11 0, L_000001b9321abc20;  1 drivers
v000001b9321a6a40_0 .net "irom_rdata", 31 0, v000001b932193540_0;  1 drivers
v000001b9321a7300_0 .net "irq_ctrl_cs", 0 0, v000001b932197000_0;  1 drivers
v000001b9321a7760_0 .net "irq_ctrl_rdata", 31 0, v000001b932198900_0;  1 drivers
v000001b9321a7940_0 .net "irq_lines", 7 0, L_000001b9321acbc0;  1 drivers
v000001b9321a85c0_0 .net "keypad_cols", 3 0, v000001b932191f60_0;  alias, 1 drivers
v000001b9321a94c0_0 .net "keypad_cs", 0 0, v000001b932196ce0_0;  1 drivers
v000001b9321a9920_0 .net "keypad_irq", 0 0, v000001b9321928c0_0;  1 drivers
v000001b9321a7c60_0 .net "keypad_rdata", 31 0, v000001b932192dc0_0;  1 drivers
v000001b9321a7bc0_0 .net "keypad_rows", 3 0, v000001b9321a9e20_0;  1 drivers
v000001b9321a76c0_0 .net "lcd_cs", 0 0, v000001b932197aa0_0;  1 drivers
v000001b9321a7d00_0 .net "lcd_db", 7 0, v000001b932192460_0;  alias, 1 drivers
v000001b9321a87a0_0 .net "lcd_e", 0 0, v000001b932193040_0;  alias, 1 drivers
v000001b9321a7da0_0 .net "lcd_rdata", 31 0, v000001b9321925a0_0;  1 drivers
v000001b9321a8b60_0 .net "lcd_rs", 0 0, v000001b932192a00_0;  alias, 1 drivers
v000001b9321a8fc0_0 .net "lcd_rw", 0 0, v000001b932192640_0;  alias, 1 drivers
v000001b9321a9560_0 .net "miso", 0 0, v000001b9321aa140_0;  1 drivers
v000001b9321a99c0_0 .net "mosi", 0 0, v000001b93219d060_0;  alias, 1 drivers
v000001b9321a8840_0 .net "oled_cs", 0 0, v000001b932197e60_0;  1 drivers
v000001b9321a88e0_0 .net "oled_rdata", 31 0, v000001b9321967e0_0;  1 drivers
v000001b9321a8980_0 .net "oled_scl_in", 0 0, L_000001b9321aa320;  alias, 1 drivers
v000001b9321a9600_0 .net "oled_scl_oe", 0 0, v000001b932197500_0;  alias, 1 drivers
v000001b9321a8a20_0 .net "oled_sda_in", 0 0, L_000001b9321ac580;  alias, 1 drivers
v000001b9321a7e40_0 .net "oled_sda_oe", 0 0, v000001b932197be0_0;  alias, 1 drivers
v000001b9321a92e0_0 .net "periph_addr", 7 0, L_000001b93220c800;  1 drivers
v000001b9321a7800_0 .net "periph_wdata", 31 0, L_000001b932091960;  1 drivers
v000001b9321a7ee0_0 .net "periph_we", 0 0, v000001b9321969c0_0;  1 drivers
v000001b9321a96a0_0 .net "pwm_cs", 0 0, v000001b9321970a0_0;  1 drivers
v000001b9321a9ba0_0 .net "pwm_out", 3 0, L_000001b9320934f0;  alias, 1 drivers
v000001b9321a8de0_0 .net "pwm_rdata", 31 0, v000001b93219aea0_0;  1 drivers
v000001b9321a78a0_0 .net "rst_n", 0 0, v000001b9321ab400_0;  1 drivers
v000001b9321a7a80_0 .net "rx", 0 0, v000001b9321aa5a0_0;  1 drivers
v000001b9321a9100_0 .net "scl_in", 0 0, L_000001b9321aa280;  alias, 1 drivers
v000001b9321a9c40_0 .net "scl_oe", 0 0, v000001b932191e20_0;  alias, 1 drivers
v000001b9321a9060_0 .net "sclk", 0 0, v000001b93219c3e0_0;  alias, 1 drivers
v000001b9321a79e0_0 .net "sda_in", 0 0, L_000001b9321abf40;  alias, 1 drivers
v000001b9321a91a0_0 .net "sda_oe", 0 0, v000001b932190e80_0;  alias, 1 drivers
v000001b9321a9740_0 .net "segments", 7 0, v000001b93219c700_0;  alias, 1 drivers
v000001b9321a9a60_0 .net "seven_seg_cs", 0 0, v000001b932197f00_0;  1 drivers
v000001b9321a7620_0 .net "seven_seg_rdata", 31 0, v000001b93219cac0_0;  1 drivers
v000001b9321a7f80_0 .net "spi_cs", 0 0, v000001b932196560_0;  1 drivers
v000001b9321a9420_0 .net "spi_irq", 0 0, v000001b93219c0c0_0;  1 drivers
v000001b9321a9240_0 .net "spi_rdata", 31 0, v000001b93219c2a0_0;  1 drivers
v000001b9321a8160_0 .net "system_reset_out", 0 0, L_000001b932091730;  alias, 1 drivers
o000001b932124a28 .functor BUFZ 1, C4<z>; HiZ drive
v000001b9321a7b20_0 .net "temp_scl_in", 0 0, o000001b932124a28;  0 drivers
v000001b9321a8020_0 .net "temp_scl_oe", 0 0, v000001b93219ea00_0;  1 drivers
o000001b932124a88 .functor BUFZ 1, C4<z>; HiZ drive
v000001b9321a9880_0 .net "temp_sda_in", 0 0, o000001b932124a88;  0 drivers
v000001b9321a8f20_0 .net "temp_sda_oe", 0 0, v000001b93219efa0_0;  1 drivers
v000001b9321a80c0_0 .net "temp_sensor_cs", 0 0, v000001b932196a60_0;  1 drivers
v000001b9321a8200_0 .net "temp_sensor_rdata", 31 0, v000001b93219d600_0;  1 drivers
v000001b9321a97e0_0 .net "timer_cs", 0 0, v000001b932196920_0;  1 drivers
v000001b9321a8ac0_0 .net "timer_irq", 0 0, v000001b93219f900_0;  1 drivers
v000001b9321a82a0_0 .net "timer_pwm", 0 0, v000001b93219f040_0;  alias, 1 drivers
v000001b9321a8340_0 .net "timer_rdata", 31 0, v000001b93219f720_0;  1 drivers
v000001b9321a83e0_0 .net "tx", 0 0, v000001b93219ff40_0;  alias, 1 drivers
v000001b9321a8c00_0 .net "uart_cs", 0 0, v000001b932197b40_0;  1 drivers
v000001b9321a8480_0 .net "uart_irq_rx", 0 0, v000001b93219d740_0;  1 drivers
v000001b9321a8520_0 .net "uart_irq_tx", 0 0, v000001b93219e280_0;  1 drivers
v000001b9321a8660_0 .net "uart_rdata", 31 0, v000001b93219f860_0;  1 drivers
v000001b9321a8ca0_0 .net "ultrasonic_cs", 0 0, v000001b932195de0_0;  1 drivers
o000001b932125e08 .functor BUFZ 1, C4<z>; HiZ drive
v000001b9321a8700_0 .net "ultrasonic_echo", 0 0, o000001b932125e08;  0 drivers
v000001b9321a8d40_0 .net "ultrasonic_rdata", 31 0, v000001b9321a1fc0_0;  1 drivers
v000001b9321a8e80_0 .net "ultrasonic_trig", 0 0, v000001b9321a2560_0;  1 drivers
v000001b9321a9380_0 .net "wdog_cs", 0 0, v000001b932197fa0_0;  1 drivers
v000001b9321a9b00_0 .net "wdog_rdata", 31 0, L_000001b9321ac940;  1 drivers
v000001b9321a9ce0_0 .net "wdt_irq", 0 0, v000001b9321a13e0_0;  1 drivers
v000001b9321a9d80_0 .net "wdt_rdata", 31 0, v000001b9321a0620_0;  1 drivers
v000001b9321ab900_0 .net "wdt_reset", 0 0, v000001b9321a1020_0;  1 drivers
L_000001b9321ab540 .cmp/gt 32, L_000001b9321adf68, L_000001b932091500;
L_000001b9321abfe0 .part L_000001b932091500, 2, 8;
L_000001b9321ab860 .functor MUXZ 8, L_000001b93220ad20, L_000001b9321abfe0, L_000001b9321ab540, C4<>;
L_000001b9321aabe0 .arith/sub 32, L_000001b932091500, L_000001b9321adfb0;
L_000001b9321ac3a0 .part L_000001b9321aabe0, 2, 30;
L_000001b9321aac80 .concat [ 30 2 0 0], L_000001b9321ac3a0, L_000001b9321adff8;
L_000001b9321abc20 .part L_000001b9321aac80, 0, 12;
L_000001b9321abcc0 .cmp/gt 32, L_000001b9321ae040, L_000001b932091500;
L_000001b9321abd60 .functor MUXZ 32, v000001b932193540_0, v000001b932113490_0, L_000001b9321abcc0, C4<>;
L_000001b9321ac260 .part L_000001b93220c800, 6, 2;
L_000001b9321ac300 .cmp/eq 2, L_000001b9321ac260, L_000001b9321ae088;
L_000001b9321ac940 .functor MUXZ 32, v000001b9321a0620_0, v000001b93217a250_0, L_000001b9321ac300, C4<>;
LS_000001b9321acbc0_0_0 .concat8 [ 1 1 1 1], L_000001b932091f80, L_000001b932091c70, L_000001b932091ff0, L_000001b932090c40;
LS_000001b9321acbc0_0_4 .concat8 [ 1 1 1 1], L_000001b932090cb0, L_000001b932090bd0, L_000001b932090fc0, L_000001b932090d20;
L_000001b9321acbc0 .concat8 [ 4 4 0 0], LS_000001b9321acbc0_0_0, LS_000001b9321acbc0_0_4;
L_000001b93220ce40 .part L_000001b93220c800, 2, 4;
L_000001b93220c1c0 .part L_000001b93220c800, 2, 3;
L_000001b93220c6c0 .part L_000001b93220c800, 2, 2;
L_000001b93220af00 .part L_000001b93220c800, 2, 3;
L_000001b93220b5e0 .part L_000001b93220c800, 2, 3;
L_000001b93220b680 .part L_000001b93220c800, 2, 3;
L_000001b93220c080 .part L_000001b93220c800, 2, 5;
L_000001b93220b7c0 .part L_000001b93220c800, 2, 2;
L_000001b93220b860 .part L_000001b93220c800, 2, 2;
L_000001b93220ba40 .part L_000001b93220c800, 6, 2;
L_000001b93220ca80 .cmp/eq 2, L_000001b93220ba40, L_000001b9321af240;
L_000001b93220b040 .part L_000001b93220c800, 2, 4;
L_000001b93220bae0 .part L_000001b93220c800, 2, 2;
L_000001b93220d200 .part L_000001b93220c800, 2, 2;
L_000001b93220c760 .part L_000001b93220c800, 2, 2;
L_000001b93220c8a0 .part L_000001b93220c800, 2, 2;
L_000001b93220c300 .part L_000001b93220c800, 2, 2;
L_000001b93220c3a0 .part L_000001b93220c800, 2, 2;
L_000001b93220c440 .part L_000001b93220c800, 2, 2;
S_000001b9321150e0 .scope module, "boot_rom_inst" "boot_rom" 4 288, 5 19 0, S_000001b931db72a0;
 .timescale -9 -12;
    .port_info 0 /INPUT 1 "clk";
    .port_info 1 /INPUT 8 "addr";
    .port_info 2 /OUTPUT 32 "data_out";
v000001b932113030_0 .net "addr", 7 0, L_000001b9321ab860;  alias, 1 drivers
v000001b932112630 .array "boot_mem", 255 0, 31 0;
v000001b932113d50_0 .net "clk", 0 0, v000001b9321ab040_0;  alias, 1 drivers
v000001b932113490_0 .var "data_out", 31 0;
v000001b932112c70_0 .var/i "i", 31 0;
E_000001b9320dc0d0 .event posedge, v000001b932113d50_0;
S_000001b931cd3600 .scope module, "cpu_core_inst" "cpu_core" 4 207, 6 11 0, S_000001b931db72a0;
 .timescale -9 -12;
    .port_info 0 /INPUT 1 "clk";
    .port_info 1 /INPUT 1 "rst_n";
    .port_info 2 /OUTPUT 32 "imem_addr";
    .port_info 3 /INPUT 32 "imem_rdata";
    .port_info 4 /OUTPUT 32 "dmem_addr";
    .port_info 5 /OUTPUT 32 "dmem_wdata";
    .port_info 6 /OUTPUT 1 "dmem_we";
    .port_info 7 /OUTPUT 1 "dmem_re";
    .port_info 8 /OUTPUT 1 "dmem_byte";
    .port_info 9 /INPUT 32 "dmem_rdata";
    .port_info 10 /INPUT 1 "irq_req";
    .port_info 11 /INPUT 32 "irq_vector";
    .port_info 12 /OUTPUT 1 "irq_ack";
    .port_info 13 /OUTPUT 1 "in_isr";
    .port_info 14 /OUTPUT 32 "dbu_pc";
    .port_info 15 /OUTPUT 32 "dbu_instr";
    .port_info 16 /OUTPUT 1 "dbu_valid";
    .port_info 17 /INPUT 5 "dbu_reg_sel";
    .port_info 18 /OUTPUT 32 "dbu_reg_val";
    .port_info 19 /INPUT 1 "dbu_halt_in";
L_000001b932091570 .functor OR 1, v000001b93216f840_0, v000001b932175660_0, C4<0>, C4<0>;
L_000001b9320908c0 .functor OR 1, L_000001b9321acc60, L_000001b9321acb20, C4<0>, C4<0>;
L_000001b932092060 .functor OR 1, L_000001b9320908c0, L_000001b9321acd00, C4<0>, C4<0>;
L_000001b932090d90 .functor OR 1, L_000001b932092060, L_000001b9321ac6c0, C4<0>, C4<0>;
L_000001b932091110 .functor OR 1, v000001b932179fd0_0, v000001b931de2070_0, C4<0>, C4<0>;
L_000001b9320915e0 .functor OR 1, L_000001b932091110, v000001b93216f700_0, C4<0>, C4<0>;
L_000001b932092140 .functor OR 1, v000001b931de2390_0, L_000001b9320915e0, C4<0>, C4<0>;
L_000001b932090ee0 .functor OR 1, v000001b932087100_0, L_000001b9321aca80, C4<0>, C4<0>;
L_000001b932092370 .functor OR 1, L_000001b932090ee0, L_000001b9321ac760, C4<0>, C4<0>;
L_000001b932091500 .functor BUFZ 32, v000001b931de1030_0, C4<00000000000000000000000000000000>, C4<00000000000000000000000000000000>, C4<00000000000000000000000000000000>;
L_000001b932091b90 .functor OR 1, v000001b931de2390_0, L_000001b9320915e0, C4<0>, C4<0>;
L_000001b932091030 .functor OR 1, v000001b931de3650_0, L_000001b9320915e0, C4<0>, C4<0>;
L_000001b9320911f0 .functor BUFZ 32, L_000001b93220a8c0, C4<00000000000000000000000000000000>, C4<00000000000000000000000000000000>, C4<00000000000000000000000000000000>;
L_000001b932091260 .functor OR 1, v000001b931de3650_0, L_000001b9320915e0, C4<0>, C4<0>;
L_000001b9320909a0 .functor OR 1, v000001b9321787c0_0, L_000001b9322096a0, C4<0>, C4<0>;
L_000001b932090930 .functor OR 1, v000001b9321787c0_0, L_000001b932209e20, C4<0>, C4<0>;
L_000001b9320907e0 .functor AND 1, v000001b93216e9e0_0, L_000001b932209880, C4<1>, C4<1>;
L_000001b9320912d0 .functor BUFZ 32, v000001b93216e4e0_0, C4<00000000000000000000000000000000>, C4<00000000000000000000000000000000>, C4<00000000000000000000000000000000>;
L_000001b9320913b0 .functor BUFZ 1, v000001b93216dd60_0, C4<0>, C4<0>, C4<0>;
L_000001b932091420 .functor BUFZ 1, v000001b93216e9e0_0, C4<0>, C4<0>, C4<0>;
L_000001b932091490 .functor BUFZ 1, v000001b93216f0c0_0, C4<0>, C4<0>, C4<0>;
L_000001b932091650 .functor BUFZ 1, v000001b93217a610_0, C4<0>, C4<0>, C4<0>;
L_000001b932091880 .functor BUFZ 1, v000001b932179df0_0, C4<0>, C4<0>, C4<0>;
L_000001b932091ce0 .functor BUFZ 32, v000001b931de1a30_0, C4<00000000000000000000000000000000>, C4<00000000000000000000000000000000>, C4<00000000000000000000000000000000>;
L_000001b932091c00 .functor BUFZ 1, v000001b931de0f90_0, C4<0>, C4<0>, C4<0>;
L_000001b9321ae8f8 .functor BUFT 1, C4<100101>, C4<0>, C4<0>, C4<0>;
v000001b932172230_0 .net/2u *"_ivl_102", 5 0, L_000001b9321ae8f8;  1 drivers
v000001b932172370_0 .net *"_ivl_11", 0 0, L_000001b9320908c0;  1 drivers
L_000001b9321ae9d0 .functor BUFT 1, C4<100101>, C4<0>, C4<0>, C4<0>;
v000001b9321716f0_0 .net/2u *"_ivl_110", 5 0, L_000001b9321ae9d0;  1 drivers
v000001b9321711f0_0 .net *"_ivl_117", 0 0, L_000001b932209880;  1 drivers
v000001b932171790_0 .net *"_ivl_119", 0 0, L_000001b9320907e0;  1 drivers
L_000001b9321ae160 .functor BUFT 1, C4<011110>, C4<0>, C4<0>, C4<0>;
v000001b932172eb0_0 .net/2u *"_ivl_12", 5 0, L_000001b9321ae160;  1 drivers
L_000001b9321aea18 .functor BUFT 1, C4<11110>, C4<0>, C4<0>, C4<0>;
v000001b932172410_0 .net/2u *"_ivl_134", 4 0, L_000001b9321aea18;  1 drivers
v000001b9321733b0_0 .net *"_ivl_138", 31 0, L_000001b932209920;  1 drivers
v000001b9321718d0_0 .net *"_ivl_14", 0 0, L_000001b9321acd00;  1 drivers
L_000001b9321aea60 .functor BUFT 1, C4<00000000000000000000000000000100>, C4<0>, C4<0>, C4<0>;
v000001b932171970_0 .net/2u *"_ivl_142", 31 0, L_000001b9321aea60;  1 drivers
v000001b932172730_0 .net *"_ivl_17", 0 0, L_000001b932092060;  1 drivers
L_000001b9321ae1a8 .functor BUFT 1, C4<011111>, C4<0>, C4<0>, C4<0>;
v000001b932171a10_0 .net/2u *"_ivl_18", 5 0, L_000001b9321ae1a8;  1 drivers
L_000001b9321ae0d0 .functor BUFT 1, C4<011100>, C4<0>, C4<0>, C4<0>;
v000001b932170d90_0 .net/2u *"_ivl_2", 5 0, L_000001b9321ae0d0;  1 drivers
v000001b932171bf0_0 .net *"_ivl_20", 0 0, L_000001b9321ac6c0;  1 drivers
v000001b932172f50_0 .net *"_ivl_23", 0 0, L_000001b932090d90;  1 drivers
v000001b932171c90_0 .net *"_ivl_26", 0 0, L_000001b932091110;  1 drivers
L_000001b9321ae1f0 .functor BUFT 1, C4<100101>, C4<0>, C4<0>, C4<0>;
v000001b932171dd0_0 .net/2u *"_ivl_32", 5 0, L_000001b9321ae1f0;  1 drivers
v000001b932171e70_0 .net *"_ivl_34", 0 0, L_000001b9321aca80;  1 drivers
v000001b9321724b0_0 .net *"_ivl_36", 0 0, L_000001b932090ee0;  1 drivers
L_000001b9321ae238 .functor BUFT 1, C4<100100>, C4<0>, C4<0>, C4<0>;
v000001b932172690_0 .net/2u *"_ivl_38", 5 0, L_000001b9321ae238;  1 drivers
v000001b9321727d0_0 .net *"_ivl_4", 0 0, L_000001b9321acc60;  1 drivers
v000001b932172870_0 .net *"_ivl_40", 0 0, L_000001b9321ac760;  1 drivers
L_000001b9321ae280 .functor BUFT 1, C4<00000000000000000000000000000100>, C4<0>, C4<0>, C4<0>;
v000001b932173090_0 .net/2u *"_ivl_46", 31 0, L_000001b9321ae280;  1 drivers
L_000001b9321ae118 .functor BUFT 1, C4<011101>, C4<0>, C4<0>, C4<0>;
v000001b932173270_0 .net/2u *"_ivl_6", 5 0, L_000001b9321ae118;  1 drivers
L_000001b9321ae478 .functor BUFT 1, C4<00000000000000000000000000000100>, C4<0>, C4<0>, C4<0>;
v000001b932173810_0 .net/2u *"_ivl_60", 31 0, L_000001b9321ae478;  1 drivers
v000001b9321739f0_0 .net *"_ivl_62", 31 0, L_000001b93220a820;  1 drivers
L_000001b9321ae748 .functor BUFT 1, C4<100101>, C4<0>, C4<0>, C4<0>;
v000001b932173ef0_0 .net/2u *"_ivl_72", 5 0, L_000001b9321ae748;  1 drivers
v000001b932173950_0 .net *"_ivl_74", 0 0, L_000001b93220a500;  1 drivers
L_000001b9321ae790 .functor BUFT 1, C4<100100>, C4<0>, C4<0>, C4<0>;
v000001b932173d10_0 .net/2u *"_ivl_76", 5 0, L_000001b9321ae790;  1 drivers
v000001b932173b30_0 .net *"_ivl_78", 0 0, L_000001b93220aaa0;  1 drivers
v000001b9321738b0_0 .net *"_ivl_8", 0 0, L_000001b9321acb20;  1 drivers
L_000001b9321ae7d8 .functor BUFT 1, C4<00000000000000000001000111100000>, C4<0>, C4<0>, C4<0>;
v000001b9321740d0_0 .net/2u *"_ivl_80", 31 0, L_000001b9321ae7d8;  1 drivers
v000001b932173bd0_0 .net *"_ivl_82", 31 0, L_000001b9322097e0;  1 drivers
L_000001b9321ae820 .functor BUFT 1, C4<100100>, C4<0>, C4<0>, C4<0>;
v000001b932173a90_0 .net/2u *"_ivl_86", 5 0, L_000001b9321ae820;  1 drivers
v000001b932173770_0 .net *"_ivl_88", 0 0, L_000001b9322096a0;  1 drivers
L_000001b9321ae868 .functor BUFT 1, C4<100101>, C4<0>, C4<0>, C4<0>;
v000001b932174030_0 .net/2u *"_ivl_92", 5 0, L_000001b9321ae868;  1 drivers
L_000001b9321ae8b0 .functor BUFT 1, C4<100100>, C4<0>, C4<0>, C4<0>;
v000001b932174350_0 .net/2u *"_ivl_96", 5 0, L_000001b9321ae8b0;  1 drivers
v000001b932174670_0 .net *"_ivl_98", 0 0, L_000001b932209e20;  1 drivers
v000001b932174710_0 .net "alu_operand_b", 31 0, L_000001b93220a1e0;  1 drivers
v000001b932174170_0 .net "branch_taken", 0 0, v000001b932087100_0;  1 drivers
v000001b932174210_0 .net "branch_target", 31 0, v000001b932088640_0;  1 drivers
v000001b9321743f0_0 .net "branch_target_final", 31 0, L_000001b932209240;  1 drivers
v000001b932173e50_0 .net "clk", 0 0, v000001b9321ab040_0;  alias, 1 drivers
v000001b932174990_0 .net "dbu_halt_in", 0 0, v000001b932179fd0_0;  alias, 1 drivers
v000001b932173c70_0 .net "dbu_instr", 31 0, L_000001b932091ce0;  alias, 1 drivers
v000001b932173f90_0 .net "dbu_pc", 31 0, L_000001b9322099c0;  alias, 1 drivers
v000001b9321742b0_0 .net "dbu_reg_sel", 4 0, v000001b9321795d0_0;  alias, 1 drivers
v000001b932173db0_0 .net "dbu_reg_val", 31 0, L_000001b9320911f0;  alias, 1 drivers
v000001b9321745d0_0 .net "dbu_valid", 0 0, L_000001b932091c00;  alias, 1 drivers
v000001b932174490_0 .net "dmem_addr", 31 0, L_000001b932209560;  alias, 1 drivers
v000001b932174530_0 .net "dmem_byte", 0 0, L_000001b932091490;  alias, 1 drivers
v000001b932174b70_0 .net "dmem_rdata", 31 0, v000001b932194940_0;  alias, 1 drivers
v000001b9321736d0_0 .net "dmem_re", 0 0, L_000001b932091420;  alias, 1 drivers
v000001b9321747b0_0 .net "dmem_wdata", 31 0, L_000001b9320912d0;  alias, 1 drivers
v000001b932174850_0 .net "dmem_we", 0 0, L_000001b9320913b0;  alias, 1 drivers
v000001b9321748f0_0 .var "epc", 31 0;
v000001b932174a30_0 .var "esr", 7 0;
v000001b932174ad0_0 .net "ex_alu_c", 0 0, v000001b932114250_0;  1 drivers
v000001b932174c10_0 .net "ex_alu_n", 0 0, L_000001b932209060;  1 drivers
v000001b932173590_0 .net "ex_alu_op", 4 0, v000001b931de1fd0_0;  1 drivers
v000001b932173630_0 .net "ex_alu_result", 31 0, v000001b932114110_0;  1 drivers
v000001b932176600_0 .net "ex_alu_src", 0 0, v000001b931de30b0_0;  1 drivers
v000001b932175fc0_0 .net "ex_alu_update_flags", 0 0, v000001b931de35b0_0;  1 drivers
v000001b932176ec0_0 .net "ex_alu_v", 0 0, v000001b932112a90_0;  1 drivers
v000001b9321761a0_0 .net "ex_alu_z", 0 0, L_000001b932208e80;  1 drivers
v000001b932175520_0 .net "ex_branch", 0 0, v000001b931de2e30_0;  1 drivers
v000001b9321757a0_0 .net "ex_halt", 0 0, v000001b931de2070_0;  1 drivers
v000001b932175de0_0 .net "ex_immediate", 31 0, v000001b931de2ed0_0;  1 drivers
v000001b932174e40_0 .net "ex_is_call", 0 0, v000001b931de27f0_0;  1 drivers
v000001b932174ee0_0 .net "ex_is_io_in", 0 0, v000001b931de21b0_0;  1 drivers
v000001b932175840_0 .net "ex_is_io_out", 0 0, v000001b931de2750_0;  1 drivers
v000001b9321752a0_0 .net "ex_is_pop", 0 0, v000001b931de2610_0;  1 drivers
v000001b932176100_0 .net "ex_is_push", 0 0, v000001b931de2250_0;  1 drivers
v000001b932176560_0 .net "ex_is_ret", 0 0, v000001b931de22f0_0;  1 drivers
v000001b932177460_0 .net "ex_jump", 0 0, v000001b931de3150_0;  1 drivers
v000001b9321753e0_0 .net "ex_jump_target", 25 0, v000001b931de2f70_0;  1 drivers
v000001b932175340_0 .net "ex_mem_byte", 0 0, v000001b931de2430_0;  1 drivers
v000001b932174f80_0 .net "ex_mem_read", 0 0, v000001b931de31f0_0;  1 drivers
v000001b932176060_0 .net "ex_mem_to_reg", 0 0, v000001b931de24d0_0;  1 drivers
v000001b932177320_0 .net "ex_mem_write", 0 0, v000001b931de2b10_0;  1 drivers
v000001b9321750c0_0 .net "ex_opcode", 5 0, v000001b931de3010_0;  1 drivers
v000001b932176f60_0 .net "ex_pc_plus4", 31 0, v000001b931de26b0_0;  1 drivers
v000001b9321758e0_0 .net "ex_rd_addr", 4 0, v000001b931de2bb0_0;  1 drivers
v000001b932176240_0 .net "ex_reg_write", 0 0, v000001b931de2c50_0;  1 drivers
v000001b9321762e0_0 .net "ex_rs1_addr", 4 0, v000001b931de2cf0_0;  1 drivers
v000001b9321766a0_0 .net "ex_rs1_data", 31 0, v000001b931de3510_0;  1 drivers
v000001b932175ca0_0 .net "ex_rs2_addr", 4 0, v000001b931de2890_0;  1 drivers
v000001b932175a20_0 .net "ex_rs2_data", 31 0, v000001b931de3290_0;  1 drivers
v000001b932175d40_0 .net "ex_store_data", 31 0, L_000001b9322094c0;  1 drivers
v000001b932176420_0 .net "flush_ex", 0 0, v000001b93216f480_0;  1 drivers
v000001b932175700_0 .net "flush_id", 0 0, v000001b93216f520_0;  1 drivers
v000001b932175020_0 .net "flush_if", 0 0, v000001b93216f840_0;  1 drivers
v000001b932176a60_0 .net "flush_if_extended", 0 0, L_000001b932091570;  1 drivers
v000001b932175660_0 .var "flush_if_reg", 0 0;
v000001b932175480_0 .net "forward_a", 1 0, v000001b93216f340_0;  1 drivers
v000001b9321764c0_0 .net "forward_b", 1 0, v000001b93216e080_0;  1 drivers
v000001b932176380_0 .net "global_stall", 0 0, L_000001b9320915e0;  1 drivers
v000001b932175e80_0 .net "id_alu_op", 4 0, v000001b9320cf660_0;  1 drivers
v000001b932176d80_0 .net "id_alu_src", 0 0, v000001b9320d0ba0_0;  1 drivers
v000001b932176740_0 .net "id_alu_update_flags", 0 0, v000001b9320cf160_0;  1 drivers
v000001b9321755c0_0 .net "id_branch", 0 0, v000001b9320cff20_0;  1 drivers
v000001b932175980_0 .net "id_func", 10 0, L_000001b932208f20;  1 drivers
v000001b932175ac0_0 .net "id_halt", 0 0, v000001b9320d0100_0;  1 drivers
v000001b932177500_0 .net "id_imm16", 15 0, L_000001b932208980;  1 drivers
v000001b932175b60_0 .net "id_imm32_signed", 31 0, L_000001b932208a20;  1 drivers
v000001b9321773c0_0 .net "id_instruction", 31 0, v000001b931de1850_0;  1 drivers
v000001b932175c00_0 .net "id_is_call", 0 0, v000001b932039830_0;  1 drivers
v000001b932175f20_0 .net "id_is_io_in", 0 0, v000001b932039bf0_0;  1 drivers
v000001b932176b00_0 .net "id_is_io_out", 0 0, v000001b93203a050_0;  1 drivers
v000001b932174da0_0 .net "id_is_pop", 0 0, v000001b932039ab0_0;  1 drivers
v000001b9321767e0_0 .net "id_is_push", 0 0, v000001b932039d30_0;  1 drivers
v000001b932176880_0 .net "id_is_ret", 0 0, v000001b932038570_0;  1 drivers
v000001b932176920_0 .net "id_jump", 0 0, v000001b932038750_0;  1 drivers
v000001b9321769c0_0 .net "id_mem_byte", 0 0, v000001b932038d90_0;  1 drivers
v000001b932176e20_0 .net "id_mem_read", 0 0, v000001b932038e30_0;  1 drivers
v000001b932176ce0_0 .net "id_mem_to_reg", 0 0, v000001b9320a3ba0_0;  1 drivers
v000001b932176ba0_0 .net "id_mem_write", 0 0, v000001b9320a2f20_0;  1 drivers
v000001b932177000_0 .net "id_opcode", 5 0, L_000001b9321ac8a0;  1 drivers
v000001b932176c40_0 .net "id_pc_plus4", 31 0, v000001b931de09f0_0;  1 drivers
v000001b9321770a0_0 .net "id_rd", 4 0, L_000001b9321ac9e0;  1 drivers
v000001b932177140_0 .net "id_reg_write", 0 0, v000001b9320a36a0_0;  1 drivers
v000001b9321771e0_0 .net "id_rs1", 4 0, L_000001b932208480;  1 drivers
v000001b932175160_0 .net "id_rs1_data", 31 0, L_000001b93220a8c0;  1 drivers
v000001b932177280_0 .net "id_rs2", 4 0, L_000001b9321ac620;  1 drivers
v000001b932175200_0 .net "id_rs2_data", 31 0, L_000001b932208700;  1 drivers
v000001b932177f00_0 .net "id_rs2_decoded", 4 0, L_000001b93220a140;  1 drivers
v000001b932178680_0 .net "id_target26", 25 0, L_000001b9322087a0;  1 drivers
v000001b932178a40_0 .net "if_instruction", 31 0, v000001b931ddfd70_0;  1 drivers
v000001b932177640_0 .net "if_pc_plus4", 31 0, L_000001b9321ac800;  1 drivers
v000001b932178b80_0 .net "imem_addr", 31 0, L_000001b932091500;  alias, 1 drivers
v000001b932177820_0 .net "imem_rdata", 31 0, L_000001b9321abd60;  alias, 1 drivers
v000001b932177e60_0 .var "in_isr", 0 0;
v000001b932178ae0_0 .var "irq_ack", 0 0;
v000001b932177fa0_0 .net "irq_req", 0 0, v000001b9321989a0_0;  alias, 1 drivers
v000001b9321787c0_0 .var "irq_taken_ack", 0 0;
v000001b9321780e0_0 .net "irq_vector", 31 0, L_000001b932091d50;  alias, 1 drivers
v000001b932178040_0 .net "mem_alu_result", 31 0, v000001b93216ef80_0;  1 drivers
v000001b932177960_0 .net "mem_flags", 7 0, v000001b93216f200_0;  1 drivers
v000001b932178180_0 .net "mem_halt", 0 0, v000001b93216f700_0;  1 drivers
v000001b9321784a0_0 .net "mem_io_addr", 31 0, v000001b93216fa20_0;  1 drivers
v000001b932177c80_0 .net "mem_is_call", 0 0, v000001b93216f020_0;  1 drivers
v000001b932178860_0 .net "mem_is_io_in", 0 0, v000001b93216fb60_0;  1 drivers
v000001b932178220_0 .net "mem_is_io_out", 0 0, v000001b93216fc00_0;  1 drivers
v000001b932177be0_0 .net "mem_is_pop_wire", 0 0, v000001b93216e260_0;  1 drivers
v000001b9321782c0_0 .net "mem_is_push_wire", 0 0, v000001b93216e6c0_0;  1 drivers
v000001b932178900_0 .net "mem_mem_byte", 0 0, v000001b93216f0c0_0;  1 drivers
v000001b932178360_0 .net "mem_mem_read", 0 0, v000001b93216e9e0_0;  1 drivers
v000001b932177a00_0 .net "mem_mem_to_reg", 0 0, v000001b93216e120_0;  1 drivers
v000001b932178720_0 .net "mem_mem_write", 0 0, v000001b93216dd60_0;  1 drivers
v000001b9321785e0_0 .net "mem_pc_plus4", 31 0, v000001b93216e940_0;  1 drivers
v000001b9321778c0_0 .net "mem_rd_addr", 4 0, v000001b93216f3e0_0;  1 drivers
v000001b9321789a0_0 .net "mem_reg_write", 0 0, v000001b93216e440_0;  1 drivers
v000001b932178c20_0 .net "mem_rs2_data", 31 0, v000001b93216e4e0_0;  1 drivers
v000001b932178400_0 .var "operand_a_forwarded", 31 0;
v000001b9321775a0_0 .var "operand_b_forwarded", 31 0;
v000001b932177aa0_0 .net "pc_out", 31 0, v000001b931de1030_0;  1 drivers
v000001b932177d20_0 .var "pc_out_d1", 31 0;
v000001b932178540_0 .var "pc_out_d2", 31 0;
v000001b932177b40_0 .net "rst_n", 0 0, L_000001b9320916c0;  1 drivers
v000001b932177dc0_0 .net "stall_id", 0 0, v000001b931de3650_0;  1 drivers
v000001b932177780_0 .net "stall_if", 0 0, v000001b931de2390_0;  1 drivers
v000001b9321776e0_0 .net "status_out", 7 0, v000001b932171650_0;  1 drivers
v000001b932178ef0_0 .net "wb_alu_result", 31 0, v000001b931de1990_0;  1 drivers
v000001b93217a1b0_0 .net "wb_is_call", 0 0, v000001b931de0270_0;  1 drivers
v000001b93217b330_0 .net "wb_is_pop", 0 0, L_000001b932091880;  1 drivers
v000001b932179df0_0 .var "wb_is_pop_reg", 0 0;
v000001b93217b470_0 .net "wb_is_push", 0 0, L_000001b932091650;  1 drivers
v000001b93217a610_0 .var "wb_is_push_reg", 0 0;
v000001b93217a9d0_0 .net "wb_mem_to_reg", 0 0, v000001b931de0d10_0;  1 drivers
v000001b93217b010_0 .net "wb_pc_plus4", 31 0, v000001b931de0590_0;  1 drivers
v000001b93217a570_0 .net "wb_rd_addr", 4 0, v000001b931de0db0_0;  1 drivers
v000001b932178db0_0 .net "wb_rd_addr_final", 4 0, L_000001b932209600;  1 drivers
v000001b932179d50_0 .net "wb_read_data", 31 0, v000001b931de1a30_0;  1 drivers
v000001b932178e50_0 .net "wb_reg_write", 0 0, v000001b931de0f90_0;  1 drivers
v000001b93217b3d0_0 .net "wb_write_data", 31 0, L_000001b93220a5a0;  1 drivers
E_000001b9320dc110/0 .event negedge, v000001b93216dfe0_0;
E_000001b9320dc110/1 .event posedge, v000001b932113d50_0;
E_000001b9320dc110 .event/or E_000001b9320dc110/0, E_000001b9320dc110/1;
E_000001b9320dc210/0 .event anyedge, v000001b93216f340_0, v000001b93216ef80_0, v000001b9321715b0_0, v000001b931de3510_0;
E_000001b9320dc210/1 .event anyedge, v000001b93216e080_0, v000001b931de3290_0;
E_000001b9320dc210 .event/or E_000001b9320dc210/0, E_000001b9320dc210/1;
L_000001b9321acc60 .cmp/eq 6, L_000001b9321ac8a0, L_000001b9321ae0d0;
L_000001b9321acb20 .cmp/eq 6, L_000001b9321ac8a0, L_000001b9321ae118;
L_000001b9321acd00 .cmp/eq 6, L_000001b9321ac8a0, L_000001b9321ae160;
L_000001b9321ac6c0 .cmp/eq 6, L_000001b9321ac8a0, L_000001b9321ae1a8;
L_000001b9321ac620 .functor MUXZ 5, L_000001b93220a140, L_000001b9321ac9e0, L_000001b932090d90, C4<>;
L_000001b9321aca80 .cmp/eq 6, v000001b931de3010_0, L_000001b9321ae1f0;
L_000001b9321ac760 .cmp/eq 6, v000001b931de3010_0, L_000001b9321ae238;
L_000001b9321ac800 .arith/sum 32, v000001b932178540_0, L_000001b9321ae280;
L_000001b932208ac0 .functor MUXZ 5, L_000001b932208480, v000001b9321795d0_0, v000001b932179fd0_0, C4<>;
L_000001b93220a820 .functor MUXZ 32, v000001b9321775a0_0, v000001b931de2ed0_0, v000001b931de30b0_0, C4<>;
L_000001b93220a1e0 .functor MUXZ 32, L_000001b93220a820, L_000001b9321ae478, v000001b931de2250_0, C4<>;
L_000001b93220a960 .part v000001b932171650_0, 0, 1;
L_000001b93220a000 .part v000001b932171650_0, 1, 1;
L_000001b9322091a0 .part v000001b932171650_0, 3, 1;
L_000001b93220a500 .cmp/eq 6, v000001b931de3010_0, L_000001b9321ae748;
L_000001b93220aaa0 .cmp/eq 6, v000001b931de3010_0, L_000001b9321ae790;
L_000001b9322097e0 .functor MUXZ 32, v000001b932088640_0, L_000001b9321ae7d8, L_000001b93220aaa0, C4<>;
L_000001b932209240 .functor MUXZ 32, L_000001b9322097e0, v000001b9321748f0_0, L_000001b93220a500, C4<>;
L_000001b9322096a0 .cmp/eq 6, v000001b931de3010_0, L_000001b9321ae820;
L_000001b932209380 .cmp/eq 6, v000001b931de3010_0, L_000001b9321ae868;
L_000001b932209e20 .cmp/eq 6, v000001b931de3010_0, L_000001b9321ae8b0;
L_000001b9322092e0 .cmp/eq 6, v000001b931de3010_0, L_000001b9321ae8f8;
L_000001b932209420 .cmp/eq 6, v000001b931de3010_0, L_000001b9321ae9d0;
L_000001b9322094c0 .functor MUXZ 32, v000001b9321775a0_0, v000001b932178400_0, v000001b931de2610_0, C4<>;
L_000001b932209880 .reduce/nor v000001b93216e120_0;
L_000001b932209560 .functor MUXZ 32, v000001b93216ef80_0, v000001b93216e4e0_0, L_000001b9320907e0, C4<>;
L_000001b932209600 .functor MUXZ 5, v000001b931de0db0_0, L_000001b9321aea18, v000001b931de0270_0, C4<>;
L_000001b932209920 .functor MUXZ 32, v000001b931de1990_0, v000001b931de1a30_0, v000001b931de0d10_0, C4<>;
L_000001b93220a5a0 .functor MUXZ 32, L_000001b932209920, v000001b931de0590_0, v000001b931de0270_0, C4<>;
L_000001b9322099c0 .arith/sub 32, v000001b931de0590_0, L_000001b9321aea60;
S_000001b931cd3790 .scope module, "alu_inst" "alu" 6 386, 7 29 0, S_000001b931cd3600;
 .timescale -9 -12;
    .port_info 0 /INPUT 32 "operand_a";
    .port_info 1 /INPUT 32 "operand_b";
    .port_info 2 /INPUT 5 "alu_op";
    .port_info 3 /OUTPUT 32 "result";
    .port_info 4 /OUTPUT 1 "flag_z";
    .port_info 5 /OUTPUT 1 "flag_n";
    .port_info 6 /OUTPUT 1 "flag_c";
    .port_info 7 /OUTPUT 1 "flag_v";
P_000001b931c92ca0 .param/l "ALU_ADD" 1 7 43, C4<00000>;
P_000001b931c92cd8 .param/l "ALU_AND" 1 7 49, C4<00111>;
P_000001b931c92d10 .param/l "ALU_ASR" 1 7 57, C4<01111>;
P_000001b931c92d48 .param/l "ALU_CMP" 1 7 60, C4<10010>;
P_000001b931c92d80 .param/l "ALU_DEC" 1 7 48, C4<00110>;
P_000001b931c92db8 .param/l "ALU_DIV" 1 7 46, C4<00100>;
P_000001b931c92df0 .param/l "ALU_INC" 1 7 47, C4<00101>;
P_000001b931c92e28 .param/l "ALU_LSL" 1 7 55, C4<01101>;
P_000001b931c92e60 .param/l "ALU_LSR" 1 7 56, C4<01110>;
P_000001b931c92e98 .param/l "ALU_MUL" 1 7 45, C4<00011>;
P_000001b931c92ed0 .param/l "ALU_NAND" 1 7 53, C4<01011>;
P_000001b931c92f08 .param/l "ALU_NOR" 1 7 54, C4<01100>;
P_000001b931c92f40 .param/l "ALU_NOT" 1 7 52, C4<01010>;
P_000001b931c92f78 .param/l "ALU_OR" 1 7 50, C4<01000>;
P_000001b931c92fb0 .param/l "ALU_PASSB" 1 7 62, C4<10100>;
P_000001b931c92fe8 .param/l "ALU_ROL" 1 7 58, C4<10000>;
P_000001b931c93020 .param/l "ALU_ROR" 1 7 59, C4<10001>;
P_000001b931c93058 .param/l "ALU_SLT" 1 7 61, C4<10011>;
P_000001b931c93090 .param/l "ALU_SUB" 1 7 44, C4<00010>;
P_000001b931c930c8 .param/l "ALU_XOR" 1 7 51, C4<01001>;
v000001b9321132b0_0 .net *"_ivl_0", 63 0, L_000001b932208840;  1 drivers
L_000001b9321ae550 .functor BUFT 1, C4<00000000000000000000000000000000>, C4<0>, C4<0>, C4<0>;
v000001b932112d10_0 .net/2u *"_ivl_10", 31 0, L_000001b9321ae550;  1 drivers
v000001b9321130d0_0 .net *"_ivl_12", 0 0, L_000001b9322088e0;  1 drivers
v000001b9321128b0_0 .net *"_ivl_14", 31 0, L_000001b932208d40;  1 drivers
L_000001b9321ae598 .functor BUFT 1, C4<11011110101011011011111011101111>, C4<0>, C4<0>, C4<0>;
v000001b932113170_0 .net/2u *"_ivl_16", 31 0, L_000001b9321ae598;  1 drivers
L_000001b9321ae5e0 .functor BUFT 1, C4<0>, C4<0>, C4<0>, C4<0>;
v000001b932113350_0 .net/2u *"_ivl_20", 0 0, L_000001b9321ae5e0;  1 drivers
v000001b932112b30_0 .net *"_ivl_22", 32 0, L_000001b932208b60;  1 drivers
L_000001b9321ae628 .functor BUFT 1, C4<0>, C4<0>, C4<0>, C4<0>;
v000001b9321133f0_0 .net/2u *"_ivl_24", 0 0, L_000001b9321ae628;  1 drivers
v000001b9321126d0_0 .net *"_ivl_26", 32 0, L_000001b932209740;  1 drivers
L_000001b9321ae4c0 .functor BUFT 1, C4<00000000000000000000000000000000>, C4<0>, C4<0>, C4<0>;
v000001b9321138f0_0 .net *"_ivl_3", 31 0, L_000001b9321ae4c0;  1 drivers
L_000001b9321ae670 .functor BUFT 1, C4<0>, C4<0>, C4<0>, C4<0>;
v000001b932112950_0 .net/2u *"_ivl_30", 0 0, L_000001b9321ae670;  1 drivers
v000001b932113a30_0 .net *"_ivl_32", 32 0, L_000001b932208c00;  1 drivers
L_000001b9321ae6b8 .functor BUFT 1, C4<0>, C4<0>, C4<0>, C4<0>;
v000001b932113f30_0 .net/2u *"_ivl_34", 0 0, L_000001b9321ae6b8;  1 drivers
v000001b9321135d0_0 .net *"_ivl_36", 32 0, L_000001b932208ca0;  1 drivers
v000001b932112bd0_0 .net *"_ivl_4", 63 0, L_000001b93220aa00;  1 drivers
L_000001b9321ae700 .functor BUFT 1, C4<00000000000000000000000000000000>, C4<0>, C4<0>, C4<0>;
v000001b932113670_0 .net/2u *"_ivl_42", 31 0, L_000001b9321ae700;  1 drivers
L_000001b9321ae508 .functor BUFT 1, C4<00000000000000000000000000000000>, C4<0>, C4<0>, C4<0>;
v000001b932112770_0 .net *"_ivl_7", 31 0, L_000001b9321ae508;  1 drivers
v000001b932113ad0_0 .net "add_result", 32 0, L_000001b93220a780;  1 drivers
v000001b932113b70_0 .net "alu_op", 4 0, v000001b931de1fd0_0;  alias, 1 drivers
v000001b932113df0_0 .net "div_result", 31 0, L_000001b932208fc0;  1 drivers
v000001b932114250_0 .var "flag_c", 0 0;
v000001b932114390_0 .net "flag_n", 0 0, L_000001b932209060;  alias, 1 drivers
v000001b932112a90_0 .var "flag_v", 0 0;
v000001b932113c10_0 .net "flag_z", 0 0, L_000001b932208e80;  alias, 1 drivers
v000001b932113cb0_0 .net "mul_result", 63 0, L_000001b932209b00;  1 drivers
v000001b932113fd0_0 .net "operand_a", 31 0, v000001b932178400_0;  1 drivers
v000001b932114070_0 .net "operand_b", 31 0, L_000001b93220a1e0;  alias, 1 drivers
v000001b932114110_0 .var "result", 31 0;
v000001b932114430_0 .net "shamt", 4 0, L_000001b932208de0;  1 drivers
v000001b9321144d0_0 .net "sub_result", 32 0, L_000001b93220a320;  1 drivers
E_000001b9320ddad0/0 .event anyedge, v000001b932113b70_0, v000001b932113ad0_0, v000001b932113fd0_0, v000001b932114070_0;
E_000001b9320ddad0/1 .event anyedge, v000001b932114110_0, v000001b9321144d0_0, v000001b932113cb0_0, v000001b932113df0_0;
E_000001b9320ddad0/2 .event anyedge, v000001b932114430_0;
E_000001b9320ddad0 .event/or E_000001b9320ddad0/0, E_000001b9320ddad0/1, E_000001b9320ddad0/2;
L_000001b932208840 .concat [ 32 32 0 0], v000001b932178400_0, L_000001b9321ae4c0;
L_000001b93220aa00 .concat [ 32 32 0 0], L_000001b93220a1e0, L_000001b9321ae508;
L_000001b932209b00 .arith/mult 64, L_000001b932208840, L_000001b93220aa00;
L_000001b9322088e0 .cmp/ne 32, L_000001b93220a1e0, L_000001b9321ae550;
L_000001b932208d40 .arith/div 32, v000001b932178400_0, L_000001b93220a1e0;
L_000001b932208fc0 .functor MUXZ 32, L_000001b9321ae598, L_000001b932208d40, L_000001b9322088e0, C4<>;
L_000001b932208b60 .concat [ 32 1 0 0], v000001b932178400_0, L_000001b9321ae5e0;
L_000001b932209740 .concat [ 32 1 0 0], L_000001b93220a1e0, L_000001b9321ae628;
L_000001b93220a780 .arith/sum 33, L_000001b932208b60, L_000001b932209740;
L_000001b932208c00 .concat [ 32 1 0 0], v000001b932178400_0, L_000001b9321ae670;
L_000001b932208ca0 .concat [ 32 1 0 0], L_000001b93220a1e0, L_000001b9321ae6b8;
L_000001b93220a320 .arith/sub 33, L_000001b932208c00, L_000001b932208ca0;
L_000001b932208de0 .part L_000001b93220a1e0, 0, 5;
L_000001b932208e80 .cmp/eq 32, v000001b932114110_0, L_000001b9321ae700;
L_000001b932209060 .part v000001b932114110_0, 31, 1;
S_000001b931dd72e0 .scope module, "branch_inst" "branch_unit" 6 397, 8 28 0, S_000001b931cd3600;
 .timescale -9 -12;
    .port_info 0 /INPUT 32 "pc_plus4";
    .port_info 1 /INPUT 32 "rs1_data";
    .port_info 2 /INPUT 32 "immediate";
    .port_info 3 /INPUT 26 "jump_target";
    .port_info 4 /INPUT 1 "is_branch";
    .port_info 5 /INPUT 1 "is_jump";
    .port_info 6 /INPUT 1 "is_ret";
    .port_info 7 /INPUT 6 "opcode";
    .port_info 8 /INPUT 1 "flag_z";
    .port_info 9 /INPUT 1 "flag_n";
    .port_info 10 /INPUT 1 "flag_v";
    .port_info 11 /OUTPUT 1 "branch_taken";
    .port_info 12 /OUTPUT 32 "branch_target";
P_000001b932115270 .param/l "OP_BEQ" 1 8 51, C4<011100>;
P_000001b9321152a8 .param/l "OP_BGT" 1 8 54, C4<011111>;
P_000001b9321152e0 .param/l "OP_BLT" 1 8 53, C4<011110>;
P_000001b932115318 .param/l "OP_BNE" 1 8 52, C4<011101>;
v000001b932087100_0 .var "branch_taken", 0 0;
v000001b932088640_0 .var "branch_target", 31 0;
v000001b932086b60_0 .var "cond", 0 0;
v000001b932087420_0 .net "flag_n", 0 0, L_000001b93220a000;  1 drivers
v000001b932086ca0_0 .net "flag_v", 0 0, L_000001b9322091a0;  1 drivers
v000001b932087f60_0 .net "flag_z", 0 0, L_000001b93220a960;  1 drivers
v000001b932087740_0 .net "immediate", 31 0, v000001b931de2ed0_0;  alias, 1 drivers
v000001b932086f20_0 .net "is_branch", 0 0, v000001b931de2e30_0;  alias, 1 drivers
v000001b9320877e0_0 .net "is_jump", 0 0, v000001b931de3150_0;  alias, 1 drivers
v000001b932086fc0_0 .net "is_ret", 0 0, v000001b931de22f0_0;  alias, 1 drivers
v000001b9320cfde0_0 .net "jump_target", 25 0, v000001b931de2f70_0;  alias, 1 drivers
v000001b9320d07e0_0 .net "opcode", 5 0, v000001b931de3010_0;  alias, 1 drivers
v000001b9320cfca0_0 .net "pc_plus4", 31 0, v000001b931de26b0_0;  alias, 1 drivers
v000001b9320d0880_0 .net "rs1_data", 31 0, v000001b932178400_0;  alias, 1 drivers
E_000001b9320ddbd0/0 .event anyedge, v000001b932086fc0_0, v000001b932113fd0_0, v000001b9320877e0_0, v000001b9320cfca0_0;
E_000001b9320ddbd0/1 .event anyedge, v000001b9320cfde0_0, v000001b932086f20_0, v000001b932086b60_0, v000001b932087740_0;
E_000001b9320ddbd0 .event/or E_000001b9320ddbd0/0, E_000001b9320ddbd0/1;
E_000001b9320dd350 .event anyedge, v000001b9320d07e0_0, v000001b932087f60_0, v000001b932087420_0, v000001b932086ca0_0;
S_000001b931dd7470 .scope module, "control_inst" "control_unit" 6 258, 9 79 0, S_000001b931cd3600;
 .timescale -9 -12;
    .port_info 0 /INPUT 6 "opcode";
    .port_info 1 /OUTPUT 5 "alu_op";
    .port_info 2 /OUTPUT 1 "alu_src";
    .port_info 3 /OUTPUT 1 "mem_read";
    .port_info 4 /OUTPUT 1 "mem_write";
    .port_info 5 /OUTPUT 1 "mem_byte";
    .port_info 6 /OUTPUT 1 "reg_write";
    .port_info 7 /OUTPUT 1 "branch";
    .port_info 8 /OUTPUT 1 "jump";
    .port_info 9 /OUTPUT 1 "mem_to_reg";
    .port_info 10 /OUTPUT 1 "alu_update_flags";
    .port_info 11 /OUTPUT 1 "is_call";
    .port_info 12 /OUTPUT 1 "is_ret";
    .port_info 13 /OUTPUT 1 "is_push";
    .port_info 14 /OUTPUT 1 "is_pop";
    .port_info 15 /OUTPUT 1 "halt";
    .port_info 16 /OUTPUT 1 "is_io_in";
    .port_info 17 /OUTPUT 1 "is_io_out";
P_000001b93216d020 .param/l "ALU_ADD" 1 9 143, C4<00000>;
P_000001b93216d058 .param/l "ALU_AND" 1 9 149, C4<00111>;
P_000001b93216d090 .param/l "ALU_ASR" 1 9 157, C4<01111>;
P_000001b93216d0c8 .param/l "ALU_CMP" 1 9 160, C4<10010>;
P_000001b93216d100 .param/l "ALU_DEC" 1 9 148, C4<00110>;
P_000001b93216d138 .param/l "ALU_DIV" 1 9 146, C4<00100>;
P_000001b93216d170 .param/l "ALU_INC" 1 9 147, C4<00101>;
P_000001b93216d1a8 .param/l "ALU_LSL" 1 9 155, C4<01101>;
P_000001b93216d1e0 .param/l "ALU_LSR" 1 9 156, C4<01110>;
P_000001b93216d218 .param/l "ALU_MUL" 1 9 145, C4<00011>;
P_000001b93216d250 .param/l "ALU_NAND" 1 9 153, C4<01011>;
P_000001b93216d288 .param/l "ALU_NOR" 1 9 154, C4<01100>;
P_000001b93216d2c0 .param/l "ALU_NOT" 1 9 152, C4<01010>;
P_000001b93216d2f8 .param/l "ALU_OR" 1 9 150, C4<01000>;
P_000001b93216d330 .param/l "ALU_PASSB" 1 9 162, C4<10100>;
P_000001b93216d368 .param/l "ALU_ROL" 1 9 158, C4<10000>;
P_000001b93216d3a0 .param/l "ALU_ROR" 1 9 159, C4<10001>;
P_000001b93216d3d8 .param/l "ALU_SLT" 1 9 161, C4<10011>;
P_000001b93216d410 .param/l "ALU_SUB" 1 9 144, C4<00010>;
P_000001b93216d448 .param/l "ALU_XOR" 1 9 151, C4<01001>;
P_000001b93216d480 .param/l "OP_ADD" 1 9 103, C4<000001>;
P_000001b93216d4b8 .param/l "OP_ADDI" 1 9 104, C4<000010>;
P_000001b93216d4f0 .param/l "OP_AND" 1 9 110, C4<001000>;
P_000001b93216d528 .param/l "OP_ASR" 1 9 118, C4<010000>;
P_000001b93216d560 .param/l "OP_BEQ" 1 9 130, C4<011100>;
P_000001b93216d598 .param/l "OP_BGT" 1 9 133, C4<011111>;
P_000001b93216d5d0 .param/l "OP_BLT" 1 9 132, C4<011110>;
P_000001b93216d608 .param/l "OP_BNE" 1 9 131, C4<011101>;
P_000001b93216d640 .param/l "OP_CALL" 1 9 128, C4<011010>;
P_000001b93216d678 .param/l "OP_CMP" 1 9 121, C4<010011>;
P_000001b93216d6b0 .param/l "OP_DEC" 1 9 109, C4<000111>;
P_000001b93216d6e8 .param/l "OP_DIV" 1 9 107, C4<000101>;
P_000001b93216d720 .param/l "OP_HALT" 1 9 140, C4<111111>;
P_000001b93216d758 .param/l "OP_IN" 1 9 136, C4<100010>;
P_000001b93216d790 .param/l "OP_INC" 1 9 108, C4<000110>;
P_000001b93216d7c8 .param/l "OP_INT" 1 9 138, C4<100100>;
P_000001b93216d800 .param/l "OP_IRET" 1 9 139, C4<100101>;
P_000001b93216d838 .param/l "OP_JMP" 1 9 127, C4<011001>;
P_000001b93216d870 .param/l "OP_LOAD" 1 9 123, C4<010101>;
P_000001b93216d8a8 .param/l "OP_LOADB" 1 9 125, C4<010111>;
P_000001b93216d8e0 .param/l "OP_LSL" 1 9 116, C4<001110>;
P_000001b93216d918 .param/l "OP_LSR" 1 9 117, C4<001111>;
P_000001b93216d950 .param/l "OP_MUL" 1 9 106, C4<000100>;
P_000001b93216d988 .param/l "OP_NAND" 1 9 114, C4<001100>;
P_000001b93216d9c0 .param/l "OP_NOP" 1 9 102, C4<000000>;
P_000001b93216d9f8 .param/l "OP_NOR" 1 9 115, C4<001101>;
P_000001b93216da30 .param/l "OP_NOT" 1 9 113, C4<001011>;
P_000001b93216da68 .param/l "OP_OR" 1 9 111, C4<001001>;
P_000001b93216daa0 .param/l "OP_OUT" 1 9 137, C4<100011>;
P_000001b93216dad8 .param/l "OP_POP" 1 9 135, C4<100001>;
P_000001b93216db10 .param/l "OP_PUSH" 1 9 134, C4<100000>;
P_000001b93216db48 .param/l "OP_RET" 1 9 129, C4<011011>;
P_000001b93216db80 .param/l "OP_ROL" 1 9 119, C4<010001>;
P_000001b93216dbb8 .param/l "OP_ROR" 1 9 120, C4<010010>;
P_000001b93216dbf0 .param/l "OP_SLT" 1 9 122, C4<010100>;
P_000001b93216dc28 .param/l "OP_STORE" 1 9 124, C4<010110>;
P_000001b93216dc60 .param/l "OP_STOREB" 1 9 126, C4<011000>;
P_000001b93216dc98 .param/l "OP_SUB" 1 9 105, C4<000011>;
P_000001b93216dcd0 .param/l "OP_XOR" 1 9 112, C4<001010>;
v000001b9320cf660_0 .var "alu_op", 4 0;
v000001b9320d0ba0_0 .var "alu_src", 0 0;
v000001b9320cf160_0 .var "alu_update_flags", 0 0;
v000001b9320cff20_0 .var "branch", 0 0;
v000001b9320d0100_0 .var "halt", 0 0;
v000001b932039830_0 .var "is_call", 0 0;
v000001b932039bf0_0 .var "is_io_in", 0 0;
v000001b93203a050_0 .var "is_io_out", 0 0;
v000001b932039ab0_0 .var "is_pop", 0 0;
v000001b932039d30_0 .var "is_push", 0 0;
v000001b932038570_0 .var "is_ret", 0 0;
v000001b932038750_0 .var "jump", 0 0;
v000001b932038d90_0 .var "mem_byte", 0 0;
v000001b932038e30_0 .var "mem_read", 0 0;
v000001b9320a3ba0_0 .var "mem_to_reg", 0 0;
v000001b9320a2f20_0 .var "mem_write", 0 0;
v000001b9320a2fc0_0 .net "opcode", 5 0, L_000001b9321ac8a0;  alias, 1 drivers
v000001b9320a36a0_0 .var "reg_write", 0 0;
E_000001b9320dd210 .event anyedge, v000001b9320a2fc0_0;
S_000001b931dd2e50 .scope module, "decoder_inst" "instruction_decoder" 6 246, 9 22 0, S_000001b931cd3600;
 .timescale -9 -12;
    .port_info 0 /INPUT 32 "instruction";
    .port_info 1 /OUTPUT 6 "opcode";
    .port_info 2 /OUTPUT 5 "rd";
    .port_info 3 /OUTPUT 5 "rs1";
    .port_info 4 /OUTPUT 5 "rs2";
    .port_info 5 /OUTPUT 11 "func";
    .port_info 6 /OUTPUT 16 "imm16";
    .port_info 7 /OUTPUT 26 "target26";
    .port_info 8 /OUTPUT 32 "imm32_signed";
v000001b9320a37e0_0 .net *"_ivl_15", 0 0, L_000001b932209f60;  1 drivers
v000001b9320a3920_0 .net *"_ivl_16", 15 0, L_000001b932209100;  1 drivers
v000001b93201e070_0 .net "func", 10 0, L_000001b932208f20;  alias, 1 drivers
v000001b93201ed90_0 .net "imm16", 15 0, L_000001b932208980;  alias, 1 drivers
v000001b93201f0b0_0 .net "imm32_signed", 31 0, L_000001b932208a20;  alias, 1 drivers
v000001b93201e4d0_0 .net "instruction", 31 0, v000001b931de1850_0;  alias, 1 drivers
v000001b93201ea70_0 .net "opcode", 5 0, L_000001b9321ac8a0;  alias, 1 drivers
v000001b932058870_0 .net "rd", 4 0, L_000001b9321ac9e0;  alias, 1 drivers
v000001b932058910_0 .net "rs1", 4 0, L_000001b932208480;  alias, 1 drivers
v000001b932057010_0 .net "rs2", 4 0, L_000001b93220a140;  alias, 1 drivers
v000001b9320570b0_0 .net "target26", 25 0, L_000001b9322087a0;  alias, 1 drivers
L_000001b9321ac8a0 .part v000001b931de1850_0, 26, 6;
L_000001b9321ac9e0 .part v000001b931de1850_0, 21, 5;
L_000001b932208480 .part v000001b931de1850_0, 16, 5;
L_000001b93220a140 .part v000001b931de1850_0, 11, 5;
L_000001b932208f20 .part v000001b931de1850_0, 0, 11;
L_000001b932208980 .part v000001b931de1850_0, 0, 16;
L_000001b9322087a0 .part v000001b931de1850_0, 0, 26;
L_000001b932209f60 .part L_000001b932208980, 15, 1;
LS_000001b932209100_0_0 .concat [ 1 1 1 1], L_000001b932209f60, L_000001b932209f60, L_000001b932209f60, L_000001b932209f60;
LS_000001b932209100_0_4 .concat [ 1 1 1 1], L_000001b932209f60, L_000001b932209f60, L_000001b932209f60, L_000001b932209f60;
LS_000001b932209100_0_8 .concat [ 1 1 1 1], L_000001b932209f60, L_000001b932209f60, L_000001b932209f60, L_000001b932209f60;
LS_000001b932209100_0_12 .concat [ 1 1 1 1], L_000001b932209f60, L_000001b932209f60, L_000001b932209f60, L_000001b932209f60;
L_000001b932209100 .concat [ 4 4 4 4], LS_000001b932209100_0_0, LS_000001b932209100_0_4, LS_000001b932209100_0_8, LS_000001b932209100_0_12;
L_000001b932208a20 .concat [ 16 16 0 0], L_000001b932208980, L_000001b932209100;
S_000001b931dd2fe0 .scope module, "ex_mem_reg_inst" "ex_mem_reg" 6 473, 10 10 0, S_000001b931cd3600;
 .timescale -9 -12;
    .port_info 0 /INPUT 1 "clk";
    .port_info 1 /INPUT 1 "rst_n";
    .port_info 2 /INPUT 1 "flush";
    .port_info 3 /INPUT 1 "ex_mem_read";
    .port_info 4 /INPUT 1 "ex_mem_write";
    .port_info 5 /INPUT 1 "ex_mem_byte";
    .port_info 6 /INPUT 1 "ex_reg_write";
    .port_info 7 /INPUT 1 "ex_mem_to_reg";
    .port_info 8 /INPUT 1 "ex_is_call";
    .port_info 9 /INPUT 1 "ex_is_push";
    .port_info 10 /INPUT 1 "ex_is_pop";
    .port_info 11 /INPUT 1 "ex_halt";
    .port_info 12 /INPUT 1 "ex_is_io_in";
    .port_info 13 /INPUT 1 "ex_is_io_out";
    .port_info 14 /INPUT 32 "ex_alu_result";
    .port_info 15 /INPUT 32 "ex_rs2_data";
    .port_info 16 /INPUT 5 "ex_rd_addr";
    .port_info 17 /INPUT 32 "ex_pc_plus4";
    .port_info 18 /INPUT 32 "ex_io_addr";
    .port_info 19 /INPUT 8 "ex_flags";
    .port_info 20 /OUTPUT 1 "mem_mem_read";
    .port_info 21 /OUTPUT 1 "mem_mem_write";
    .port_info 22 /OUTPUT 1 "mem_mem_byte";
    .port_info 23 /OUTPUT 1 "mem_reg_write";
    .port_info 24 /OUTPUT 1 "mem_mem_to_reg";
    .port_info 25 /OUTPUT 1 "mem_is_call";
    .port_info 26 /OUTPUT 1 "mem_is_push";
    .port_info 27 /OUTPUT 1 "mem_is_pop";
    .port_info 28 /OUTPUT 1 "mem_halt";
    .port_info 29 /OUTPUT 1 "mem_is_io_in";
    .port_info 30 /OUTPUT 1 "mem_is_io_out";
    .port_info 31 /OUTPUT 32 "mem_alu_result";
    .port_info 32 /OUTPUT 32 "mem_rs2_data";
    .port_info 33 /OUTPUT 5 "mem_rd_addr";
    .port_info 34 /OUTPUT 32 "mem_pc_plus4";
    .port_info 35 /OUTPUT 32 "mem_io_addr";
    .port_info 36 /OUTPUT 8 "mem_flags";
v000001b9320cf5c0_0 .net "clk", 0 0, v000001b9321ab040_0;  alias, 1 drivers
v000001b93216ea80_0 .net "ex_alu_result", 31 0, v000001b932114110_0;  alias, 1 drivers
v000001b93216e580_0 .net "ex_flags", 7 0, v000001b932171650_0;  alias, 1 drivers
v000001b93216e8a0_0 .net "ex_halt", 0 0, v000001b931de2070_0;  alias, 1 drivers
v000001b93216f8e0_0 .net "ex_io_addr", 31 0, v000001b9321775a0_0;  1 drivers
v000001b93216f660_0 .net "ex_is_call", 0 0, v000001b931de27f0_0;  alias, 1 drivers
v000001b93216ec60_0 .net "ex_is_io_in", 0 0, v000001b931de21b0_0;  alias, 1 drivers
v000001b93216e300_0 .net "ex_is_io_out", 0 0, v000001b931de2750_0;  alias, 1 drivers
v000001b93216eb20_0 .net "ex_is_pop", 0 0, v000001b931de2610_0;  alias, 1 drivers
v000001b93216ed00_0 .net "ex_is_push", 0 0, v000001b931de2250_0;  alias, 1 drivers
v000001b93216eda0_0 .net "ex_mem_byte", 0 0, v000001b931de2430_0;  alias, 1 drivers
v000001b93216f160_0 .net "ex_mem_read", 0 0, v000001b931de31f0_0;  alias, 1 drivers
v000001b93216f5c0_0 .net "ex_mem_to_reg", 0 0, v000001b931de24d0_0;  alias, 1 drivers
v000001b93216f980_0 .net "ex_mem_write", 0 0, v000001b931de2b10_0;  alias, 1 drivers
v000001b93216ebc0_0 .net "ex_pc_plus4", 31 0, v000001b931de26b0_0;  alias, 1 drivers
v000001b93216e620_0 .net "ex_rd_addr", 4 0, v000001b931de2bb0_0;  alias, 1 drivers
v000001b93216ee40_0 .net "ex_reg_write", 0 0, v000001b931de2c50_0;  alias, 1 drivers
v000001b93216eee0_0 .net "ex_rs2_data", 31 0, L_000001b9322094c0;  alias, 1 drivers
v000001b93216e3a0_0 .net "flush", 0 0, v000001b93216f480_0;  alias, 1 drivers
v000001b93216ef80_0 .var "mem_alu_result", 31 0;
v000001b93216f200_0 .var "mem_flags", 7 0;
v000001b93216f700_0 .var "mem_halt", 0 0;
v000001b93216fa20_0 .var "mem_io_addr", 31 0;
v000001b93216f020_0 .var "mem_is_call", 0 0;
v000001b93216fb60_0 .var "mem_is_io_in", 0 0;
v000001b93216fc00_0 .var "mem_is_io_out", 0 0;
v000001b93216e260_0 .var "mem_is_pop", 0 0;
v000001b93216e6c0_0 .var "mem_is_push", 0 0;
v000001b93216f0c0_0 .var "mem_mem_byte", 0 0;
v000001b93216e9e0_0 .var "mem_mem_read", 0 0;
v000001b93216e120_0 .var "mem_mem_to_reg", 0 0;
v000001b93216dd60_0 .var "mem_mem_write", 0 0;
v000001b93216e940_0 .var "mem_pc_plus4", 31 0;
v000001b93216f3e0_0 .var "mem_rd_addr", 4 0;
v000001b93216e440_0 .var "mem_reg_write", 0 0;
v000001b93216e4e0_0 .var "mem_rs2_data", 31 0;
v000001b93216dfe0_0 .net "rst_n", 0 0, L_000001b9320916c0;  alias, 1 drivers
S_000001b931dbd890 .scope module, "forward_inst" "forwarding_unit" 6 358, 11 26 0, S_000001b931cd3600;
 .timescale -9 -12;
    .port_info 0 /INPUT 5 "ex_rs1_addr";
    .port_info 1 /INPUT 5 "ex_rs2_addr";
    .port_info 2 /INPUT 1 "exmem_reg_write";
    .port_info 3 /INPUT 5 "exmem_rd_addr";
    .port_info 4 /INPUT 1 "memwb_reg_write";
    .port_info 5 /INPUT 5 "memwb_rd_addr";
    .port_info 6 /OUTPUT 2 "forward_a";
    .port_info 7 /OUTPUT 2 "forward_b";
v000001b93216f2a0_0 .net "ex_rs1_addr", 4 0, v000001b931de2cf0_0;  alias, 1 drivers
v000001b93216e1c0_0 .net "ex_rs2_addr", 4 0, v000001b931de2890_0;  alias, 1 drivers
v000001b93216de00_0 .net "exmem_rd_addr", 4 0, v000001b93216f3e0_0;  alias, 1 drivers
v000001b93216df40_0 .net "exmem_reg_write", 0 0, v000001b93216e440_0;  alias, 1 drivers
v000001b93216f340_0 .var "forward_a", 1 0;
v000001b93216e080_0 .var "forward_b", 1 0;
v000001b93216e760_0 .net "memwb_rd_addr", 4 0, L_000001b932209600;  alias, 1 drivers
v000001b93216fac0_0 .net "memwb_reg_write", 0 0, v000001b931de0f90_0;  alias, 1 drivers
E_000001b9320ddd90/0 .event anyedge, v000001b93216e440_0, v000001b93216f3e0_0, v000001b93216e1c0_0, v000001b93216fac0_0;
E_000001b9320ddd90/1 .event anyedge, v000001b93216e760_0;
E_000001b9320ddd90 .event/or E_000001b9320ddd90/0, E_000001b9320ddd90/1;
E_000001b9320dd810/0 .event anyedge, v000001b93216e440_0, v000001b93216f3e0_0, v000001b93216f2a0_0, v000001b93216fac0_0;
E_000001b9320dd810/1 .event anyedge, v000001b93216e760_0;
E_000001b9320dd810 .event/or E_000001b9320dd810/0, E_000001b9320dd810/1;
S_000001b931dbda20 .scope module, "hazard_inst" "hazard_detection_unit" 6 576, 12 28 0, S_000001b931cd3600;
 .timescale -9 -12;
    .port_info 0 /INPUT 1 "ex_mem_read";
    .port_info 1 /INPUT 5 "ex_rd_addr";
    .port_info 2 /INPUT 5 "id_rs1_addr";
    .port_info 3 /INPUT 5 "id_rs2_addr";
    .port_info 4 /INPUT 1 "branch_taken";
    .port_info 5 /INPUT 1 "jump_taken";
    .port_info 6 /INPUT 1 "irq_taken";
    .port_info 7 /OUTPUT 1 "stall_if";
    .port_info 8 /OUTPUT 1 "stall_id";
    .port_info 9 /OUTPUT 1 "flush_if";
    .port_info 10 /OUTPUT 1 "flush_id";
    .port_info 11 /OUTPUT 1 "flush_ex";
v000001b93216dea0_0 .net "branch_taken", 0 0, v000001b932087100_0;  alias, 1 drivers
v000001b93216f7a0_0 .net "ex_mem_read", 0 0, v000001b931de31f0_0;  alias, 1 drivers
v000001b93216e800_0 .net "ex_rd_addr", 4 0, v000001b931de2bb0_0;  alias, 1 drivers
v000001b93216f480_0 .var "flush_ex", 0 0;
v000001b93216f520_0 .var "flush_id", 0 0;
v000001b93216f840_0 .var "flush_if", 0 0;
v000001b931de2110_0 .net "id_rs1_addr", 4 0, L_000001b932208480;  alias, 1 drivers
v000001b931de2570_0 .net "id_rs2_addr", 4 0, L_000001b9321ac620;  alias, 1 drivers
v000001b931de2930_0 .net "irq_taken", 0 0, v000001b9321787c0_0;  1 drivers
v000001b931de2d90_0 .net "jump_taken", 0 0, v000001b931de3150_0;  alias, 1 drivers
v000001b931de3650_0 .var "stall_id", 0 0;
v000001b931de2390_0 .var "stall_if", 0 0;
E_000001b9320dda50/0 .event anyedge, v000001b93216f160_0, v000001b93216e620_0, v000001b932058910_0, v000001b931de2570_0;
E_000001b9320dda50/1 .event anyedge, v000001b932087100_0, v000001b9320877e0_0, v000001b931de2930_0;
E_000001b9320dda50 .event/or E_000001b9320dda50/0, E_000001b9320dda50/1;
S_000001b931d7e300 .scope module, "id_ex_reg_inst" "id_ex_reg" 6 295, 13 10 0, S_000001b931cd3600;
 .timescale -9 -12;
    .port_info 0 /INPUT 1 "clk";
    .port_info 1 /INPUT 1 "rst_n";
    .port_info 2 /INPUT 1 "flush";
    .port_info 3 /INPUT 1 "stall";
    .port_info 4 /INPUT 6 "id_opcode";
    .port_info 5 /INPUT 5 "id_alu_op";
    .port_info 6 /INPUT 1 "id_alu_src";
    .port_info 7 /INPUT 1 "id_mem_read";
    .port_info 8 /INPUT 1 "id_mem_write";
    .port_info 9 /INPUT 1 "id_mem_byte";
    .port_info 10 /INPUT 1 "id_reg_write";
    .port_info 11 /INPUT 1 "id_branch";
    .port_info 12 /INPUT 1 "id_jump";
    .port_info 13 /INPUT 1 "id_alu_update_flags";
    .port_info 14 /INPUT 1 "id_mem_to_reg";
    .port_info 15 /INPUT 1 "id_is_call";
    .port_info 16 /INPUT 1 "id_is_ret";
    .port_info 17 /INPUT 1 "id_is_push";
    .port_info 18 /INPUT 1 "id_is_pop";
    .port_info 19 /INPUT 1 "id_halt";
    .port_info 20 /INPUT 1 "id_is_io_in";
    .port_info 21 /INPUT 1 "id_is_io_out";
    .port_info 22 /INPUT 32 "id_pc_plus4";
    .port_info 23 /INPUT 32 "id_rs1_data";
    .port_info 24 /INPUT 32 "id_rs2_data";
    .port_info 25 /INPUT 32 "id_immediate";
    .port_info 26 /INPUT 5 "id_rd_addr";
    .port_info 27 /INPUT 5 "id_rs1_addr";
    .port_info 28 /INPUT 5 "id_rs2_addr";
    .port_info 29 /INPUT 26 "id_jump_target";
    .port_info 30 /OUTPUT 6 "ex_opcode";
    .port_info 31 /OUTPUT 5 "ex_alu_op";
    .port_info 32 /OUTPUT 1 "ex_alu_src";
    .port_info 33 /OUTPUT 1 "ex_mem_read";
    .port_info 34 /OUTPUT 1 "ex_mem_write";
    .port_info 35 /OUTPUT 1 "ex_mem_byte";
    .port_info 36 /OUTPUT 1 "ex_reg_write";
    .port_info 37 /OUTPUT 1 "ex_branch";
    .port_info 38 /OUTPUT 1 "ex_jump";
    .port_info 39 /OUTPUT 1 "ex_alu_update_flags";
    .port_info 40 /OUTPUT 1 "ex_mem_to_reg";
    .port_info 41 /OUTPUT 1 "ex_is_call";
    .port_info 42 /OUTPUT 1 "ex_is_ret";
    .port_info 43 /OUTPUT 1 "ex_is_push";
    .port_info 44 /OUTPUT 1 "ex_is_pop";
    .port_info 45 /OUTPUT 1 "ex_halt";
    .port_info 46 /OUTPUT 1 "ex_is_io_in";
    .port_info 47 /OUTPUT 1 "ex_is_io_out";
    .port_info 48 /OUTPUT 32 "ex_pc_plus4";
    .port_info 49 /OUTPUT 32 "ex_rs1_data";
    .port_info 50 /OUTPUT 32 "ex_rs2_data";
    .port_info 51 /OUTPUT 32 "ex_immediate";
    .port_info 52 /OUTPUT 5 "ex_rd_addr";
    .port_info 53 /OUTPUT 5 "ex_rs1_addr";
    .port_info 54 /OUTPUT 5 "ex_rs2_addr";
    .port_info 55 /OUTPUT 26 "ex_jump_target";
v000001b931de2a70_0 .net "clk", 0 0, v000001b9321ab040_0;  alias, 1 drivers
v000001b931de1fd0_0 .var "ex_alu_op", 4 0;
v000001b931de30b0_0 .var "ex_alu_src", 0 0;
v000001b931de35b0_0 .var "ex_alu_update_flags", 0 0;
v000001b931de2e30_0 .var "ex_branch", 0 0;
v000001b931de2070_0 .var "ex_halt", 0 0;
v000001b931de2ed0_0 .var "ex_immediate", 31 0;
v000001b931de27f0_0 .var "ex_is_call", 0 0;
v000001b931de21b0_0 .var "ex_is_io_in", 0 0;
v000001b931de2750_0 .var "ex_is_io_out", 0 0;
v000001b931de2610_0 .var "ex_is_pop", 0 0;
v000001b931de2250_0 .var "ex_is_push", 0 0;
v000001b931de22f0_0 .var "ex_is_ret", 0 0;
v000001b931de3150_0 .var "ex_jump", 0 0;
v000001b931de2f70_0 .var "ex_jump_target", 25 0;
v000001b931de2430_0 .var "ex_mem_byte", 0 0;
v000001b931de31f0_0 .var "ex_mem_read", 0 0;
v000001b931de24d0_0 .var "ex_mem_to_reg", 0 0;
v000001b931de2b10_0 .var "ex_mem_write", 0 0;
v000001b931de3010_0 .var "ex_opcode", 5 0;
v000001b931de26b0_0 .var "ex_pc_plus4", 31 0;
v000001b931de2bb0_0 .var "ex_rd_addr", 4 0;
v000001b931de2c50_0 .var "ex_reg_write", 0 0;
v000001b931de2cf0_0 .var "ex_rs1_addr", 4 0;
v000001b931de3510_0 .var "ex_rs1_data", 31 0;
v000001b931de2890_0 .var "ex_rs2_addr", 4 0;
v000001b931de3290_0 .var "ex_rs2_data", 31 0;
v000001b931de3330_0 .net "flush", 0 0, v000001b93216f520_0;  alias, 1 drivers
v000001b931de29d0_0 .net "id_alu_op", 4 0, v000001b9320cf660_0;  alias, 1 drivers
v000001b931de33d0_0 .net "id_alu_src", 0 0, v000001b9320d0ba0_0;  alias, 1 drivers
v000001b931de3470_0 .net "id_alu_update_flags", 0 0, v000001b9320cf160_0;  alias, 1 drivers
v000001b931de1350_0 .net "id_branch", 0 0, v000001b9320cff20_0;  alias, 1 drivers
v000001b931ddfe10_0 .net "id_halt", 0 0, v000001b9320d0100_0;  alias, 1 drivers
v000001b931de0b30_0 .net "id_immediate", 31 0, L_000001b932208a20;  alias, 1 drivers
v000001b931de0450_0 .net "id_is_call", 0 0, v000001b932039830_0;  alias, 1 drivers
v000001b931de1210_0 .net "id_is_io_in", 0 0, v000001b932039bf0_0;  alias, 1 drivers
v000001b931de0bd0_0 .net "id_is_io_out", 0 0, v000001b93203a050_0;  alias, 1 drivers
v000001b931de1f30_0 .net "id_is_pop", 0 0, v000001b932039ab0_0;  alias, 1 drivers
v000001b931de08b0_0 .net "id_is_push", 0 0, v000001b932039d30_0;  alias, 1 drivers
v000001b931de1490_0 .net "id_is_ret", 0 0, v000001b932038570_0;  alias, 1 drivers
v000001b931ddf7d0_0 .net "id_jump", 0 0, v000001b932038750_0;  alias, 1 drivers
v000001b931de0950_0 .net "id_jump_target", 25 0, L_000001b9322087a0;  alias, 1 drivers
v000001b931de15d0_0 .net "id_mem_byte", 0 0, v000001b932038d90_0;  alias, 1 drivers
v000001b931de0770_0 .net "id_mem_read", 0 0, v000001b932038e30_0;  alias, 1 drivers
v000001b931ddfb90_0 .net "id_mem_to_reg", 0 0, v000001b9320a3ba0_0;  alias, 1 drivers
v000001b931ddf9b0_0 .net "id_mem_write", 0 0, v000001b9320a2f20_0;  alias, 1 drivers
v000001b931ddfcd0_0 .net "id_opcode", 5 0, L_000001b9321ac8a0;  alias, 1 drivers
v000001b931de01d0_0 .net "id_pc_plus4", 31 0, v000001b931de09f0_0;  alias, 1 drivers
v000001b931de1670_0 .net "id_rd_addr", 4 0, L_000001b9321ac9e0;  alias, 1 drivers
v000001b931de1b70_0 .net "id_reg_write", 0 0, v000001b9320a36a0_0;  alias, 1 drivers
v000001b931de0810_0 .net "id_rs1_addr", 4 0, L_000001b932208480;  alias, 1 drivers
v000001b931de1c10_0 .net "id_rs1_data", 31 0, L_000001b93220a8c0;  alias, 1 drivers
v000001b931ddff50_0 .net "id_rs2_addr", 4 0, L_000001b9321ac620;  alias, 1 drivers
v000001b931de1cb0_0 .net "id_rs2_data", 31 0, L_000001b932208700;  alias, 1 drivers
v000001b931de12b0_0 .net "rst_n", 0 0, L_000001b9320916c0;  alias, 1 drivers
v000001b931de18f0_0 .net "stall", 0 0, L_000001b932091260;  1 drivers
S_000001b931d7e490 .scope module, "if_id_reg_inst" "if_id_reg" 6 231, 14 18 0, S_000001b931cd3600;
 .timescale -9 -12;
    .port_info 0 /INPUT 1 "clk";
    .port_info 1 /INPUT 1 "rst_n";
    .port_info 2 /INPUT 1 "stall";
    .port_info 3 /INPUT 1 "flush";
    .port_info 4 /INPUT 32 "if_pc_plus4";
    .port_info 5 /INPUT 32 "if_instruction";
    .port_info 6 /OUTPUT 32 "id_pc_plus4";
    .port_info 7 /OUTPUT 32 "id_instruction";
P_000001b9320dd850 .param/l "NOP" 1 14 33, C4<00000000000000000000000000000000>;
v000001b931de1530_0 .net "clk", 0 0, v000001b9321ab040_0;  alias, 1 drivers
v000001b931de13f0_0 .net "flush", 0 0, L_000001b932091570;  alias, 1 drivers
v000001b931de1850_0 .var "id_instruction", 31 0;
v000001b931de09f0_0 .var "id_pc_plus4", 31 0;
v000001b931de1df0_0 .net "if_instruction", 31 0, v000001b931ddfd70_0;  alias, 1 drivers
v000001b931ddfeb0_0 .net "if_pc_plus4", 31 0, L_000001b9321ac800;  alias, 1 drivers
v000001b931de1e90_0 .net "rst_n", 0 0, L_000001b9320916c0;  alias, 1 drivers
v000001b931de1170_0 .net "stall", 0 0, L_000001b932091030;  1 drivers
S_000001b931d25bc0 .scope module, "ir_inst" "instruction_register" 6 222, 15 17 0, S_000001b931cd3600;
 .timescale -9 -12;
    .port_info 0 /INPUT 1 "clk";
    .port_info 1 /INPUT 1 "rst_n";
    .port_info 2 /INPUT 1 "stall";
    .port_info 3 /INPUT 1 "flush";
    .port_info 4 /INPUT 32 "instruction_in";
    .port_info 5 /OUTPUT 32 "instruction_out";
P_000001b9320ddf90 .param/l "NOP_INSTR" 1 15 32, C4<00000000000000000000000000000000>;
v000001b931ddfa50_0 .net "clk", 0 0, v000001b9321ab040_0;  alias, 1 drivers
v000001b931de0310_0 .net "flush", 0 0, L_000001b932091570;  alias, 1 drivers
v000001b931ddfff0_0 .net "instruction_in", 31 0, L_000001b9321abd60;  alias, 1 drivers
v000001b931ddfd70_0 .var "instruction_out", 31 0;
v000001b931de0090_0 .net "rst_n", 0 0, L_000001b9320916c0;  alias, 1 drivers
v000001b931de0c70_0 .net "stall", 0 0, L_000001b932091b90;  1 drivers
S_000001b9321703b0 .scope module, "mem_wb_reg_inst" "mem_wb_reg" 6 543, 16 18 0, S_000001b931cd3600;
 .timescale -9 -12;
    .port_info 0 /INPUT 1 "clk";
    .port_info 1 /INPUT 1 "rst_n";
    .port_info 2 /INPUT 1 "mem_reg_write";
    .port_info 3 /INPUT 1 "mem_mem_to_reg";
    .port_info 4 /INPUT 1 "mem_is_call";
    .port_info 5 /INPUT 32 "mem_read_data";
    .port_info 6 /INPUT 32 "mem_alu_result";
    .port_info 7 /INPUT 5 "mem_rd_addr";
    .port_info 8 /INPUT 32 "mem_pc_plus4";
    .port_info 9 /OUTPUT 1 "wb_reg_write";
    .port_info 10 /OUTPUT 1 "wb_mem_to_reg";
    .port_info 11 /OUTPUT 1 "wb_is_call";
    .port_info 12 /OUTPUT 32 "wb_read_data";
    .port_info 13 /OUTPUT 32 "wb_alu_result";
    .port_info 14 /OUTPUT 5 "wb_rd_addr";
    .port_info 15 /OUTPUT 32 "wb_pc_plus4";
v000001b931ddf870_0 .net "clk", 0 0, v000001b9321ab040_0;  alias, 1 drivers
v000001b931ddf910_0 .net "mem_alu_result", 31 0, v000001b93216ef80_0;  alias, 1 drivers
v000001b931de0130_0 .net "mem_is_call", 0 0, v000001b93216f020_0;  alias, 1 drivers
v000001b931de0a90_0 .net "mem_mem_to_reg", 0 0, v000001b93216e120_0;  alias, 1 drivers
v000001b931de03b0_0 .net "mem_pc_plus4", 31 0, v000001b93216e940_0;  alias, 1 drivers
v000001b931de04f0_0 .net "mem_rd_addr", 4 0, v000001b93216f3e0_0;  alias, 1 drivers
v000001b931ddfaf0_0 .net "mem_read_data", 31 0, v000001b932194940_0;  alias, 1 drivers
v000001b931de1d50_0 .net "mem_reg_write", 0 0, v000001b93216e440_0;  alias, 1 drivers
v000001b931ddfc30_0 .net "rst_n", 0 0, L_000001b9320916c0;  alias, 1 drivers
v000001b931de1990_0 .var "wb_alu_result", 31 0;
v000001b931de0270_0 .var "wb_is_call", 0 0;
v000001b931de0d10_0 .var "wb_mem_to_reg", 0 0;
v000001b931de0590_0 .var "wb_pc_plus4", 31 0;
v000001b931de0db0_0 .var "wb_rd_addr", 4 0;
v000001b931de1a30_0 .var "wb_read_data", 31 0;
v000001b931de0f90_0 .var "wb_reg_write", 0 0;
S_000001b932170b80 .scope module, "pc_inst" "program_counter" 6 197, 17 19 0, S_000001b931cd3600;
 .timescale -9 -12;
    .port_info 0 /INPUT 1 "clk";
    .port_info 1 /INPUT 1 "rst_n";
    .port_info 2 /INPUT 1 "stall";
    .port_info 3 /INPUT 1 "pc_load";
    .port_info 4 /INPUT 32 "pc_load_addr";
    .port_info 5 /INPUT 1 "irq_load";
    .port_info 6 /INPUT 32 "irq_vector";
    .port_info 7 /OUTPUT 32 "pc_out";
P_000001b9320dda10 .param/l "BOOT_ADDR" 1 17 39, C4<00000000000000000000000000000000>;
v000001b931de0e50_0 .net "clk", 0 0, v000001b9321ab040_0;  alias, 1 drivers
v000001b931de0ef0_0 .net "irq_load", 0 0, v000001b9321787c0_0;  alias, 1 drivers
v000001b931de0630_0 .net "irq_vector", 31 0, L_000001b932091d50;  alias, 1 drivers
v000001b931de1ad0_0 .net "pc_load", 0 0, L_000001b932092370;  1 drivers
v000001b931de06d0_0 .net "pc_load_addr", 31 0, L_000001b932209240;  alias, 1 drivers
v000001b931de1030_0 .var "pc_out", 31 0;
v000001b931de10d0_0 .net "rst_n", 0 0, L_000001b9320916c0;  alias, 1 drivers
v000001b931de1710_0 .net "stall", 0 0, L_000001b932092140;  1 drivers
S_000001b932170860 .scope module, "reg_file_inst" "register_file" 6 279, 18 15 0, S_000001b931cd3600;
 .timescale -9 -12;
    .port_info 0 /INPUT 1 "clk";
    .port_info 1 /INPUT 1 "rst_n";
    .port_info 2 /INPUT 1 "we";
    .port_info 3 /INPUT 5 "rd_addr";
    .port_info 4 /INPUT 32 "rd_data";
    .port_info 5 /INPUT 5 "rs1_addr";
    .port_info 6 /OUTPUT 32 "rs1_data";
    .port_info 7 /INPUT 5 "rs2_addr";
    .port_info 8 /OUTPUT 32 "rs2_data";
    .port_info 9 /INPUT 1 "wb_is_push";
    .port_info 10 /INPUT 1 "wb_is_pop";
L_000001b9321ae2c8 .functor BUFT 1, C4<00000>, C4<0>, C4<0>, C4<0>;
v000001b931de17b0_0 .net/2u *"_ivl_0", 4 0, L_000001b9321ae2c8;  1 drivers
L_000001b9321ae358 .functor BUFT 1, C4<00>, C4<0>, C4<0>, C4<0>;
v000001b932171830_0 .net *"_ivl_11", 1 0, L_000001b9321ae358;  1 drivers
L_000001b9321ae3a0 .functor BUFT 1, C4<00000>, C4<0>, C4<0>, C4<0>;
v000001b9321713d0_0 .net/2u *"_ivl_14", 4 0, L_000001b9321ae3a0;  1 drivers
v000001b932171470_0 .net *"_ivl_16", 0 0, L_000001b93220a280;  1 drivers
L_000001b9321ae3e8 .functor BUFT 1, C4<00000000000000000000000000000000>, C4<0>, C4<0>, C4<0>;
v000001b932171d30_0 .net/2u *"_ivl_18", 31 0, L_000001b9321ae3e8;  1 drivers
v000001b932172050_0 .net *"_ivl_2", 0 0, L_000001b93220ab40;  1 drivers
v000001b932170e30_0 .net *"_ivl_20", 31 0, L_000001b93220abe0;  1 drivers
v000001b932172a50_0 .net *"_ivl_22", 6 0, L_000001b932208520;  1 drivers
L_000001b9321ae430 .functor BUFT 1, C4<00>, C4<0>, C4<0>, C4<0>;
v000001b932171f10_0 .net *"_ivl_25", 1 0, L_000001b9321ae430;  1 drivers
L_000001b9321ae310 .functor BUFT 1, C4<00000000000000000000000000000000>, C4<0>, C4<0>, C4<0>;
v000001b932172b90_0 .net/2u *"_ivl_4", 31 0, L_000001b9321ae310;  1 drivers
v000001b9321731d0_0 .net *"_ivl_6", 31 0, L_000001b9322085c0;  1 drivers
v000001b932170f70_0 .net *"_ivl_8", 6 0, L_000001b932208660;  1 drivers
v000001b932173450_0 .net "clk", 0 0, v000001b9321ab040_0;  alias, 1 drivers
v000001b932172550_0 .var/i "i", 31 0;
v000001b932172af0_0 .net "rd_addr", 4 0, L_000001b932209600;  alias, 1 drivers
v000001b9321715b0_0 .net "rd_data", 31 0, L_000001b93220a5a0;  alias, 1 drivers
v000001b932173310 .array "regs", 31 0, 31 0;
v000001b932172910_0 .net "rs1_addr", 4 0, L_000001b932208ac0;  1 drivers
v000001b932173130_0 .net "rs1_data", 31 0, L_000001b93220a8c0;  alias, 1 drivers
v000001b9321722d0_0 .net "rs2_addr", 4 0, L_000001b9321ac620;  alias, 1 drivers
v000001b932172c30_0 .net "rs2_data", 31 0, L_000001b932208700;  alias, 1 drivers
v000001b932171fb0_0 .net "rst_n", 0 0, L_000001b9320916c0;  alias, 1 drivers
v000001b932171ab0_0 .net "wb_is_pop", 0 0, L_000001b932091880;  alias, 1 drivers
v000001b9321734f0_0 .net "wb_is_push", 0 0, L_000001b932091650;  alias, 1 drivers
v000001b932171330_0 .net "we", 0 0, v000001b931de0f90_0;  alias, 1 drivers
L_000001b93220ab40 .cmp/eq 5, L_000001b932208ac0, L_000001b9321ae2c8;
L_000001b9322085c0 .array/port v000001b932173310, L_000001b932208660;
L_000001b932208660 .concat [ 5 2 0 0], L_000001b932208ac0, L_000001b9321ae358;
L_000001b93220a8c0 .functor MUXZ 32, L_000001b9322085c0, L_000001b9321ae310, L_000001b93220ab40, C4<>;
L_000001b93220a280 .cmp/eq 5, L_000001b9321ac620, L_000001b9321ae3a0;
L_000001b93220abe0 .array/port v000001b932173310, L_000001b932208520;
L_000001b932208520 .concat [ 5 2 0 0], L_000001b9321ac620, L_000001b9321ae430;
L_000001b932208700 .functor MUXZ 32, L_000001b93220abe0, L_000001b9321ae3e8, L_000001b93220a280, C4<>;
S_000001b932170090 .scope module, "status_reg_inst" "status_register" 6 417, 19 26 0, S_000001b931cd3600;
 .timescale -9 -12;
    .port_info 0 /INPUT 1 "clk";
    .port_info 1 /INPUT 1 "rst_n";
    .port_info 2 /INPUT 1 "alu_update";
    .port_info 3 /INPUT 1 "alu_z";
    .port_info 4 /INPUT 1 "alu_n";
    .port_info 5 /INPUT 1 "alu_c";
    .port_info 6 /INPUT 1 "alu_v";
    .port_info 7 /INPUT 1 "irq_disable_i";
    .port_info 8 /INPUT 1 "irq_enable_i";
    .port_info 9 /INPUT 1 "set_supervisor";
    .port_info 10 /INPUT 1 "clr_supervisor";
    .port_info 11 /INPUT 1 "set_timer_flag";
    .port_info 12 /INPUT 1 "clr_timer_flag";
    .port_info 13 /INPUT 1 "direct_write";
    .port_info 14 /INPUT 8 "direct_data";
    .port_info 15 /OUTPUT 8 "status";
P_000001b931d25d50 .param/l "BIT_C" 1 19 58, +C4<00000000000000000000000000000010>;
P_000001b931d25d88 .param/l "BIT_H" 1 19 61, +C4<00000000000000000000000000000101>;
P_000001b931d25dc0 .param/l "BIT_I" 1 19 60, +C4<00000000000000000000000000000100>;
P_000001b931d25df8 .param/l "BIT_N" 1 19 57, +C4<00000000000000000000000000000001>;
P_000001b931d25e30 .param/l "BIT_S" 1 19 63, +C4<00000000000000000000000000000111>;
P_000001b931d25e68 .param/l "BIT_T" 1 19 62, +C4<00000000000000000000000000000110>;
P_000001b931d25ea0 .param/l "BIT_V" 1 19 59, +C4<00000000000000000000000000000011>;
P_000001b931d25ed8 .param/l "BIT_Z" 1 19 56, +C4<00000000000000000000000000000000>;
v000001b932170ed0_0 .net "alu_c", 0 0, v000001b932114250_0;  alias, 1 drivers
v000001b932172cd0_0 .net "alu_n", 0 0, L_000001b932209060;  alias, 1 drivers
v000001b9321720f0_0 .net "alu_update", 0 0, v000001b931de35b0_0;  alias, 1 drivers
v000001b932171510_0 .net "alu_v", 0 0, v000001b932112a90_0;  alias, 1 drivers
v000001b932171010_0 .net "alu_z", 0 0, L_000001b932208e80;  alias, 1 drivers
v000001b932171150_0 .net "clk", 0 0, v000001b9321ab040_0;  alias, 1 drivers
v000001b9321710b0_0 .net "clr_supervisor", 0 0, L_000001b9322092e0;  1 drivers
L_000001b9321ae988 .functor BUFT 1, C4<0>, C4<0>, C4<0>, C4<0>;
v000001b932171290_0 .net "clr_timer_flag", 0 0, L_000001b9321ae988;  1 drivers
v000001b9321725f0_0 .net "direct_data", 7 0, v000001b932174a30_0;  1 drivers
v000001b932172d70_0 .net "direct_write", 0 0, L_000001b932209420;  1 drivers
v000001b932171b50_0 .net "irq_disable_i", 0 0, L_000001b9320909a0;  1 drivers
v000001b9321729b0_0 .net "irq_enable_i", 0 0, L_000001b932209380;  1 drivers
v000001b932172ff0_0 .net "rst_n", 0 0, L_000001b9320916c0;  alias, 1 drivers
v000001b932172e10_0 .net "set_supervisor", 0 0, L_000001b932090930;  1 drivers
L_000001b9321ae940 .functor BUFT 1, C4<0>, C4<0>, C4<0>, C4<0>;
v000001b932172190_0 .net "set_timer_flag", 0 0, L_000001b9321ae940;  1 drivers
v000001b932171650_0 .var "status", 7 0;
S_000001b932170540 .scope module, "crc_inst" "crc_engine" 4 428, 20 20 0, S_000001b931db72a0;
 .timescale -9 -12;
    .port_info 0 /INPUT 1 "clk";
    .port_info 1 /INPUT 1 "rst_n";
    .port_info 2 /INPUT 2 "reg_addr";
    .port_info 3 /INPUT 1 "reg_we";
    .port_info 4 /INPUT 32 "reg_wdata";
    .port_info 5 /OUTPUT 32 "reg_rdata";
    .port_info 6 /OUTPUT 1 "busy";
P_000001b9320ccb50 .param/l "POLY_16" 1 20 40, C4<0001000000100001>;
P_000001b9320ccb88 .param/l "POLY_32" 1 20 39, C4<00000100110000010001110110110111>;
v000001b93217b510_0 .var "bit_count", 5 0;
v000001b9321798f0_0 .var "busy", 0 0;
v000001b932178f90_0 .var "calc_in_progress", 0 0;
v000001b93217ae30_0 .net "clk", 0 0, v000001b9321ab040_0;  alias, 1 drivers
v000001b932179530_0 .var "crc_accum", 31 0;
v000001b93217a930_0 .var "crc_en", 0 0;
v000001b9321793f0_0 .var "crc_mode", 0 0;
v000001b93217a110_0 .var "data_shift", 31 0;
v000001b932179a30_0 .net "reg_addr", 1 0, L_000001b93220b860;  1 drivers
v000001b93217a250_0 .var "reg_rdata", 31 0;
v000001b932179030_0 .net "reg_wdata", 31 0, L_000001b932091960;  alias, 1 drivers
v000001b93217aa70_0 .net "reg_we", 0 0, L_000001b932093f00;  1 drivers
v000001b9321790d0_0 .net "rst_n", 0 0, L_000001b932093bf0;  1 drivers
E_000001b9320dd390/0 .event anyedge, v000001b932179a30_0, v000001b932178f90_0, v000001b9321793f0_0, v000001b93217a930_0;
E_000001b9320dd390/1 .event anyedge, v000001b932179530_0;
E_000001b9320dd390 .event/or E_000001b9320dd390/0, E_000001b9320dd390/1;
E_000001b9320dda90/0 .event negedge, v000001b9321790d0_0;
E_000001b9320dda90/1 .event posedge, v000001b932113d50_0;
E_000001b9320dda90 .event/or E_000001b9320dda90/0, E_000001b9320dda90/1;
S_000001b9321706d0 .scope module, "dbu_inst" "debug_unit" 4 439, 21 21 0, S_000001b931db72a0;
 .timescale -9 -12;
    .port_info 0 /INPUT 1 "clk";
    .port_info 1 /INPUT 1 "rst_n";
    .port_info 2 /INPUT 4 "reg_addr";
    .port_info 3 /INPUT 1 "reg_we";
    .port_info 4 /INPUT 32 "reg_wdata";
    .port_info 5 /OUTPUT 32 "reg_rdata";
    .port_info 6 /INPUT 32 "wb_pc";
    .port_info 7 /INPUT 32 "wb_instr";
    .port_info 8 /INPUT 1 "wb_valid";
    .port_info 9 /INPUT 32 "reg_file_val";
    .port_info 10 /OUTPUT 5 "reg_file_sel";
    .port_info 11 /OUTPUT 1 "dbu_halt";
v000001b932179cb0_0 .net "clk", 0 0, v000001b9321ab040_0;  alias, 1 drivers
v000001b932179210_0 .var "cycle_count", 63 0;
v000001b93217a2f0_0 .var "dbu_en", 0 0;
v000001b932179fd0_0 .var "dbu_halt", 0 0;
v000001b93217b150_0 .var "instr_count", 63 0;
v000001b93217a390_0 .var "last_instr", 31 0;
v000001b932179990_0 .var "last_pc", 31 0;
v000001b93217b1f0_0 .net "reg_addr", 3 0, L_000001b93220b040;  1 drivers
v000001b93217a430_0 .net "reg_file_sel", 4 0, v000001b9321795d0_0;  alias, 1 drivers
v000001b93217a070_0 .net "reg_file_val", 31 0, L_000001b9320911f0;  alias, 1 drivers
v000001b93217a6b0_0 .var "reg_rdata", 31 0;
v000001b9321795d0_0 .var "reg_select", 4 0;
v000001b932179e90_0 .net "reg_wdata", 31 0, L_000001b932091960;  alias, 1 drivers
v000001b93217a890_0 .net "reg_we", 0 0, L_000001b932092450;  1 drivers
v000001b93217a7f0_0 .net "rst_n", 0 0, L_000001b932092a00;  1 drivers
v000001b93217acf0_0 .net "wb_instr", 31 0, L_000001b932091ce0;  alias, 1 drivers
v000001b93217a4d0_0 .net "wb_pc", 31 0, L_000001b9322099c0;  alias, 1 drivers
v000001b932179170_0 .net "wb_valid", 0 0, L_000001b932091c00;  alias, 1 drivers
E_000001b9320dd2d0/0 .event anyedge, v000001b93217b1f0_0, v000001b932174990_0, v000001b93217a2f0_0, v000001b932179210_0;
E_000001b9320dd2d0/1 .event anyedge, v000001b93217b150_0, v000001b932179990_0, v000001b93217a390_0, v000001b932173db0_0;
E_000001b9320dd2d0/2 .event anyedge, v000001b9321795d0_0;
E_000001b9320dd2d0 .event/or E_000001b9320dd2d0/0, E_000001b9320dd2d0/1, E_000001b9320dd2d0/2;
E_000001b9320ddcd0/0 .event negedge, v000001b93217a7f0_0;
E_000001b9320ddcd0/1 .event posedge, v000001b932113d50_0;
E_000001b9320ddcd0 .event/or E_000001b9320ddcd0/0, E_000001b9320ddcd0/1;
S_000001b932170220 .scope module, "dram_inst" "data_ram" 4 307, 22 31 0, S_000001b931db72a0;
 .timescale -9 -12;
    .port_info 0 /INPUT 1 "clk";
    .port_info 1 /INPUT 1 "we";
    .port_info 2 /INPUT 4 "be";
    .port_info 3 /INPUT 13 "addr";
    .port_info 4 /INPUT 32 "wdata";
    .port_info 5 /OUTPUT 32 "rdata";
P_000001b9320ddc50 .param/l "ADDR_WIDTH" 0 22 32, +C4<00000000000000000000000000001101>;
v000001b932179ad0_0 .net "addr", 12 0, L_000001b93220b720;  alias, 1 drivers
v000001b932179f30_0 .net "be", 3 0, L_000001b93220adc0;  alias, 1 drivers
v000001b932179670_0 .net "clk", 0 0, v000001b9321ab040_0;  alias, 1 drivers
v000001b93217ab10_0 .var/i "i", 31 0;
v000001b93217a750 .array "mem", 8191 0, 31 0;
v000001b93217abb0_0 .var "rdata", 31 0;
v000001b93217ac50_0 .net "wdata", 31 0, L_000001b93220bfe0;  alias, 1 drivers
v000001b93217ad90_0 .net "we", 0 0, L_000001b932091a40;  alias, 1 drivers
S_000001b93216fd70 .scope module, "ee_drv_inst" "eeprom_driver" 4 483, 23 20 0, S_000001b931db72a0;
 .timescale -9 -12;
    .port_info 0 /INPUT 1 "clk";
    .port_info 1 /INPUT 1 "rst_n";
    .port_info 2 /INPUT 2 "reg_addr";
    .port_info 3 /INPUT 1 "reg_we";
    .port_info 4 /INPUT 32 "reg_wdata";
    .port_info 5 /OUTPUT 32 "reg_rdata";
    .port_info 6 /OUTPUT 1 "scl_oe";
    .port_info 7 /OUTPUT 1 "sda_oe";
    .port_info 8 /INPUT 1 "scl_in";
    .port_info 9 /INPUT 1 "sda_in";
P_000001b931d04b10 .param/l "I2C_DIV" 1 23 73, C4<0000000111110100>;
P_000001b931d04b48 .param/l "ST_ADDR_H" 1 23 42, C4<0100>;
P_000001b931d04b80 .param/l "ST_ADDR_H_ACK" 1 23 43, C4<0101>;
P_000001b931d04bb8 .param/l "ST_ADDR_L" 1 23 44, C4<0110>;
P_000001b931d04bf0 .param/l "ST_ADDR_L_ACK" 1 23 45, C4<0111>;
P_000001b931d04c28 .param/l "ST_DEV_ACK1" 1 23 41, C4<0011>;
P_000001b931d04c60 .param/l "ST_DEV_ACK2" 1 23 52, C4<1100>;
P_000001b931d04c98 .param/l "ST_DEV_READ" 1 23 51, C4<1011>;
P_000001b931d04cd0 .param/l "ST_DEV_WRITE" 1 23 40, C4<0010>;
P_000001b931d04d08 .param/l "ST_IDLE" 1 23 38, C4<0000>;
P_000001b931d04d40 .param/l "ST_RD_DATA" 1 23 53, C4<1101>;
P_000001b931d04d78 .param/l "ST_RD_NACK" 1 23 54, C4<1110>;
P_000001b931d04db0 .param/l "ST_REP_START" 1 23 50, C4<1010>;
P_000001b931d04de8 .param/l "ST_START" 1 23 39, C4<0001>;
P_000001b931d04e20 .param/l "ST_STOP" 1 23 56, C4<1111>;
P_000001b931d04e58 .param/l "ST_WR_ACK" 1 23 48, C4<1001>;
P_000001b931d04e90 .param/l "ST_WR_DATA" 1 23 47, C4<1000>;
v000001b93217aed0_0 .var "bit_cnt", 3 0;
v000001b93217af70_0 .var "busy", 0 0;
v000001b9321792b0_0 .net "clk", 0 0, v000001b9321ab040_0;  alias, 1 drivers
v000001b932179350_0 .var "clk_phase", 0 0;
v000001b93217b0b0_0 .var "delay_cnt", 15 0;
v000001b93217b290_0 .var "ee_addr_h", 7 0;
v000001b932179490_0 .var "ee_addr_l", 7 0;
v000001b932179710_0 .var "ee_data_rd", 7 0;
v000001b932179b70_0 .var "ee_data_wr", 7 0;
v000001b9321797b0_0 .var "read_req", 0 0;
v000001b932179850_0 .net "reg_addr", 1 0, L_000001b93220c760;  1 drivers
v000001b932179c10_0 .var "reg_rdata", 31 0;
v000001b93217ca50_0 .net "reg_wdata", 31 0, L_000001b932091960;  alias, 1 drivers
v000001b93217caf0_0 .net "reg_we", 0 0, L_000001b932092a70;  1 drivers
v000001b93217c910_0 .net "rst_n", 0 0, L_000001b932092530;  1 drivers
v000001b93217bc90_0 .net "scl_in", 0 0, L_000001b9321aa780;  alias, 1 drivers
v000001b93217b6f0_0 .var "scl_oe", 0 0;
v000001b93217bbf0_0 .net "sda_in", 0 0, L_000001b9321aa8c0;  alias, 1 drivers
v000001b93217b790_0 .var "sda_oe", 0 0;
v000001b93217ba10_0 .var "state", 3 0;
v000001b93217bd30_0 .var "write_req", 0 0;
E_000001b9320dd550/0 .event anyedge, v000001b932179850_0, v000001b93217af70_0, v000001b93217bd30_0, v000001b9321797b0_0;
E_000001b9320dd550/1 .event anyedge, v000001b93217b290_0, v000001b932179490_0, v000001b932179710_0;
E_000001b9320dd550 .event/or E_000001b9320dd550/0, E_000001b9320dd550/1;
E_000001b9320ddb10/0 .event negedge, v000001b93217c910_0;
E_000001b9320ddb10/1 .event posedge, v000001b932113d50_0;
E_000001b9320ddb10 .event/or E_000001b9320ddb10/0, E_000001b9320ddb10/1;
S_000001b93216ff00 .scope module, "gpio_inst" "gpio" 4 333, 24 21 0, S_000001b931db72a0;
 .timescale -9 -12;
    .port_info 0 /INPUT 1 "clk";
    .port_info 1 /INPUT 1 "rst_n";
    .port_info 2 /INPUT 32 "pin_in";
    .port_info 3 /OUTPUT 32 "pin_out";
    .port_info 4 /OUTPUT 32 "pin_oe";
    .port_info 5 /INPUT 3 "reg_addr";
    .port_info 6 /INPUT 1 "reg_we";
    .port_info 7 /INPUT 32 "reg_wdata";
    .port_info 8 /OUTPUT 32 "reg_rdata";
    .port_info 9 /OUTPUT 1 "irq";
L_000001b932090f50 .functor BUFZ 32, v000001b93217be70_0, C4<00000000000000000000000000000000>, C4<00000000000000000000000000000000>, C4<00000000000000000000000000000000>;
L_000001b932090a10 .functor BUFZ 32, v000001b93217b970_0, C4<00000000000000000000000000000000>, C4<00000000000000000000000000000000>, C4<00000000000000000000000000000000>;
L_000001b9320924c0 .functor NOT 32, v000001b93217b5b0_0, C4<00000000000000000000000000000000>, C4<00000000000000000000000000000000>, C4<00000000000000000000000000000000>;
L_000001b932092e60 .functor AND 32, L_000001b9320924c0, v000001b93217bb50_0, C4<11111111111111111111111111111111>, C4<11111111111111111111111111111111>;
L_000001b932093170 .functor NOT 32, v000001b93217bb50_0, C4<00000000000000000000000000000000>, C4<00000000000000000000000000000000>, C4<00000000000000000000000000000000>;
L_000001b932093640 .functor AND 32, v000001b93217b5b0_0, L_000001b932093170, C4<11111111111111111111111111111111>, C4<11111111111111111111111111111111>;
v000001b93217bdd0_0 .net *"_ivl_4", 31 0, L_000001b9320924c0;  1 drivers
v000001b93217b830_0 .net *"_ivl_8", 31 0, L_000001b932093170;  1 drivers
v000001b93217bfb0_0 .net "clk", 0 0, v000001b9321ab040_0;  alias, 1 drivers
v000001b93217be70_0 .var "data_out", 31 0;
v000001b93217b970_0 .var "dir_reg", 31 0;
v000001b93217b650_0 .net "falling", 31 0, L_000001b932093640;  1 drivers
v000001b93217b8d0_0 .var "irq", 0 0;
v000001b93217cb90_0 .var "irq_both", 31 0;
v000001b93217bab0_0 .var "irq_edge", 31 0;
v000001b93217c050_0 .var "irq_mask", 31 0;
v000001b93217cc30_0 .var "irq_status", 31 0;
v000001b93217c190_0 .net "pin_in", 31 0, v000001b9321ab2c0_0;  alias, 1 drivers
v000001b93217c9b0_0 .net "pin_oe", 31 0, L_000001b932090a10;  alias, 1 drivers
v000001b93217c370_0 .net "pin_out", 31 0, L_000001b932090f50;  alias, 1 drivers
v000001b93217b5b0_0 .var "pin_prev", 31 0;
v000001b93217c410_0 .var "pin_sync0", 31 0;
v000001b93217bb50_0 .var "pin_sync1", 31 0;
v000001b93217c4b0_0 .net "reg_addr", 2 0, L_000001b93220c1c0;  1 drivers
v000001b93217c550_0 .var "reg_rdata", 31 0;
v000001b93217bf10_0 .net "reg_wdata", 31 0, L_000001b932091960;  alias, 1 drivers
v000001b93217c0f0_0 .net "reg_we", 0 0, L_000001b932093b10;  1 drivers
v000001b93217c230_0 .net "rising", 31 0, L_000001b932092e60;  1 drivers
v000001b93217c2d0_0 .net "rst_n", 0 0, L_000001b932093e90;  1 drivers
E_000001b9320dd410/0 .event anyedge, v000001b93217c4b0_0, v000001b93217be70_0, v000001b93217bb50_0, v000001b93217b970_0;
E_000001b9320dd410/1 .event anyedge, v000001b93217c050_0, v000001b93217bab0_0, v000001b93217cb90_0, v000001b93217cc30_0;
E_000001b9320dd410 .event/or E_000001b9320dd410/0, E_000001b9320dd410/1;
S_000001b9321709f0 .scope module, "i2c_inst" "i2c_master" 4 378, 25 22 0, S_000001b931db72a0;
 .timescale -9 -12;
    .port_info 0 /INPUT 1 "clk";
    .port_info 1 /INPUT 1 "rst_n";
    .port_info 2 /OUTPUT 1 "scl_oe";
    .port_info 3 /OUTPUT 1 "sda_oe";
    .port_info 4 /INPUT 1 "scl_in";
    .port_info 5 /INPUT 1 "sda_in";
    .port_info 6 /INPUT 3 "reg_addr";
    .port_info 7 /INPUT 1 "reg_we";
    .port_info 8 /INPUT 32 "reg_wdata";
    .port_info 9 /OUTPUT 32 "reg_rdata";
    .port_info 10 /OUTPUT 1 "irq";
P_000001b931d1ed70 .param/l "ST_ADDR" 1 25 59, C4<0010>;
P_000001b931d1eda8 .param/l "ST_ADDR_ACK" 1 25 60, C4<0011>;
P_000001b931d1ede0 .param/l "ST_DONE" 1 25 66, C4<1001>;
P_000001b931d1ee18 .param/l "ST_IDLE" 1 25 57, C4<0000>;
P_000001b931d1ee50 .param/l "ST_READ" 1 25 63, C4<0110>;
P_000001b931d1ee88 .param/l "ST_READ_ACK" 1 25 64, C4<0111>;
P_000001b931d1eec0 .param/l "ST_START" 1 25 58, C4<0001>;
P_000001b931d1eef8 .param/l "ST_STOP" 1 25 65, C4<1000>;
P_000001b931d1ef30 .param/l "ST_WRITE" 1 25 61, C4<0100>;
P_000001b931d1ef68 .param/l "ST_WRITE_ACK" 1 25 62, C4<0101>;
v000001b93217c5f0_0 .var "ack_en", 0 0;
v000001b93217c690_0 .var "ack_rcvd", 0 0;
v000001b93217c730_0 .var "bit_cnt", 3 0;
v000001b93217c7d0_0 .var "busy", 0 0;
v000001b93217c870_0 .net "clk", 0 0, v000001b9321ab040_0;  alias, 1 drivers
v000001b932191560_0 .var "clk_phase", 0 0;
v000001b932193180_0 .var "div_cnt", 15 0;
v000001b932193360_0 .var "divider", 15 0;
v000001b9321916a0_0 .var "done", 0 0;
v000001b932191060_0 .var "irq", 0 0;
v000001b932191ce0_0 .var "nack", 0 0;
v000001b932191380_0 .net "reg_addr", 2 0, L_000001b93220b5e0;  1 drivers
v000001b932191600_0 .var "reg_rdata", 31 0;
v000001b932191b00_0 .net "reg_wdata", 31 0, L_000001b932091960;  alias, 1 drivers
v000001b932190de0_0 .net "reg_we", 0 0, L_000001b932093b80;  1 drivers
v000001b932191920_0 .net "rst_n", 0 0, L_000001b9320936b0;  1 drivers
v000001b932191ec0_0 .var "rw_bit", 0 0;
v000001b9321921e0_0 .var "rx_data", 7 0;
v000001b932191100_0 .net "scl_in", 0 0, L_000001b9321aa280;  alias, 1 drivers
v000001b932191e20_0 .var "scl_oe", 0 0;
v000001b932191420_0 .net "sda_in", 0 0, L_000001b9321abf40;  alias, 1 drivers
v000001b932190e80_0 .var "sda_oe", 0 0;
v000001b932190f20_0 .var "send_start", 0 0;
v000001b9321917e0_0 .var "send_stop", 0 0;
v000001b9321912e0_0 .var "shift_reg", 7 0;
v000001b932192000_0 .var "slave_addr", 6 0;
v000001b9321934a0_0 .var "state", 3 0;
v000001b9321919c0_0 .var "tx_data", 7 0;
E_000001b9320dd590/0 .event anyedge, v000001b932191380_0, v000001b93217c690_0, v000001b93217c5f0_0, v000001b932191ec0_0;
E_000001b9320dd590/1 .event anyedge, v000001b9321917e0_0, v000001b932190f20_0, v000001b932192000_0, v000001b9321921e0_0;
E_000001b9320dd590/2 .event anyedge, v000001b932193360_0, v000001b932191ce0_0, v000001b93217c7d0_0, v000001b9321916a0_0;
E_000001b9320dd590 .event/or E_000001b9320dd590/0, E_000001b9320dd590/1, E_000001b9320dd590/2;
S_000001b932199bf0 .scope module, "irom_inst" "instruction_rom" 4 298, 26 24 0, S_000001b931db72a0;
 .timescale -9 -12;
    .port_info 0 /INPUT 1 "clk";
    .port_info 1 /INPUT 12 "addr";
    .port_info 2 /OUTPUT 32 "data_out";
P_000001b9320ccdd0 .param/l "ADDR_WIDTH" 0 26 25, +C4<00000000000000000000000000001100>;
P_000001b9320cce08 .param/str "MEM_FILE" 0 26 26, "c:/Users/nitin/OneDrive/Desktop/32_Bit/prog_temp.hex";
v000001b932191a60_0 .net "addr", 11 0, L_000001b9321abc20;  alias, 1 drivers
v000001b932192140_0 .net "clk", 0 0, v000001b9321ab040_0;  alias, 1 drivers
v000001b932193540_0 .var "data_out", 31 0;
v000001b9321930e0_0 .var/i "i", 31 0;
v000001b932190fc0 .array "mem", 4095 0, 31 0;
S_000001b932198de0 .scope module, "keypad_drv_inst" "keypad_driver" 4 509, 27 23 0, S_000001b931db72a0;
 .timescale -9 -12;
    .port_info 0 /INPUT 1 "clk";
    .port_info 1 /INPUT 1 "rst_n";
    .port_info 2 /INPUT 2 "reg_addr";
    .port_info 3 /INPUT 1 "reg_we";
    .port_info 4 /INPUT 32 "reg_wdata";
    .port_info 5 /OUTPUT 32 "reg_rdata";
    .port_info 6 /OUTPUT 4 "cols";
    .port_info 7 /INPUT 4 "rows";
    .port_info 8 /OUTPUT 1 "irq";
P_000001b931d25f20 .param/l "ST_COL0" 1 27 42, C4<00>;
P_000001b931d25f58 .param/l "ST_COL1" 1 27 43, C4<01>;
P_000001b931d25f90 .param/l "ST_COL2" 1 27 44, C4<10>;
P_000001b931d25fc8 .param/l "ST_COL3" 1 27 45, C4<11>;
v000001b932191740_0 .net "clk", 0 0, v000001b9321ab040_0;  alias, 1 drivers
v000001b932191f60_0 .var "cols", 3 0;
v000001b9321928c0_0 .var "irq", 0 0;
v000001b932192780_0 .var "irq_en", 0 0;
v000001b932192d20_0 .var "key_code", 3 0;
v000001b9321920a0_0 .var "key_present", 0 0;
v000001b932192280_0 .var "key_ready", 0 0;
v000001b932193220_0 .net "reg_addr", 1 0, L_000001b93220c300;  1 drivers
v000001b932192dc0_0 .var "reg_rdata", 31 0;
v000001b932191880_0 .net "reg_wdata", 31 0, L_000001b932091960;  alias, 1 drivers
v000001b932192aa0_0 .net "reg_we", 0 0, L_000001b932093560;  1 drivers
v000001b932192b40_0 .net "rows", 3 0, v000001b9321a9e20_0;  alias, 1 drivers
v000001b9321914c0_0 .var "rows_sync0", 3 0;
v000001b932192e60_0 .var "rows_sync1", 3 0;
v000001b932192320_0 .net "rst_n", 0 0, L_000001b9320931e0;  1 drivers
v000001b9321923c0_0 .var "scan_div", 19 0;
v000001b932191240_0 .var "scan_tick", 0 0;
v000001b932192960_0 .var "state", 1 0;
E_000001b9320dd610/0 .event anyedge, v000001b932193220_0, v000001b932192d20_0, v000001b932192280_0, v000001b9321920a0_0;
E_000001b9320dd610/1 .event anyedge, v000001b932192780_0;
E_000001b9320dd610 .event/or E_000001b9320dd610/0, E_000001b9320dd610/1;
E_000001b9320dd0d0/0 .event negedge, v000001b932192320_0;
E_000001b9320dd0d0/1 .event posedge, v000001b932113d50_0;
E_000001b9320dd0d0 .event/or E_000001b9320dd0d0/0, E_000001b9320dd0d0/1;
S_000001b932199d80 .scope module, "lcd_drv_inst" "lcd_driver" 4 455, 28 22 0, S_000001b931db72a0;
 .timescale -9 -12;
    .port_info 0 /INPUT 1 "clk";
    .port_info 1 /INPUT 1 "rst_n";
    .port_info 2 /INPUT 2 "reg_addr";
    .port_info 3 /INPUT 1 "reg_we";
    .port_info 4 /INPUT 32 "reg_wdata";
    .port_info 5 /OUTPUT 32 "reg_rdata";
    .port_info 6 /OUTPUT 1 "lcd_rs";
    .port_info 7 /OUTPUT 1 "lcd_rw";
    .port_info 8 /OUTPUT 1 "lcd_e";
    .port_info 9 /OUTPUT 8 "lcd_db";
P_000001b932117800 .param/l "ST_DELAY" 1 28 44, C4<100>;
P_000001b932117838 .param/l "ST_HOLD" 1 28 43, C4<011>;
P_000001b932117870 .param/l "ST_IDLE" 1 28 40, C4<000>;
P_000001b9321178a8 .param/l "ST_PULSE" 1 28 42, C4<010>;
P_000001b9321178e0 .param/l "ST_SETUP" 1 28 41, C4<001>;
P_000001b932117918 .param/l "T_DELAY" 1 28 60, C4<00000001001110001000>;
P_000001b932117950 .param/l "T_HOLD" 1 28 59, C4<00000000000000001010>;
P_000001b932117988 .param/l "T_PULSE" 1 28 58, C4<00000000000000110010>;
P_000001b9321179c0 .param/l "T_SETUP" 1 28 57, C4<00000000000000001010>;
v000001b932191ba0_0 .var "busy", 0 0;
v000001b932191c40_0 .net "clk", 0 0, v000001b9321ab040_0;  alias, 1 drivers
v000001b932191d80_0 .var "delay_cnt", 19 0;
v000001b932192460_0 .var "lcd_db", 7 0;
v000001b932193040_0 .var "lcd_e", 0 0;
v000001b932192a00_0 .var "lcd_rs", 0 0;
v000001b932192640_0 .var "lcd_rw", 0 0;
v000001b932192500_0 .net "reg_addr", 1 0, L_000001b93220bae0;  1 drivers
v000001b9321925a0_0 .var "reg_rdata", 31 0;
v000001b9321926e0_0 .net "reg_wdata", 31 0, L_000001b932091960;  alias, 1 drivers
v000001b932192820_0 .net "reg_we", 0 0, L_000001b932092d10;  1 drivers
v000001b932192be0_0 .net "rst_n", 0 0, L_000001b932093a30;  1 drivers
v000001b932192c80_0 .var "state", 2 0;
v000001b932192f00_0 .var "tx_byte", 7 0;
v000001b932192fa0_0 .var "tx_rs", 0 0;
E_000001b9320ddfd0/0 .event anyedge, v000001b932192500_0, v000001b932191ba0_0, v000001b932192640_0, v000001b932192a00_0;
E_000001b9320ddfd0/1 .event anyedge, v000001b932192f00_0;
E_000001b9320ddfd0 .event/or E_000001b9320ddfd0/0, E_000001b9320ddfd0/1;
E_000001b9320de010/0 .event negedge, v000001b932192be0_0;
E_000001b9320de010/1 .event posedge, v000001b932113d50_0;
E_000001b9320de010 .event/or E_000001b9320de010/0, E_000001b9320de010/1;
S_000001b932199f10 .scope module, "mem_ctrl_inst" "memory_controller" 4 231, 29 10 0, S_000001b931db72a0;
 .timescale -9 -12;
    .port_info 0 /INPUT 1 "clk";
    .port_info 1 /INPUT 1 "rst_n";
    .port_info 2 /INPUT 32 "cpu_addr";
    .port_info 3 /INPUT 1 "cpu_we";
    .port_info 4 /INPUT 1 "cpu_re";
    .port_info 5 /INPUT 32 "cpu_wdata";
    .port_info 6 /INPUT 1 "cpu_byte";
    .port_info 7 /OUTPUT 32 "cpu_rdata";
    .port_info 8 /OUTPUT 1 "cpu_ready";
    .port_info 9 /OUTPUT 8 "boot_addr";
    .port_info 10 /INPUT 32 "boot_rdata";
    .port_info 11 /OUTPUT 12 "irom_addr";
    .port_info 12 /INPUT 32 "irom_rdata";
    .port_info 13 /OUTPUT 13 "dram_addr";
    .port_info 14 /OUTPUT 1 "dram_we";
    .port_info 15 /OUTPUT 4 "dram_be";
    .port_info 16 /OUTPUT 32 "dram_wdata";
    .port_info 17 /INPUT 32 "dram_rdata";
    .port_info 18 /INPUT 32 "gpio_rdata";
    .port_info 19 /INPUT 32 "uart_rdata";
    .port_info 20 /INPUT 32 "spi_rdata";
    .port_info 21 /INPUT 32 "i2c_rdata";
    .port_info 22 /INPUT 32 "timer_rdata";
    .port_info 23 /INPUT 32 "pwm_rdata";
    .port_info 24 /INPUT 32 "irq_ctrl_rdata";
    .port_info 25 /INPUT 32 "wdog_rdata";
    .port_info 26 /INPUT 32 "debug_rdata";
    .port_info 27 /INPUT 32 "lcd_rdata";
    .port_info 28 /INPUT 32 "oled_rdata";
    .port_info 29 /INPUT 32 "eeprom_rdata";
    .port_info 30 /INPUT 32 "seven_seg_rdata";
    .port_info 31 /INPUT 32 "keypad_rdata";
    .port_info 32 /INPUT 32 "ultrasonic_rdata";
    .port_info 33 /INPUT 32 "temp_sensor_rdata";
    .port_info 34 /OUTPUT 1 "gpio_cs";
    .port_info 35 /OUTPUT 1 "uart_cs";
    .port_info 36 /OUTPUT 1 "spi_cs";
    .port_info 37 /OUTPUT 1 "i2c_cs";
    .port_info 38 /OUTPUT 1 "timer_cs";
    .port_info 39 /OUTPUT 1 "pwm_cs";
    .port_info 40 /OUTPUT 1 "irq_ctrl_cs";
    .port_info 41 /OUTPUT 1 "wdog_cs";
    .port_info 42 /OUTPUT 1 "debug_cs";
    .port_info 43 /OUTPUT 1 "lcd_cs";
    .port_info 44 /OUTPUT 1 "oled_cs";
    .port_info 45 /OUTPUT 1 "eeprom_cs";
    .port_info 46 /OUTPUT 1 "seven_seg_cs";
    .port_info 47 /OUTPUT 1 "keypad_cs";
    .port_info 48 /OUTPUT 1 "ultrasonic_cs";
    .port_info 49 /OUTPUT 1 "temp_sensor_cs";
    .port_info 50 /OUTPUT 1 "periph_we";
    .port_info 51 /OUTPUT 8 "periph_addr";
    .port_info 52 /OUTPUT 32 "periph_wdata";
L_000001b9320917a0 .functor AND 1, L_000001b932209c40, L_000001b932209d80, C4<1>, C4<1>;
L_000001b932091810 .functor AND 1, L_000001b9320917a0, L_000001b932209ec0, C4<1>, C4<1>;
L_000001b9320918f0 .functor AND 1, L_000001b932091810, L_000001b93220a0a0, C4<1>, C4<1>;
L_000001b932090a80 .functor AND 1, L_000001b93220a460, L_000001b93220a640, C4<1>, C4<1>;
L_000001b932091960 .functor BUFZ 32, L_000001b9320912d0, C4<00000000000000000000000000000000>, C4<00000000000000000000000000000000>, C4<00000000000000000000000000000000>;
L_000001b932091a40 .functor AND 1, L_000001b9320913b0, L_000001b932090a80, C4<1>, C4<1>;
v000001b9321932c0_0 .net *"_ivl_1", 21 0, L_000001b932209a60;  1 drivers
v000001b932193400_0 .net *"_ivl_10", 0 0, L_000001b932209c40;  1 drivers
v000001b932193860_0 .net *"_ivl_13", 1 0, L_000001b932209ce0;  1 drivers
L_000001b9321aeb38 .functor BUFT 1, C4<00>, C4<0>, C4<0>, C4<0>;
v000001b932194620_0 .net/2u *"_ivl_14", 1 0, L_000001b9321aeb38;  1 drivers
v000001b932195ca0_0 .net *"_ivl_16", 0 0, L_000001b932209d80;  1 drivers
v000001b9321944e0_0 .net *"_ivl_19", 0 0, L_000001b9320917a0;  1 drivers
L_000001b9321aeaa8 .functor BUFT 1, C4<0000000000000000000000>, C4<0>, C4<0>, C4<0>;
v000001b932194c60_0 .net/2u *"_ivl_2", 21 0, L_000001b9321aeaa8;  1 drivers
L_000001b9321aeb80 .functor BUFT 1, C4<00000000000000000001000000000000>, C4<0>, C4<0>, C4<0>;
v000001b932193f40_0 .net/2u *"_ivl_20", 31 0, L_000001b9321aeb80;  1 drivers
v000001b932195b60_0 .net *"_ivl_22", 0 0, L_000001b932209ec0;  1 drivers
v000001b932193ea0_0 .net *"_ivl_25", 0 0, L_000001b932091810;  1 drivers
L_000001b9321aebc8 .functor BUFT 1, C4<00000000000000000100111111111111>, C4<0>, C4<0>, C4<0>;
v000001b932193b80_0 .net/2u *"_ivl_26", 31 0, L_000001b9321aebc8;  1 drivers
v000001b932194d00_0 .net *"_ivl_28", 0 0, L_000001b93220a0a0;  1 drivers
L_000001b9321aec10 .functor BUFT 1, C4<00000000000000010000000000000000>, C4<0>, C4<0>, C4<0>;
v000001b932193c20_0 .net/2u *"_ivl_32", 31 0, L_000001b9321aec10;  1 drivers
v000001b9321946c0_0 .net *"_ivl_34", 0 0, L_000001b93220a460;  1 drivers
L_000001b9321aec58 .functor BUFT 1, C4<00000000000000010111111111111111>, C4<0>, C4<0>, C4<0>;
v000001b932195980_0 .net/2u *"_ivl_36", 31 0, L_000001b9321aec58;  1 drivers
v000001b932194b20_0 .net *"_ivl_38", 0 0, L_000001b93220a640;  1 drivers
v000001b932193cc0_0 .net *"_ivl_43", 15 0, L_000001b93220a6e0;  1 drivers
L_000001b9321aeca0 .functor BUFT 1, C4<1111111111111111>, C4<0>, C4<0>, C4<0>;
v000001b932194800_0 .net/2u *"_ivl_44", 15 0, L_000001b9321aeca0;  1 drivers
L_000001b9321aece8 .functor BUFT 1, C4<00000000000000000001000000000000>, C4<0>, C4<0>, C4<0>;
v000001b932195d40_0 .net/2u *"_ivl_52", 31 0, L_000001b9321aece8;  1 drivers
v000001b9321943a0_0 .net *"_ivl_54", 31 0, L_000001b93220cf80;  1 drivers
v000001b932195c00_0 .net *"_ivl_56", 31 0, L_000001b93220b0e0;  1 drivers
v000001b932193d60_0 .net *"_ivl_58", 29 0, L_000001b93220c940;  1 drivers
L_000001b9321aed30 .functor BUFT 1, C4<00>, C4<0>, C4<0>, C4<0>;
v000001b932194da0_0 .net *"_ivl_60", 1 0, L_000001b9321aed30;  1 drivers
v000001b9321935e0_0 .net *"_ivl_7", 17 0, L_000001b932209ba0;  1 drivers
L_000001b9321aed78 .functor BUFT 1, C4<0001>, C4<0>, C4<0>, C4<0>;
v000001b932193a40_0 .net/2u *"_ivl_74", 3 0, L_000001b9321aed78;  1 drivers
v000001b932195020_0 .net *"_ivl_76", 3 0, L_000001b93220b180;  1 drivers
L_000001b9321aedc0 .functor BUFT 1, C4<1111>, C4<0>, C4<0>, C4<0>;
v000001b932195660_0 .net/2u *"_ivl_78", 3 0, L_000001b9321aedc0;  1 drivers
L_000001b9321aeaf0 .functor BUFT 1, C4<000000000000000000>, C4<0>, C4<0>, C4<0>;
v000001b932195520_0 .net/2u *"_ivl_8", 17 0, L_000001b9321aeaf0;  1 drivers
v000001b932195160_0 .net *"_ivl_83", 7 0, L_000001b93220cda0;  1 drivers
v000001b932193e00_0 .net *"_ivl_84", 31 0, L_000001b93220ae60;  1 drivers
L_000001b9321aee08 .functor BUFT 1, C4<000000000000000000000000>, C4<0>, C4<0>, C4<0>;
v000001b932193fe0_0 .net *"_ivl_87", 23 0, L_000001b9321aee08;  1 drivers
v000001b9321950c0_0 .net *"_ivl_88", 31 0, L_000001b93220bc20;  1 drivers
L_000001b9321aee50 .functor BUFT 1, C4<000000000000000000000000000000>, C4<0>, C4<0>, C4<0>;
v000001b9321948a0_0 .net *"_ivl_91", 29 0, L_000001b9321aee50;  1 drivers
L_000001b9321aee98 .functor BUFT 1, C4<00000000000000000000000000001000>, C4<0>, C4<0>, C4<0>;
v000001b932193ae0_0 .net/2u *"_ivl_92", 31 0, L_000001b9321aee98;  1 drivers
v000001b932193900_0 .net *"_ivl_95", 31 0, L_000001b93220be00;  1 drivers
v000001b932193680_0 .net *"_ivl_96", 31 0, L_000001b93220b2c0;  1 drivers
v000001b932194080_0 .net "boot_addr", 7 0, L_000001b93220ad20;  alias, 1 drivers
v000001b932193720_0 .net "boot_rdata", 31 0, v000001b932113490_0;  alias, 1 drivers
v000001b9321939a0_0 .net "byte_offset", 1 0, L_000001b93220b360;  1 drivers
v000001b932194580_0 .net "clk", 0 0, v000001b9321ab040_0;  alias, 1 drivers
v000001b9321952a0_0 .net "cpu_addr", 31 0, L_000001b932209560;  alias, 1 drivers
v000001b932194760_0 .net "cpu_byte", 0 0, L_000001b932091490;  alias, 1 drivers
v000001b932194940_0 .var "cpu_rdata", 31 0;
v000001b9321937c0_0 .net "cpu_re", 0 0, L_000001b932091420;  alias, 1 drivers
v000001b932194120_0 .var "cpu_ready", 0 0;
v000001b9321941c0_0 .net "cpu_wdata", 31 0, L_000001b9320912d0;  alias, 1 drivers
v000001b932194260_0 .net "cpu_we", 0 0, L_000001b9320913b0;  alias, 1 drivers
v000001b9321949e0_0 .var "debug_cs", 0 0;
v000001b932194300_0 .net "debug_rdata", 31 0, v000001b93217a6b0_0;  alias, 1 drivers
v000001b932194bc0_0 .net "dram_addr", 12 0, L_000001b93220b720;  alias, 1 drivers
v000001b932194440_0 .net "dram_be", 3 0, L_000001b93220adc0;  alias, 1 drivers
v000001b932195a20_0 .net "dram_rdata", 31 0, v000001b93217abb0_0;  alias, 1 drivers
v000001b932194a80_0 .net "dram_wdata", 31 0, L_000001b93220bfe0;  alias, 1 drivers
v000001b9321958e0_0 .net "dram_we", 0 0, L_000001b932091a40;  alias, 1 drivers
v000001b932194e40_0 .var "eeprom_cs", 0 0;
v000001b932194ee0_0 .net "eeprom_rdata", 31 0, v000001b932179c10_0;  alias, 1 drivers
v000001b932194f80_0 .var "gpio_cs", 0 0;
v000001b932195200_0 .net "gpio_rdata", 31 0, v000001b93217c550_0;  alias, 1 drivers
v000001b932195340_0 .var "i2c_cs", 0 0;
v000001b932195ac0_0 .net "i2c_rdata", 31 0, v000001b932191600_0;  alias, 1 drivers
v000001b9321953e0_0 .net "in_boot", 0 0, L_000001b93220a3c0;  1 drivers
v000001b932195700_0 .net "in_dram", 0 0, L_000001b932090a80;  1 drivers
v000001b932195480_0 .net "in_irom", 0 0, L_000001b9320918f0;  1 drivers
v000001b9321955c0_0 .net "in_periph", 0 0, L_000001b93220bea0;  1 drivers
v000001b9321957a0_0 .net "irom_addr", 11 0, L_000001b93220cd00;  1 drivers
v000001b932195840_0 .net "irom_rdata", 31 0, v000001b932193540_0;  alias, 1 drivers
v000001b932197000_0 .var "irq_ctrl_cs", 0 0;
v000001b932197dc0_0 .net "irq_ctrl_rdata", 31 0, v000001b932198900_0;  alias, 1 drivers
v000001b932196ce0_0 .var "keypad_cs", 0 0;
v000001b932196600_0 .net "keypad_rdata", 31 0, v000001b932192dc0_0;  alias, 1 drivers
v000001b932197aa0_0 .var "lcd_cs", 0 0;
v000001b9321978c0_0 .net "lcd_rdata", 31 0, v000001b9321925a0_0;  alias, 1 drivers
v000001b932197e60_0 .var "oled_cs", 0 0;
v000001b932198360_0 .net "oled_rdata", 31 0, v000001b9321967e0_0;  alias, 1 drivers
v000001b9321975a0_0 .net "periph_addr", 7 0, L_000001b93220c800;  alias, 1 drivers
v000001b932196060_0 .net "periph_sel", 3 0, L_000001b93220b220;  1 drivers
v000001b9321964c0_0 .net "periph_wdata", 31 0, L_000001b932091960;  alias, 1 drivers
v000001b9321969c0_0 .var "periph_we", 0 0;
v000001b9321970a0_0 .var "pwm_cs", 0 0;
v000001b932196e20_0 .net "pwm_rdata", 31 0, v000001b93219aea0_0;  alias, 1 drivers
v000001b932197780_0 .net "rst_n", 0 0, L_000001b932091dc0;  1 drivers
v000001b932197f00_0 .var "seven_seg_cs", 0 0;
v000001b932195fc0_0 .net "seven_seg_rdata", 31 0, v000001b93219cac0_0;  alias, 1 drivers
v000001b932196560_0 .var "spi_cs", 0 0;
v000001b9321966a0_0 .net "spi_rdata", 31 0, v000001b93219c2a0_0;  alias, 1 drivers
v000001b932196a60_0 .var "temp_sensor_cs", 0 0;
v000001b932196100_0 .net "temp_sensor_rdata", 31 0, v000001b93219d600_0;  alias, 1 drivers
v000001b932196920_0 .var "timer_cs", 0 0;
v000001b9321961a0_0 .net "timer_rdata", 31 0, v000001b93219f720_0;  alias, 1 drivers
v000001b932197b40_0 .var "uart_cs", 0 0;
v000001b932196b00_0 .net "uart_rdata", 31 0, v000001b93219f860_0;  alias, 1 drivers
v000001b932195de0_0 .var "ultrasonic_cs", 0 0;
v000001b932196ba0_0 .net "ultrasonic_rdata", 31 0, v000001b9321a1fc0_0;  alias, 1 drivers
v000001b932197fa0_0 .var "wdog_cs", 0 0;
v000001b9321971e0_0 .net "wdog_rdata", 31 0, L_000001b9321ac940;  alias, 1 drivers
E_000001b9320ddc90/0 .event anyedge, v000001b9321953e0_0, v000001b932113490_0, v000001b932195480_0, v000001b932193540_0;
E_000001b9320ddc90/1 .event anyedge, v000001b932195700_0, v000001b932174530_0, v000001b9321939a0_0, v000001b93217abb0_0;
E_000001b9320ddc90/2 .event anyedge, v000001b9321955c0_0, v000001b932196060_0, v000001b93217c550_0, v000001b932196b00_0;
E_000001b9320ddc90/3 .event anyedge, v000001b9321966a0_0, v000001b932191600_0, v000001b9321961a0_0, v000001b932196e20_0;
E_000001b9320ddc90/4 .event anyedge, v000001b932197dc0_0, v000001b9321971e0_0, v000001b93217a6b0_0, v000001b9321925a0_0;
E_000001b9320ddc90/5 .event anyedge, v000001b932198360_0, v000001b932179c10_0, v000001b932195fc0_0, v000001b932192dc0_0;
E_000001b9320ddc90/6 .event anyedge, v000001b932196ba0_0, v000001b932196100_0;
E_000001b9320ddc90 .event/or E_000001b9320ddc90/0, E_000001b9320ddc90/1, E_000001b9320ddc90/2, E_000001b9320ddc90/3, E_000001b9320ddc90/4, E_000001b9320ddc90/5, E_000001b9320ddc90/6;
E_000001b9320dd110 .event anyedge, v000001b9321955c0_0, v000001b932174850_0, v000001b932196060_0;
L_000001b932209a60 .part L_000001b932209560, 10, 22;
L_000001b93220a3c0 .cmp/eq 22, L_000001b932209a60, L_000001b9321aeaa8;
L_000001b932209ba0 .part L_000001b932209560, 14, 18;
L_000001b932209c40 .cmp/eq 18, L_000001b932209ba0, L_000001b9321aeaf0;
L_000001b932209ce0 .part L_000001b932209560, 12, 2;
L_000001b932209d80 .cmp/ne 2, L_000001b932209ce0, L_000001b9321aeb38;
L_000001b932209ec0 .cmp/ge 32, L_000001b932209560, L_000001b9321aeb80;
L_000001b93220a0a0 .cmp/ge 32, L_000001b9321aebc8, L_000001b932209560;
L_000001b93220a460 .cmp/ge 32, L_000001b932209560, L_000001b9321aec10;
L_000001b93220a640 .cmp/ge 32, L_000001b9321aec58, L_000001b932209560;
L_000001b93220a6e0 .part L_000001b932209560, 16, 16;
L_000001b93220bea0 .cmp/eq 16, L_000001b93220a6e0, L_000001b9321aeca0;
L_000001b93220b220 .part L_000001b932209560, 8, 4;
L_000001b93220ad20 .part L_000001b932209560, 2, 8;
L_000001b93220cf80 .arith/sub 32, L_000001b932209560, L_000001b9321aece8;
L_000001b93220c940 .part L_000001b93220cf80, 2, 30;
L_000001b93220b0e0 .concat [ 30 2 0 0], L_000001b93220c940, L_000001b9321aed30;
L_000001b93220cd00 .part L_000001b93220b0e0, 0, 12;
L_000001b93220b720 .part L_000001b932209560, 2, 13;
L_000001b93220c800 .part L_000001b932209560, 0, 8;
L_000001b93220b360 .part L_000001b932209560, 0, 2;
L_000001b93220b180 .shift/l 4, L_000001b9321aed78, L_000001b93220b360;
L_000001b93220adc0 .functor MUXZ 4, L_000001b9321aedc0, L_000001b93220b180, L_000001b932091490, C4<>;
L_000001b93220cda0 .part L_000001b9320912d0, 0, 8;
L_000001b93220ae60 .concat [ 8 24 0 0], L_000001b93220cda0, L_000001b9321aee08;
L_000001b93220bc20 .concat [ 2 30 0 0], L_000001b93220b360, L_000001b9321aee50;
L_000001b93220be00 .arith/mult 32, L_000001b93220bc20, L_000001b9321aee98;
L_000001b93220b2c0 .shift/l 32, L_000001b93220ae60, L_000001b93220be00;
L_000001b93220bfe0 .functor MUXZ 32, L_000001b9320912d0, L_000001b93220b2c0, L_000001b932091490, C4<>;
S_000001b93219a0a0 .scope module, "oled_drv_inst" "oled_driver" 4 469, 30 18 0, S_000001b931db72a0;
 .timescale -9 -12;
    .port_info 0 /INPUT 1 "clk";
    .port_info 1 /INPUT 1 "rst_n";
    .port_info 2 /INPUT 2 "reg_addr";
    .port_info 3 /INPUT 1 "reg_we";
    .port_info 4 /INPUT 32 "reg_wdata";
    .port_info 5 /OUTPUT 32 "reg_rdata";
    .port_info 6 /OUTPUT 1 "scl_oe";
    .port_info 7 /OUTPUT 1 "sda_oe";
    .port_info 8 /INPUT 1 "scl_in";
    .port_info 9 /INPUT 1 "sda_in";
P_000001b931d7ed10 .param/l "I2C_DIV" 1 30 83, C4<0000000001111101>;
P_000001b931d7ed48 .param/l "ST_CTRL_ACK" 1 30 41, C4<0101>;
P_000001b931d7ed80 .param/l "ST_CTRL_BYTE" 1 30 40, C4<0100>;
P_000001b931d7edb8 .param/l "ST_DATA_ACK" 1 30 43, C4<0111>;
P_000001b931d7edf0 .param/l "ST_DATA_BYTE" 1 30 42, C4<0110>;
P_000001b931d7ee28 .param/l "ST_DEV_ACK" 1 30 39, C4<0011>;
P_000001b931d7ee60 .param/l "ST_DEV_ADDR" 1 30 38, C4<0010>;
P_000001b931d7ee98 .param/l "ST_IDLE" 1 30 36, C4<0000>;
P_000001b931d7eed0 .param/l "ST_INIT_SEQ" 1 30 46, C4<1010>;
P_000001b931d7ef08 .param/l "ST_START" 1 30 37, C4<0001>;
P_000001b931d7ef40 .param/l "ST_STOP" 1 30 44, C4<1000>;
P_000001b931d7ef78 .param/l "ST_STOP_WAIT" 1 30 45, C4<1001>;
v000001b932196380_0 .var "bit_cnt", 3 0;
v000001b932196240_0 .var "busy", 0 0;
v000001b932197820_0 .var "clear_req", 0 0;
v000001b932198040_0 .var "clear_step", 7 0;
v000001b932197d20_0 .net "clk", 0 0, v000001b9321ab040_0;  alias, 1 drivers
v000001b932196420_0 .var "clk_phase", 0 0;
v000001b9321980e0_0 .var "delay_cnt", 15 0;
v000001b932197140 .array "init_cmds", 14 0, 7 0;
v000001b932196740_0 .var "init_req", 0 0;
v000001b932197960_0 .var "init_step", 7 0;
v000001b932197280_0 .var "next_state_after_ack", 3 0;
v000001b9321962e0_0 .net "reg_addr", 1 0, L_000001b93220d200;  1 drivers
v000001b9321967e0_0 .var "reg_rdata", 31 0;
v000001b9321984a0_0 .net "reg_wdata", 31 0, L_000001b932091960;  alias, 1 drivers
v000001b932196880_0 .net "reg_we", 0 0, L_000001b932093d40;  1 drivers
v000001b932196c40_0 .net "rst_n", 0 0, L_000001b9320927d0;  1 drivers
v000001b932197640_0 .net "scl_in", 0 0, L_000001b9321aa320;  alias, 1 drivers
v000001b932197500_0 .var "scl_oe", 0 0;
v000001b932196d80_0 .net "sda_in", 0 0, L_000001b9321ac580;  alias, 1 drivers
v000001b932197be0_0 .var "sda_oe", 0 0;
v000001b932196ec0_0 .var "state", 3 0;
v000001b932196f60_0 .var "tx_byte", 7 0;
E_000001b9320dde90 .event anyedge, v000001b9321962e0_0, v000001b932196240_0, v000001b932197820_0, v000001b932196740_0;
E_000001b9320ddd10/0 .event negedge, v000001b932196c40_0;
E_000001b9320ddd10/1 .event posedge, v000001b932113d50_0;
E_000001b9320ddd10 .event/or E_000001b9320ddd10/0, E_000001b9320ddd10/1;
S_000001b93219a6e0 .scope module, "pic_inst" "interrupt_controller" 4 317, 31 33 0, S_000001b931db72a0;
 .timescale -9 -12;
    .port_info 0 /INPUT 1 "clk";
    .port_info 1 /INPUT 1 "rst_n";
    .port_info 2 /INPUT 8 "irq_lines";
    .port_info 3 /INPUT 1 "irq_enable_flag";
    .port_info 4 /INPUT 1 "in_isr";
    .port_info 5 /INPUT 4 "reg_addr";
    .port_info 6 /INPUT 1 "reg_we";
    .port_info 7 /INPUT 32 "reg_wdata";
    .port_info 8 /OUTPUT 32 "reg_rdata";
    .port_info 9 /OUTPUT 1 "irq_out";
    .port_info 10 /OUTPUT 3 "irq_num";
    .port_info 11 /OUTPUT 32 "irq_vector";
L_000001b932091d50 .functor BUFZ 32, v000001b9321973c0_0, C4<00000000000000000000000000000000>, C4<00000000000000000000000000000000>, C4<00000000000000000000000000000000>;
L_000001b932092290 .functor AND 8, L_000001b9321acbc0, v000001b9321982c0_0, C4<11111111>, C4<11111111>;
v000001b932198540_0 .net "clk", 0 0, v000001b9321ab040_0;  alias, 1 drivers
v000001b932197a00_0 .net "in_isr", 0 0, v000001b932177e60_0;  alias, 1 drivers
v000001b9321982c0_0 .var "irq_enable", 7 0;
L_000001b9321aefb8 .functor BUFT 1, C4<1>, C4<0>, C4<0>, C4<0>;
v000001b932198400_0 .net "irq_enable_flag", 0 0, L_000001b9321aefb8;  1 drivers
v000001b932195f20_0 .net "irq_lines", 7 0, L_000001b9321acbc0;  alias, 1 drivers
v000001b932198a40_0 .var "irq_num", 2 0;
v000001b9321989a0_0 .var "irq_out", 0 0;
v000001b932198860_0 .var "irq_pending", 7 0;
v000001b932198b80_0 .net "irq_vector", 31 0, L_000001b932091d50;  alias, 1 drivers
v000001b932198720_0 .net "isr_address", 31 0, v000001b9321973c0_0;  1 drivers
v000001b932198680_0 .net "masked", 7 0, L_000001b932092290;  1 drivers
v000001b9321985e0_0 .net "reg_addr", 3 0, L_000001b93220ce40;  1 drivers
v000001b932198900_0 .var "reg_rdata", 31 0;
v000001b9321987c0_0 .net "reg_wdata", 31 0, L_000001b932091960;  alias, 1 drivers
v000001b932198ae0_0 .net "reg_we", 0 0, L_000001b932090850;  1 drivers
v000001b932198c20_0 .net "rst_n", 0 0, L_000001b932092220;  1 drivers
E_000001b9320ddd50/0 .event anyedge, v000001b9321985e0_0, v000001b932195f20_0, v000001b9321982c0_0, v000001b932198860_0;
E_000001b9320ddd50/1 .event anyedge, v000001b932195e80_0;
E_000001b9320ddd50 .event/or E_000001b9320ddd50/0, E_000001b9320ddd50/1;
S_000001b932199740 .scope module, "ivt_inst" "interrupt_vector_table" 31 68, 32 26 0, S_000001b93219a6e0;
 .timescale -9 -12;
    .port_info 0 /INPUT 1 "clk";
    .port_info 1 /INPUT 1 "rst_n";
    .port_info 2 /INPUT 3 "irq_num";
    .port_info 3 /OUTPUT 32 "isr_address";
    .port_info 4 /INPUT 1 "we";
    .port_info 5 /INPUT 3 "wr_num";
    .port_info 6 /INPUT 32 "wr_addr";
v000001b932197320_0 .net "clk", 0 0, v000001b9321ab040_0;  alias, 1 drivers
v000001b932195e80_0 .net "irq_num", 2 0, v000001b932198a40_0;  1 drivers
v000001b9321973c0_0 .var "isr_address", 31 0;
v000001b932197c80 .array "ivt", 7 0, 31 0;
v000001b932198180_0 .net "rst_n", 0 0, L_000001b932092220;  alias, 1 drivers
L_000001b9321aeee0 .functor BUFT 1, C4<0>, C4<0>, C4<0>, C4<0>;
v000001b932198220_0 .net "we", 0 0, L_000001b9321aeee0;  1 drivers
L_000001b9321aef70 .functor BUFT 1, C4<00000000000000000000000000000000>, C4<0>, C4<0>, C4<0>;
v000001b932197460_0 .net "wr_addr", 31 0, L_000001b9321aef70;  1 drivers
L_000001b9321aef28 .functor BUFT 1, C4<000>, C4<0>, C4<0>, C4<0>;
v000001b9321976e0_0 .net "wr_num", 2 0, L_000001b9321aef28;  1 drivers
v000001b932197c80_0 .array/port v000001b932197c80, 0;
v000001b932197c80_1 .array/port v000001b932197c80, 1;
v000001b932197c80_2 .array/port v000001b932197c80, 2;
E_000001b9320de050/0 .event anyedge, v000001b932195e80_0, v000001b932197c80_0, v000001b932197c80_1, v000001b932197c80_2;
v000001b932197c80_3 .array/port v000001b932197c80, 3;
v000001b932197c80_4 .array/port v000001b932197c80, 4;
v000001b932197c80_5 .array/port v000001b932197c80, 5;
v000001b932197c80_6 .array/port v000001b932197c80, 6;
E_000001b9320de050/1 .event anyedge, v000001b932197c80_3, v000001b932197c80_4, v000001b932197c80_5, v000001b932197c80_6;
v000001b932197c80_7 .array/port v000001b932197c80, 7;
E_000001b9320de050/2 .event anyedge, v000001b932197c80_7;
E_000001b9320de050 .event/or E_000001b9320de050/0, E_000001b9320de050/1, E_000001b9320de050/2;
S_000001b93219a870 .scope module, "pwm_inst" "pwm" 4 405, 33 24 0, S_000001b931db72a0;
 .timescale -9 -12;
    .port_info 0 /INPUT 1 "clk";
    .port_info 1 /INPUT 1 "rst_n";
    .port_info 2 /INPUT 5 "reg_addr";
    .port_info 3 /INPUT 1 "reg_we";
    .port_info 4 /INPUT 32 "reg_wdata";
    .port_info 5 /OUTPUT 32 "reg_rdata";
    .port_info 6 /OUTPUT 4 "pwm_out";
L_000001b9320934f0 .functor BUFZ 4, v000001b93219ca20_0, C4<0000>, C4<0000>, C4<0000>;
v000001b932198cc0_0 .net "clk", 0 0, v000001b9321ab040_0;  alias, 1 drivers
v000001b93219b580 .array "count", 3 0, 31 0;
v000001b93219b9e0 .array "duty", 3 0, 31 0;
v000001b93219b080_0 .var "enable", 3 0;
v000001b93219cb60_0 .var/i "i", 31 0;
v000001b93219ca20_0 .var "out", 3 0;
v000001b93219b940 .array "period", 3 0, 31 0;
v000001b93219b620_0 .net "pwm_out", 3 0, L_000001b9320934f0;  alias, 1 drivers
v000001b93219be40_0 .net "reg_addr", 4 0, L_000001b93220c080;  1 drivers
v000001b93219aea0_0 .var "reg_rdata", 31 0;
v000001b93219cd40_0 .net "reg_wdata", 31 0, L_000001b932091960;  alias, 1 drivers
v000001b93219b120_0 .net "reg_we", 0 0, L_000001b932092ca0;  1 drivers
v000001b93219bee0_0 .net "rst_n", 0 0, L_000001b932092ae0;  1 drivers
v000001b93219b940_0 .array/port v000001b93219b940, 0;
v000001b93219b940_1 .array/port v000001b93219b940, 1;
E_000001b9320dd190/0 .event anyedge, v000001b93219be40_0, v000001b93219b080_0, v000001b93219b940_0, v000001b93219b940_1;
v000001b93219b940_2 .array/port v000001b93219b940, 2;
v000001b93219b940_3 .array/port v000001b93219b940, 3;
v000001b93219b9e0_0 .array/port v000001b93219b9e0, 0;
v000001b93219b9e0_1 .array/port v000001b93219b9e0, 1;
E_000001b9320dd190/1 .event anyedge, v000001b93219b940_2, v000001b93219b940_3, v000001b93219b9e0_0, v000001b93219b9e0_1;
v000001b93219b9e0_2 .array/port v000001b93219b9e0, 2;
v000001b93219b9e0_3 .array/port v000001b93219b9e0, 3;
E_000001b9320dd190/2 .event anyedge, v000001b93219b9e0_2, v000001b93219b9e0_3;
E_000001b9320dd190 .event/or E_000001b9320dd190/0, E_000001b9320dd190/1, E_000001b9320dd190/2;
S_000001b93219a230 .scope generate, "pwm_gen[0]" "pwm_gen[0]" 33 91, 33 91 0, S_000001b93219a870;
 .timescale -9 -12;
P_000001b9320dd1d0 .param/l "ch" 0 33 91, +C4<00>;
S_000001b93219ab90 .scope generate, "pwm_gen[1]" "pwm_gen[1]" 33 91, 33 91 0, S_000001b93219a870;
 .timescale -9 -12;
P_000001b9320de710 .param/l "ch" 0 33 91, +C4<01>;
S_000001b932199290 .scope generate, "pwm_gen[2]" "pwm_gen[2]" 33 91, 33 91 0, S_000001b93219a870;
 .timescale -9 -12;
P_000001b9320defd0 .param/l "ch" 0 33 91, +C4<010>;
S_000001b932198f70 .scope generate, "pwm_gen[3]" "pwm_gen[3]" 33 91, 33 91 0, S_000001b93219a870;
 .timescale -9 -12;
P_000001b9320df010 .param/l "ch" 0 33 91, +C4<011>;
S_000001b932199420 .scope module, "seg_drv_inst" "seven_seg_driver" 4 497, 34 24 0, S_000001b931db72a0;
 .timescale -9 -12;
    .port_info 0 /INPUT 1 "clk";
    .port_info 1 /INPUT 1 "rst_n";
    .port_info 2 /INPUT 2 "reg_addr";
    .port_info 3 /INPUT 1 "reg_we";
    .port_info 4 /INPUT 32 "reg_wdata";
    .port_info 5 /OUTPUT 32 "reg_rdata";
    .port_info 6 /OUTPUT 4 "anodes";
    .port_info 7 /OUTPUT 8 "segments";
v000001b93219bd00_0 .net "active_anodes_mask", 3 0, L_000001b93220c120;  1 drivers
v000001b93219bda0_0 .var "active_dp", 0 0;
v000001b93219af40_0 .var "active_hex", 3 0;
v000001b93219b6c0_0 .var "anodes", 3 0;
v000001b93219b760_0 .net "clk", 0 0, v000001b9321ab040_0;  alias, 1 drivers
v000001b93219c520_0 .var "clk_div", 16 0;
v000001b93219b4e0_0 .net "common_anode", 0 0, L_000001b93220bd60;  1 drivers
v000001b93219ba80_0 .net "decoded_segments", 6 0, L_000001b93220cbc0;  1 drivers
v000001b93219c7a0_0 .var "digit_select", 1 0;
v000001b93219c840_0 .net "raw_segments", 7 0, L_000001b93220bb80;  1 drivers
v000001b93219bf80_0 .net "reg_addr", 1 0, L_000001b93220c8a0;  1 drivers
v000001b93219cac0_0 .var "reg_rdata", 31 0;
v000001b93219c160_0 .net "reg_wdata", 31 0, L_000001b932091960;  alias, 1 drivers
v000001b93219bb20_0 .net "reg_we", 0 0, L_000001b932093db0;  1 drivers
v000001b93219cca0_0 .net "rst_n", 0 0, L_000001b9320925a0;  1 drivers
v000001b93219c020_0 .var "seg_ctrl", 7 0;
v000001b93219b3a0_0 .var "seg_data", 31 0;
v000001b93219cde0_0 .var "seg_dp", 3 0;
v000001b93219c700_0 .var "segments", 7 0;
E_000001b9320dde10 .event anyedge, v000001b93219bf80_0, v000001b93219b3a0_0, v000001b93219c020_0, v000001b93219cde0_0;
E_000001b9320de110/0 .event negedge, v000001b93219cca0_0;
E_000001b9320de110/1 .event posedge, v000001b932113d50_0;
E_000001b9320de110 .event/or E_000001b9320de110/0, E_000001b9320de110/1;
E_000001b9320de890 .event anyedge, v000001b93219c7a0_0, v000001b93219bd00_0, v000001b93219b4e0_0, v000001b93219c840_0;
E_000001b9320de310 .event anyedge, v000001b93219c7a0_0, v000001b93219b3a0_0, v000001b93219cde0_0;
L_000001b93220cbc0 .ufunc/vec4 TD_tb_top.uut.seg_drv_inst.hex_to_seg, 7, v000001b93219af40_0 (v000001b93219cc00_0) S_000001b93219a3c0;
L_000001b93220bb80 .concat [ 7 1 0 0], L_000001b93220cbc0, v000001b93219bda0_0;
L_000001b93220bd60 .part v000001b93219c020_0, 7, 1;
L_000001b93220c120 .part v000001b93219c020_0, 0, 4;
S_000001b93219a3c0 .scope function.vec4.s7, "hex_to_seg" "hex_to_seg" 34 49, 34 49 0, S_000001b932199420;
 .timescale -9 -12;
v000001b93219cc00_0 .var "hex", 3 0;
; Variable hex_to_seg is vec4 return value of scope S_000001b93219a3c0
TD_tb_top.uut.seg_drv_inst.hex_to_seg ;
    %load/vec4 v000001b93219cc00_0;
    %dup/vec4;
    %pushi/vec4 0, 0, 4;
    %cmp/u;
    %jmp/1 T_0.0, 6;
    %dup/vec4;
    %pushi/vec4 1, 0, 4;
    %cmp/u;
    %jmp/1 T_0.1, 6;
    %dup/vec4;
    %pushi/vec4 2, 0, 4;
    %cmp/u;
    %jmp/1 T_0.2, 6;
    %dup/vec4;
    %pushi/vec4 3, 0, 4;
    %cmp/u;
    %jmp/1 T_0.3, 6;
    %dup/vec4;
    %pushi/vec4 4, 0, 4;
    %cmp/u;
    %jmp/1 T_0.4, 6;
    %dup/vec4;
    %pushi/vec4 5, 0, 4;
    %cmp/u;
    %jmp/1 T_0.5, 6;
    %dup/vec4;
    %pushi/vec4 6, 0, 4;
    %cmp/u;
    %jmp/1 T_0.6, 6;
    %dup/vec4;
    %pushi/vec4 7, 0, 4;
    %cmp/u;
    %jmp/1 T_0.7, 6;
    %dup/vec4;
    %pushi/vec4 8, 0, 4;
    %cmp/u;
    %jmp/1 T_0.8, 6;
    %dup/vec4;
    %pushi/vec4 9, 0, 4;
    %cmp/u;
    %jmp/1 T_0.9, 6;
    %dup/vec4;
    %pushi/vec4 10, 0, 4;
    %cmp/u;
    %jmp/1 T_0.10, 6;
    %dup/vec4;
    %pushi/vec4 11, 0, 4;
    %cmp/u;
    %jmp/1 T_0.11, 6;
    %dup/vec4;
    %pushi/vec4 12, 0, 4;
    %cmp/u;
    %jmp/1 T_0.12, 6;
    %dup/vec4;
    %pushi/vec4 13, 0, 4;
    %cmp/u;
    %jmp/1 T_0.13, 6;
    %dup/vec4;
    %pushi/vec4 14, 0, 4;
    %cmp/u;
    %jmp/1 T_0.14, 6;
    %dup/vec4;
    %pushi/vec4 15, 0, 4;
    %cmp/u;
    %jmp/1 T_0.15, 6;
    %pushi/vec4 0, 0, 7;
    %ret/vec4 0, 0, 7;  Assign to hex_to_seg (store_vec4_to_lval)
    %jmp T_0.17;
T_0.0 ;
    %pushi/vec4 63, 0, 7;
    %ret/vec4 0, 0, 7;  Assign to hex_to_seg (store_vec4_to_lval)
    %jmp T_0.17;
T_0.1 ;
    %pushi/vec4 6, 0, 7;
    %ret/vec4 0, 0, 7;  Assign to hex_to_seg (store_vec4_to_lval)
    %jmp T_0.17;
T_0.2 ;
    %pushi/vec4 91, 0, 7;
    %ret/vec4 0, 0, 7;  Assign to hex_to_seg (store_vec4_to_lval)
    %jmp T_0.17;
T_0.3 ;
    %pushi/vec4 79, 0, 7;
    %ret/vec4 0, 0, 7;  Assign to hex_to_seg (store_vec4_to_lval)
    %jmp T_0.17;
T_0.4 ;
    %pushi/vec4 102, 0, 7;
    %ret/vec4 0, 0, 7;  Assign to hex_to_seg (store_vec4_to_lval)
    %jmp T_0.17;
T_0.5 ;
    %pushi/vec4 109, 0, 7;
    %ret/vec4 0, 0, 7;  Assign to hex_to_seg (store_vec4_to_lval)
    %jmp T_0.17;
T_0.6 ;
    %pushi/vec4 125, 0, 7;
    %ret/vec4 0, 0, 7;  Assign to hex_to_seg (store_vec4_to_lval)
    %jmp T_0.17;
T_0.7 ;
    %pushi/vec4 7, 0, 7;
    %ret/vec4 0, 0, 7;  Assign to hex_to_seg (store_vec4_to_lval)
    %jmp T_0.17;
T_0.8 ;
    %pushi/vec4 127, 0, 7;
    %ret/vec4 0, 0, 7;  Assign to hex_to_seg (store_vec4_to_lval)
    %jmp T_0.17;
T_0.9 ;
    %pushi/vec4 111, 0, 7;
    %ret/vec4 0, 0, 7;  Assign to hex_to_seg (store_vec4_to_lval)
    %jmp T_0.17;
T_0.10 ;
    %pushi/vec4 119, 0, 7;
    %ret/vec4 0, 0, 7;  Assign to hex_to_seg (store_vec4_to_lval)
    %jmp T_0.17;
T_0.11 ;
    %pushi/vec4 124, 0, 7;
    %ret/vec4 0, 0, 7;  Assign to hex_to_seg (store_vec4_to_lval)
    %jmp T_0.17;
T_0.12 ;
    %pushi/vec4 57, 0, 7;
    %ret/vec4 0, 0, 7;  Assign to hex_to_seg (store_vec4_to_lval)
    %jmp T_0.17;
T_0.13 ;
    %pushi/vec4 94, 0, 7;
    %ret/vec4 0, 0, 7;  Assign to hex_to_seg (store_vec4_to_lval)
    %jmp T_0.17;
T_0.14 ;
    %pushi/vec4 121, 0, 7;
    %ret/vec4 0, 0, 7;  Assign to hex_to_seg (store_vec4_to_lval)
    %jmp T_0.17;
T_0.15 ;
    %pushi/vec4 113, 0, 7;
    %ret/vec4 0, 0, 7;  Assign to hex_to_seg (store_vec4_to_lval)
    %jmp T_0.17;
T_0.17 ;
    %pop/vec4 1;
    %end;
S_000001b9321995b0 .scope module, "spi_inst" "spi_master" 4 363, 35 31 0, S_000001b931db72a0;
 .timescale -9 -12;
    .port_info 0 /INPUT 1 "clk";
    .port_info 1 /INPUT 1 "rst_n";
    .port_info 2 /OUTPUT 1 "sclk";
    .port_info 3 /OUTPUT 1 "mosi";
    .port_info 4 /INPUT 1 "miso";
    .port_info 5 /OUTPUT 1 "cs_n";
    .port_info 6 /INPUT 3 "reg_addr";
    .port_info 7 /INPUT 1 "reg_we";
    .port_info 8 /INPUT 32 "reg_wdata";
    .port_info 9 /OUTPUT 32 "reg_rdata";
    .port_info 10 /OUTPUT 1 "irq";
P_000001b931e2e710 .param/l "ACTIVE" 1 35 65, C4<01>;
P_000001b931e2e748 .param/l "DONE" 1 35 66, C4<10>;
P_000001b931e2e780 .param/l "IDLE" 1 35 64, C4<00>;
v000001b93219bbc0_0 .var "bit_cnt", 3 0;
v000001b93219bc60_0 .net "clk", 0 0, v000001b9321ab040_0;  alias, 1 drivers
v000001b93219b1c0_0 .net "cpha", 0 0, L_000001b93220b400;  1 drivers
v000001b93219cfc0_0 .net "cpol", 0 0, L_000001b93220d2a0;  1 drivers
v000001b93219b800_0 .var "cs_auto", 0 0;
v000001b93219b8a0_0 .var "cs_n", 0 0;
v000001b93219c200_0 .var "div_cnt", 15 0;
v000001b93219b440_0 .var "done", 0 0;
v000001b93219c0c0_0 .var "irq", 0 0;
v000001b93219ce80_0 .net "miso", 0 0, v000001b9321aa140_0;  alias, 1 drivers
v000001b93219d060_0 .var "mosi", 0 0;
v000001b93219d1a0_0 .net "reg_addr", 2 0, L_000001b93220af00;  1 drivers
v000001b93219c2a0_0 .var "reg_rdata", 31 0;
v000001b93219ae00_0 .net "reg_wdata", 31 0, L_000001b932091960;  alias, 1 drivers
v000001b93219c480_0 .net "reg_we", 0 0, L_000001b9320923e0;  1 drivers
v000001b93219c340_0 .net "rst_n", 0 0, L_000001b932092760;  1 drivers
v000001b93219afe0_0 .var "rx_data_reg", 7 0;
v000001b93219c3e0_0 .var "sclk", 0 0;
v000001b93219c5c0_0 .var "sclk_phase", 0 0;
v000001b93219b260_0 .var "shift_in", 7 0;
v000001b93219c660_0 .var "shift_out", 7 0;
v000001b93219c8e0_0 .var "spi_divider", 15 0;
v000001b93219d100_0 .var "spi_mode", 1 0;
v000001b93219c980_0 .var "start", 0 0;
v000001b93219d240_0 .var "state", 1 0;
v000001b93219d2e0_0 .var "tx_data_reg", 7 0;
E_000001b9320de850/0 .event anyedge, v000001b93219d1a0_0, v000001b93219b800_0, v000001b93219d240_0, v000001b93219d100_0;
E_000001b9320de850/1 .event anyedge, v000001b93219c8e0_0, v000001b93219afe0_0, v000001b93219b440_0;
E_000001b9320de850 .event/or E_000001b9320de850/0, E_000001b9320de850/1;
L_000001b93220d2a0 .part v000001b93219d100_0, 1, 1;
L_000001b93220b400 .part v000001b93219d100_0, 0, 1;
S_000001b93219a550 .scope module, "temp_drv_inst" "temp_sensor_driver" 4 534, 36 18 0, S_000001b931db72a0;
 .timescale -9 -12;
    .port_info 0 /INPUT 1 "clk";
    .port_info 1 /INPUT 1 "rst_n";
    .port_info 2 /INPUT 2 "reg_addr";
    .port_info 3 /INPUT 1 "reg_we";
    .port_info 4 /INPUT 32 "reg_wdata";
    .port_info 5 /OUTPUT 32 "reg_rdata";
    .port_info 6 /OUTPUT 1 "scl_oe";
    .port_info 7 /OUTPUT 1 "sda_oe";
    .port_info 8 /INPUT 1 "scl_in";
    .port_info 9 /INPUT 1 "sda_in";
P_000001b932118a90 .param/l "I2C_DIV" 1 36 58, C4<0000000111110100>;
P_000001b932118ac8 .param/l "ST_ACK_MSB" 1 36 41, C4<0101>;
P_000001b932118b00 .param/l "ST_DEV_ACK" 1 36 39, C4<0011>;
P_000001b932118b38 .param/l "ST_DEV_ADDR" 1 36 38, C4<0010>;
P_000001b932118b70 .param/l "ST_IDLE" 1 36 36, C4<0000>;
P_000001b932118ba8 .param/l "ST_NACK_LSB" 1 36 43, C4<0111>;
P_000001b932118be0 .param/l "ST_RD_LSB" 1 36 42, C4<0110>;
P_000001b932118c18 .param/l "ST_RD_MSB" 1 36 40, C4<0100>;
P_000001b932118c50 .param/l "ST_START" 1 36 37, C4<0001>;
P_000001b932118c88 .param/l "ST_STOP" 1 36 44, C4<1000>;
v000001b93219d380_0 .var "bit_cnt", 3 0;
v000001b93219d420_0 .var "busy", 0 0;
v000001b93219b300_0 .net "clk", 0 0, v000001b9321ab040_0;  alias, 1 drivers
v000001b93219d4c0_0 .var "clk_phase", 0 0;
v000001b93219d560_0 .var "delay_cnt", 15 0;
v000001b93219e5a0_0 .var "read_req", 0 0;
v000001b93219e780_0 .net "reg_addr", 1 0, L_000001b93220c440;  1 drivers
v000001b93219d600_0 .var "reg_rdata", 31 0;
v000001b93219d9c0_0 .net "reg_wdata", 31 0, L_000001b932091960;  alias, 1 drivers
v000001b93219dce0_0 .net "reg_we", 0 0, L_000001b932093790;  1 drivers
v000001b93219e820_0 .net "rst_n", 0 0, L_000001b932092840;  1 drivers
v000001b93219f9a0_0 .net "scl_in", 0 0, o000001b932124a28;  alias, 0 drivers
v000001b93219ea00_0 .var "scl_oe", 0 0;
v000001b93219eb40_0 .net "sda_in", 0 0, o000001b932124a88;  alias, 0 drivers
v000001b93219efa0_0 .var "sda_oe", 0 0;
v000001b93219f540_0 .var "state", 3 0;
v000001b93219f680_0 .var "temp_lsb", 7 0;
v000001b93219e0a0_0 .var "temp_msb", 7 0;
v000001b93219eaa0_0 .var "temperature", 31 0;
E_000001b9320de210 .event anyedge, v000001b93219e780_0, v000001b93219d420_0, v000001b93219eaa0_0;
E_000001b9320df050/0 .event negedge, v000001b93219e820_0;
E_000001b9320df050/1 .event posedge, v000001b932113d50_0;
E_000001b9320df050 .event/or E_000001b9320df050/0, E_000001b9320df050/1;
S_000001b93219aa00 .scope module, "timer_inst" "timer" 4 393, 37 23 0, S_000001b931db72a0;
 .timescale -9 -12;
    .port_info 0 /INPUT 1 "clk";
    .port_info 1 /INPUT 1 "rst_n";
    .port_info 2 /INPUT 3 "reg_addr";
    .port_info 3 /INPUT 1 "reg_we";
    .port_info 4 /INPUT 32 "reg_wdata";
    .port_info 5 /OUTPUT 32 "reg_rdata";
    .port_info 6 /OUTPUT 1 "pwm_out";
    .port_info 7 /OUTPUT 1 "irq";
v000001b93219fc20_0 .var "auto_reload", 0 0;
v000001b93219dd80_0 .net "clk", 0 0, v000001b9321ab040_0;  alias, 1 drivers
v000001b93219edc0_0 .var "compare", 31 0;
v000001b93219e960_0 .var "count", 31 0;
v000001b93219f2c0_0 .var "en", 0 0;
v000001b93219f900_0 .var "irq", 0 0;
v000001b93219dc40_0 .var "irq_en", 0 0;
v000001b93219d6a0_0 .var "one_shot", 0 0;
v000001b93219e140_0 .var "overflow", 0 0;
v000001b93219ebe0_0 .var "period", 31 0;
v000001b93219e8c0_0 .var "pre_cnt", 15 0;
v000001b93219de20_0 .var "prescale", 15 0;
v000001b93219ec80_0 .var "pwm_en", 0 0;
v000001b93219f040_0 .var "pwm_out", 0 0;
v000001b93219f5e0_0 .net "reg_addr", 2 0, L_000001b93220b680;  1 drivers
v000001b93219f720_0 .var "reg_rdata", 31 0;
v000001b93219ed20_0 .net "reg_wdata", 31 0, L_000001b932091960;  alias, 1 drivers
v000001b93219ee60_0 .net "reg_we", 0 0, L_000001b932092920;  1 drivers
v000001b93219f7c0_0 .net "rst_n", 0 0, L_000001b9320932c0;  1 drivers
v000001b93219ef00_0 .var "running", 0 0;
v000001b93219dec0_0 .var "tick", 0 0;
E_000001b9320de810/0 .event anyedge, v000001b93219f5e0_0, v000001b93219dc40_0, v000001b93219d6a0_0, v000001b93219ec80_0;
E_000001b9320de810/1 .event anyedge, v000001b93219fc20_0, v000001b93219f2c0_0, v000001b93219ebe0_0, v000001b93219edc0_0;
E_000001b9320de810/2 .event anyedge, v000001b93219e960_0, v000001b93219ef00_0, v000001b93219e140_0, v000001b93219de20_0;
E_000001b9320de810 .event/or E_000001b9320de810/0, E_000001b9320de810/1, E_000001b9320de810/2;
S_000001b932199100 .scope module, "uart_inst" "uart" 4 349, 38 31 0, S_000001b931db72a0;
 .timescale -9 -12;
    .port_info 0 /INPUT 1 "clk";
    .port_info 1 /INPUT 1 "rst_n";
    .port_info 2 /OUTPUT 1 "tx";
    .port_info 3 /INPUT 1 "rx";
    .port_info 4 /INPUT 2 "reg_addr";
    .port_info 5 /INPUT 1 "reg_we";
    .port_info 6 /INPUT 32 "reg_wdata";
    .port_info 7 /OUTPUT 32 "reg_rdata";
    .port_info 8 /OUTPUT 1 "irq_tx";
    .port_info 9 /OUTPUT 1 "irq_rx";
P_000001b9320de8d0 .param/l "BAUD_DIV" 0 38 32, +C4<00000000000000000000001101100100>;
v000001b93219e1e0_0 .net *"_ivl_0", 31 0, L_000001b93220afa0;  1 drivers
L_000001b9321af090 .functor BUFT 1, C4<0000000000000000000000000000>, C4<0>, C4<0>, C4<0>;
v000001b93219e640_0 .net *"_ivl_11", 27 0, L_000001b9321af090;  1 drivers
L_000001b9321af0d8 .functor BUFT 1, C4<00000000000000000000000000001000>, C4<0>, C4<0>, C4<0>;
v000001b93219fcc0_0 .net/2u *"_ivl_12", 31 0, L_000001b9321af0d8;  1 drivers
v000001b93219fa40_0 .net *"_ivl_16", 31 0, L_000001b93220b540;  1 drivers
L_000001b9321af120 .functor BUFT 1, C4<0000000000000000000000000000>, C4<0>, C4<0>, C4<0>;
v000001b93219df60_0 .net *"_ivl_19", 27 0, L_000001b9321af120;  1 drivers
L_000001b9321af168 .functor BUFT 1, C4<00000000000000000000000000000000>, C4<0>, C4<0>, C4<0>;
v000001b93219f400_0 .net/2u *"_ivl_20", 31 0, L_000001b9321af168;  1 drivers
v000001b93219e500_0 .net *"_ivl_24", 31 0, L_000001b93220b900;  1 drivers
L_000001b9321af1b0 .functor BUFT 1, C4<0000000000000000000000000000>, C4<0>, C4<0>, C4<0>;
v000001b93219dba0_0 .net *"_ivl_27", 27 0, L_000001b9321af1b0;  1 drivers
L_000001b9321af1f8 .functor BUFT 1, C4<00000000000000000000000000001000>, C4<0>, C4<0>, C4<0>;
v000001b93219e000_0 .net/2u *"_ivl_28", 31 0, L_000001b9321af1f8;  1 drivers
L_000001b9321af000 .functor BUFT 1, C4<0000000000000000000000000000>, C4<0>, C4<0>, C4<0>;
v000001b93219f0e0_0 .net *"_ivl_3", 27 0, L_000001b9321af000;  1 drivers
L_000001b9321af048 .functor BUFT 1, C4<00000000000000000000000000000000>, C4<0>, C4<0>, C4<0>;
v000001b93219f180_0 .net/2u *"_ivl_4", 31 0, L_000001b9321af048;  1 drivers
v000001b93219e6e0_0 .net *"_ivl_8", 31 0, L_000001b93220bcc0;  1 drivers
v000001b93219f220_0 .var "baud_cnt", 10 0;
v000001b93219d920_0 .var "baud_tick", 0 0;
v000001b93219f360_0 .net "clk", 0 0, v000001b9321ab040_0;  alias, 1 drivers
v000001b93219f4a0_0 .var "ctrl_reg", 1 0;
v000001b93219d740_0 .var "irq_rx", 0 0;
v000001b93219e280_0 .var "irq_tx", 0 0;
v000001b93219db00_0 .net "reg_addr", 1 0, L_000001b93220c6c0;  1 drivers
v000001b93219f860_0 .var "reg_rdata", 31 0;
v000001b93219fd60_0 .net "reg_wdata", 31 0, L_000001b932091960;  alias, 1 drivers
v000001b93219e320_0 .net "reg_we", 0 0, L_000001b932093e20;  1 drivers
v000001b93219e3c0_0 .net "rst_n", 0 0, L_000001b932092fb0;  1 drivers
v000001b93219d7e0_0 .net "rx", 0 0, v000001b9321aa5a0_0;  alias, 1 drivers
v000001b93219fae0_0 .var "rx_baud_cnt", 10 0;
v000001b93219fb80_0 .var "rx_bit_cnt", 3 0;
v000001b93219da60_0 .var "rx_busy", 0 0;
v000001b93219d880_0 .var "rx_count", 3 0;
v000001b93219e460_0 .net "rx_empty", 0 0, L_000001b93220c260;  1 drivers
v000001b9321a0e40 .array "rx_fifo", 7 0, 7 0;
v000001b9321a0d00_0 .net "rx_full", 0 0, L_000001b93220bf40;  1 drivers
v000001b9321a1480_0 .var "rx_overrun", 0 0;
v000001b9321a0da0_0 .var "rx_rd_ptr", 2 0;
v000001b93219fea0_0 .var "rx_sample", 0 0;
v000001b9321a1ac0_0 .var "rx_shift_reg", 7 0;
v000001b9321a01c0_0 .var "rx_wr_ptr", 2 0;
v000001b93219ff40_0 .var "tx", 0 0;
v000001b9321a2380_0 .var "tx_bit_cnt", 3 0;
v000001b9321a1980_0 .var "tx_busy", 0 0;
v000001b9321a0260_0 .var "tx_count", 3 0;
v000001b9321a10c0_0 .net "tx_empty", 0 0, L_000001b93220b9a0;  1 drivers
v000001b9321a1340 .array "tx_fifo", 7 0, 7 0;
v000001b9321a1b60_0 .net "tx_full", 0 0, L_000001b93220b4a0;  1 drivers
v000001b9321a0440_0 .var "tx_rd_ptr", 2 0;
v000001b9321a1f20_0 .var "tx_shift_reg", 9 0;
v000001b9321a03a0_0 .var "tx_wr_ptr", 2 0;
v000001b9321a0e40_0 .array/port v000001b9321a0e40, 0;
v000001b9321a0e40_1 .array/port v000001b9321a0e40, 1;
E_000001b9320de250/0 .event anyedge, v000001b93219db00_0, v000001b9321a0da0_0, v000001b9321a0e40_0, v000001b9321a0e40_1;
v000001b9321a0e40_2 .array/port v000001b9321a0e40, 2;
v000001b9321a0e40_3 .array/port v000001b9321a0e40, 3;
v000001b9321a0e40_4 .array/port v000001b9321a0e40, 4;
v000001b9321a0e40_5 .array/port v000001b9321a0e40, 5;
E_000001b9320de250/1 .event anyedge, v000001b9321a0e40_2, v000001b9321a0e40_3, v000001b9321a0e40_4, v000001b9321a0e40_5;
v000001b9321a0e40_6 .array/port v000001b9321a0e40, 6;
v000001b9321a0e40_7 .array/port v000001b9321a0e40, 7;
E_000001b9320de250/2 .event anyedge, v000001b9321a0e40_6, v000001b9321a0e40_7, v000001b9321a1480_0, v000001b9321a0d00_0;
E_000001b9320de250/3 .event anyedge, v000001b93219e460_0, v000001b9321a1b60_0, v000001b9321a10c0_0, v000001b93219f4a0_0;
E_000001b9320de250 .event/or E_000001b9320de250/0, E_000001b9320de250/1, E_000001b9320de250/2, E_000001b9320de250/3;
L_000001b93220afa0 .concat [ 4 28 0 0], v000001b9321a0260_0, L_000001b9321af000;
L_000001b93220b9a0 .cmp/eq 32, L_000001b93220afa0, L_000001b9321af048;
L_000001b93220bcc0 .concat [ 4 28 0 0], v000001b9321a0260_0, L_000001b9321af090;
L_000001b93220b4a0 .cmp/eq 32, L_000001b93220bcc0, L_000001b9321af0d8;
L_000001b93220b540 .concat [ 4 28 0 0], v000001b93219d880_0, L_000001b9321af120;
L_000001b93220c260 .cmp/eq 32, L_000001b93220b540, L_000001b9321af168;
L_000001b93220b900 .concat [ 4 28 0 0], v000001b93219d880_0, L_000001b9321af1b0;
L_000001b93220bf40 .cmp/eq 32, L_000001b93220b900, L_000001b9321af1f8;
S_000001b9321998d0 .scope module, "us_drv_inst" "ultrasonic_driver" 4 522, 39 24 0, S_000001b931db72a0;
 .timescale -9 -12;
    .port_info 0 /INPUT 1 "clk";
    .port_info 1 /INPUT 1 "rst_n";
    .port_info 2 /INPUT 2 "reg_addr";
    .port_info 3 /INPUT 1 "reg_we";
    .port_info 4 /INPUT 32 "reg_wdata";
    .port_info 5 /OUTPUT 32 "reg_rdata";
    .port_info 6 /OUTPUT 1 "trigger";
    .port_info 7 /INPUT 1 "echo";
P_000001b93205dc60 .param/l "ST_CALC" 1 39 44, C4<100>;
P_000001b93205dc98 .param/l "ST_IDLE" 1 39 40, C4<000>;
P_000001b93205dcd0 .param/l "ST_MEASURE" 1 39 43, C4<011>;
P_000001b93205dd08 .param/l "ST_TRIG" 1 39 41, C4<001>;
P_000001b93205dd40 .param/l "ST_WAIT_HI" 1 39 42, C4<010>;
v000001b9321a1160_0 .var "busy", 0 0;
v000001b9321a0300_0 .net "clk", 0 0, v000001b9321ab040_0;  alias, 1 drivers
v000001b9321a2100_0 .var "cnt", 19 0;
v000001b9321a24c0_0 .var "distance_cm", 31 0;
v000001b9321a0580_0 .net "echo", 0 0, o000001b932125e08;  alias, 0 drivers
v000001b9321a1d40_0 .var "echo_cnt", 31 0;
v000001b9321a06c0_0 .var "echo_sync0", 0 0;
v000001b9321a1e80_0 .var "echo_sync1", 0 0;
v000001b9321a1de0_0 .net "reg_addr", 1 0, L_000001b93220c3a0;  1 drivers
v000001b9321a1fc0_0 .var "reg_rdata", 31 0;
v000001b9321a1200_0 .net "reg_wdata", 31 0, L_000001b932091960;  alias, 1 drivers
v000001b9321a04e0_0 .net "reg_we", 0 0, L_000001b932092df0;  1 drivers
v000001b9321a0ee0_0 .net "rst_n", 0 0, L_000001b9320926f0;  1 drivers
v000001b9321a0b20_0 .var "state", 2 0;
v000001b9321a2560_0 .var "trigger", 0 0;
E_000001b9320de350 .event anyedge, v000001b9321a1de0_0, v000001b9321a1160_0, v000001b9321a24c0_0;
E_000001b9320deb10/0 .event negedge, v000001b9321a0ee0_0;
E_000001b9320deb10/1 .event posedge, v000001b932113d50_0;
E_000001b9320deb10 .event/or E_000001b9320deb10/0, E_000001b9320deb10/1;
S_000001b932199a60 .scope module, "wdt_inst" "watchdog_timer" 4 416, 40 22 0, S_000001b931db72a0;
 .timescale -9 -12;
    .port_info 0 /INPUT 1 "clk";
    .port_info 1 /INPUT 1 "rst_n";
    .port_info 2 /INPUT 2 "reg_addr";
    .port_info 3 /INPUT 1 "reg_we";
    .port_info 4 /INPUT 32 "reg_wdata";
    .port_info 5 /OUTPUT 32 "reg_rdata";
    .port_info 6 /OUTPUT 1 "wdt_irq";
    .port_info 7 /OUTPUT 1 "wdt_reset_out";
v000001b9321a1c00_0 .net "clk", 0 0, v000001b9321ab040_0;  alias, 1 drivers
v000001b9321a1ca0_0 .net "reg_addr", 1 0, L_000001b93220b7c0;  1 drivers
v000001b9321a0620_0 .var "reg_rdata", 31 0;
v000001b9321a0940_0 .net "reg_wdata", 31 0, L_000001b932091960;  alias, 1 drivers
v000001b93219ffe0_0 .net "reg_we", 0 0, L_000001b932093090;  1 drivers
v000001b9321a0760_0 .net "rst_n", 0 0, v000001b9321ab400_0;  alias, 1 drivers
v000001b9321a0f80_0 .var "wdt_count", 31 0;
v000001b9321a12a0_0 .var "wdt_en", 0 0;
v000001b9321a13e0_0 .var "wdt_irq", 0 0;
v000001b9321a09e0_0 .var "wdt_irq_en", 0 0;
v000001b9321a0a80_0 .var "wdt_load", 31 0;
v000001b9321a1020_0 .var "wdt_reset_out", 0 0;
v000001b9321a1520_0 .var "wdt_status_sticky", 0 0;
E_000001b9320dea50/0 .event anyedge, v000001b9321a1ca0_0, v000001b9321a09e0_0, v000001b9321a12a0_0, v000001b9321a0a80_0;
E_000001b9320dea50/1 .event anyedge, v000001b9321a0f80_0, v000001b9321a1520_0;
E_000001b9320dea50 .event/or E_000001b9320dea50/0, E_000001b9320dea50/1;
E_000001b9320de9d0/0 .event negedge, v000001b9321a0760_0;
E_000001b9320de9d0/1 .event posedge, v000001b932113d50_0;
E_000001b9320de9d0 .event/or E_000001b9320de9d0/0, E_000001b9320de9d0/1;
    .scope S_000001b931e13420;
T_1 ;
    %wait E_000001b9320dc710;
    %load/vec4 v000001b932112ef0_0;
    %nor/r;
    %flag_set/vec4 8;
    %jmp/0xz  T_1.0, 8;
    %pushi/vec4 0, 0, 8;
    %assign/vec4 v000001b9321137b0_0, 0;
    %pushi/vec4 0, 0, 1;
    %assign/vec4 v000001b932113210_0, 0;
    %pushi/vec4 0, 0, 1;
    %assign/vec4 v000001b932112f90_0, 0;
    %jmp T_1.1;
T_1.0 ;
    %pushi/vec4 0, 0, 1;
    %assign/vec4 v000001b932112f90_0, 0;
    %load/vec4 v000001b9321137b0_0;
    %pad/u 32;
    %cmpi/u 99, 0, 32;
    %flag_inv 5; GE is !LT
    %jmp/0xz  T_1.2, 5;
    %pushi/vec4 0, 0, 8;
    %assign/vec4 v000001b9321137b0_0, 0;
    %load/vec4 v000001b932113210_0;
    %inv;
    %assign/vec4 v000001b932113210_0, 0;
    %pushi/vec4 1, 0, 1;
    %assign/vec4 v000001b932112f90_0, 0;
    %jmp T_1.3;
T_1.2 ;
    %load/vec4 v000001b9321137b0_0;
    %addi 1, 0, 8;
    %assign/vec4 v000001b9321137b0_0, 0;
T_1.3 ;
T_1.1 ;
    %jmp T_1;
    .thread T_1;
    .scope S_000001b932170b80;
T_2 ;
    %wait E_000001b9320dc0d0;
    %load/vec4 v000001b931de10d0_0;
    %nor/r;
    %flag_set/vec4 8;
    %jmp/0xz  T_2.0, 8;
    %pushi/vec4 0, 0, 32;
    %assign/vec4 v000001b931de1030_0, 0;
    %jmp T_2.1;
T_2.0 ;
    %load/vec4 v000001b931de0ef0_0;
    %flag_set/vec4 8;
    %jmp/0xz  T_2.2, 8;
    %load/vec4 v000001b931de0630_0;
    %assign/vec4 v000001b931de1030_0, 0;
    %jmp T_2.3;
T_2.2 ;
    %load/vec4 v000001b931de1ad0_0;
    %flag_set/vec4 8;
    %jmp/0xz  T_2.4, 8;
    %load/vec4 v000001b931de06d0_0;
    %assign/vec4 v000001b931de1030_0, 0;
    %jmp T_2.5;
T_2.4 ;
    %load/vec4 v000001b931de1710_0;
    %nor/r;
    %flag_set/vec4 8;
    %jmp/0xz  T_2.6, 8;
    %load/vec4 v000001b931de1030_0;
    %addi 4, 0, 32;
    %assign/vec4 v000001b931de1030_0, 0;
T_2.6 ;
T_2.5 ;
T_2.3 ;
T_2.1 ;
    %jmp T_2;
    .thread T_2;
    .scope S_000001b931d25bc0;
T_3 ;
    %wait E_000001b9320dc0d0;
    %load/vec4 v000001b931de0090_0;
    %nor/r;
    %flag_set/vec4 8;
    %jmp/0xz  T_3.0, 8;
    %pushi/vec4 0, 0, 32;
    %assign/vec4 v000001b931ddfd70_0, 0;
    %jmp T_3.1;
T_3.0 ;
    %load/vec4 v000001b931de0310_0;
    %flag_set/vec4 8;
    %jmp/0xz  T_3.2, 8;
    %pushi/vec4 0, 0, 32;
    %assign/vec4 v000001b931ddfd70_0, 0;
    %jmp T_3.3;
T_3.2 ;
    %load/vec4 v000001b931de0c70_0;
    %nor/r;
    %flag_set/vec4 8;
    %jmp/0xz  T_3.4, 8;
    %load/vec4 v000001b931ddfff0_0;
    %assign/vec4 v000001b931ddfd70_0, 0;
T_3.4 ;
T_3.3 ;
T_3.1 ;
    %jmp T_3;
    .thread T_3;
    .scope S_000001b931d7e490;
T_4 ;
    %wait E_000001b9320dc0d0;
    %load/vec4 v000001b931de1e90_0;
    %nor/r;
    %flag_set/vec4 8;
    %jmp/1 T_4.2, 8;
    %load/vec4 v000001b931de13f0_0;
    %flag_set/vec4 9;
    %flag_or 8, 9;
T_4.2;
    %jmp/0xz  T_4.0, 8;
    %pushi/vec4 0, 0, 32;
    %assign/vec4 v000001b931de09f0_0, 0;
    %pushi/vec4 0, 0, 32;
    %assign/vec4 v000001b931de1850_0, 0;
    %jmp T_4.1;
T_4.0 ;
    %load/vec4 v000001b931de1170_0;
    %nor/r;
    %flag_set/vec4 8;
    %jmp/0xz  T_4.3, 8;
    %load/vec4 v000001b931ddfeb0_0;
    %assign/vec4 v000001b931de09f0_0, 0;
    %load/vec4 v000001b931de1df0_0;
    %assign/vec4 v000001b931de1850_0, 0;
T_4.3 ;
T_4.1 ;
    %jmp T_4;
    .thread T_4;
    .scope S_000001b931dd7470;
T_5 ;
    %wait E_000001b9320dd210;
    %pushi/vec4 0, 0, 5;
    %store/vec4 v000001b9320cf660_0, 0, 5;
    %pushi/vec4 0, 0, 1;
    %store/vec4 v000001b9320d0ba0_0, 0, 1;
    %pushi/vec4 0, 0, 1;
    %store/vec4 v000001b932038e30_0, 0, 1;
    %pushi/vec4 0, 0, 1;
    %store/vec4 v000001b9320a2f20_0, 0, 1;
    %pushi/vec4 0, 0, 1;
    %store/vec4 v000001b932038d90_0, 0, 1;
    %pushi/vec4 0, 0, 1;
    %store/vec4 v000001b9320a36a0_0, 0, 1;
    %pushi/vec4 0, 0, 1;
    %store/vec4 v000001b9320cff20_0, 0, 1;
    %pushi/vec4 0, 0, 1;
    %store/vec4 v000001b932038750_0, 0, 1;
    %pushi/vec4 0, 0, 1;
    %store/vec4 v000001b9320a3ba0_0, 0, 1;
    %pushi/vec4 0, 0, 1;
    %store/vec4 v000001b9320cf160_0, 0, 1;
    %pushi/vec4 0, 0, 1;
    %store/vec4 v000001b932039830_0, 0, 1;
    %pushi/vec4 0, 0, 1;
    %store/vec4 v000001b932038570_0, 0, 1;
    %pushi/vec4 0, 0, 1;
    %store/vec4 v000001b932039d30_0, 0, 1;
    %pushi/vec4 0, 0, 1;
    %store/vec4 v000001b932039ab0_0, 0, 1;
    %pushi/vec4 0, 0, 1;
    %store/vec4 v000001b9320d0100_0, 0, 1;
    %pushi/vec4 0, 0, 1;
    %store/vec4 v000001b932039bf0_0, 0, 1;
    %pushi/vec4 0, 0, 1;
    %store/vec4 v000001b93203a050_0, 0, 1;
    %load/vec4 v000001b9320a2fc0_0;
    %dup/vec4;
    %pushi/vec4 0, 0, 6;
    %cmp/u;
    %jmp/1 T_5.0, 6;
    %dup/vec4;
    %pushi/vec4 1, 0, 6;
    %cmp/u;
    %jmp/1 T_5.1, 6;
    %dup/vec4;
    %pushi/vec4 2, 0, 6;
    %cmp/u;
    %jmp/1 T_5.2, 6;
    %dup/vec4;
    %pushi/vec4 3, 0, 6;
    %cmp/u;
    %jmp/1 T_5.3, 6;
    %dup/vec4;
    %pushi/vec4 4, 0, 6;
    %cmp/u;
    %jmp/1 T_5.4, 6;
    %dup/vec4;
    %pushi/vec4 5, 0, 6;
    %cmp/u;
    %jmp/1 T_5.5, 6;
    %dup/vec4;
    %pushi/vec4 6, 0, 6;
    %cmp/u;
    %jmp/1 T_5.6, 6;
    %dup/vec4;
    %pushi/vec4 7, 0, 6;
    %cmp/u;
    %jmp/1 T_5.7, 6;
    %dup/vec4;
    %pushi/vec4 8, 0, 6;
    %cmp/u;
    %jmp/1 T_5.8, 6;
    %dup/vec4;
    %pushi/vec4 9, 0, 6;
    %cmp/u;
    %jmp/1 T_5.9, 6;
    %dup/vec4;
    %pushi/vec4 10, 0, 6;
    %cmp/u;
    %jmp/1 T_5.10, 6;
    %dup/vec4;
    %pushi/vec4 11, 0, 6;
    %cmp/u;
    %jmp/1 T_5.11, 6;
    %dup/vec4;
    %pushi/vec4 12, 0, 6;
    %cmp/u;
    %jmp/1 T_5.12, 6;
    %dup/vec4;
    %pushi/vec4 13, 0, 6;
    %cmp/u;
    %jmp/1 T_5.13, 6;
    %dup/vec4;
    %pushi/vec4 14, 0, 6;
    %cmp/u;
    %jmp/1 T_5.14, 6;
    %dup/vec4;
    %pushi/vec4 15, 0, 6;
    %cmp/u;
    %jmp/1 T_5.15, 6;
    %dup/vec4;
    %pushi/vec4 16, 0, 6;
    %cmp/u;
    %jmp/1 T_5.16, 6;
    %dup/vec4;
    %pushi/vec4 17, 0, 6;
    %cmp/u;
    %jmp/1 T_5.17, 6;
    %dup/vec4;
    %pushi/vec4 18, 0, 6;
    %cmp/u;
    %jmp/1 T_5.18, 6;
    %dup/vec4;
    %pushi/vec4 19, 0, 6;
    %cmp/u;
    %jmp/1 T_5.19, 6;
    %dup/vec4;
    %pushi/vec4 20, 0, 6;
    %cmp/u;
    %jmp/1 T_5.20, 6;
    %dup/vec4;
    %pushi/vec4 21, 0, 6;
    %cmp/u;
    %jmp/1 T_5.21, 6;
    %dup/vec4;
    %pushi/vec4 22, 0, 6;
    %cmp/u;
    %jmp/1 T_5.22, 6;
    %dup/vec4;
    %pushi/vec4 23, 0, 6;
    %cmp/u;
    %jmp/1 T_5.23, 6;
    %dup/vec4;
    %pushi/vec4 24, 0, 6;
    %cmp/u;
    %jmp/1 T_5.24, 6;
    %dup/vec4;
    %pushi/vec4 28, 0, 6;
    %cmp/u;
    %jmp/1 T_5.25, 6;
    %dup/vec4;
    %pushi/vec4 29, 0, 6;
    %cmp/u;
    %jmp/1 T_5.26, 6;
    %dup/vec4;
    %pushi/vec4 30, 0, 6;
    %cmp/u;
    %jmp/1 T_5.27, 6;
    %dup/vec4;
    %pushi/vec4 31, 0, 6;
    %cmp/u;
    %jmp/1 T_5.28, 6;
    %dup/vec4;
    %pushi/vec4 25, 0, 6;
    %cmp/u;
    %jmp/1 T_5.29, 6;
    %dup/vec4;
    %pushi/vec4 26, 0, 6;
    %cmp/u;
    %jmp/1 T_5.30, 6;
    %dup/vec4;
    %pushi/vec4 27, 0, 6;
    %cmp/u;
    %jmp/1 T_5.31, 6;
    %dup/vec4;
    %pushi/vec4 32, 0, 6;
    %cmp/u;
    %jmp/1 T_5.32, 6;
    %dup/vec4;
    %pushi/vec4 33, 0, 6;
    %cmp/u;
    %jmp/1 T_5.33, 6;
    %dup/vec4;
    %pushi/vec4 34, 0, 6;
    %cmp/u;
    %jmp/1 T_5.34, 6;
    %dup/vec4;
    %pushi/vec4 35, 0, 6;
    %cmp/u;
    %jmp/1 T_5.35, 6;
    %dup/vec4;
    %pushi/vec4 36, 0, 6;
    %cmp/u;
    %jmp/1 T_5.36, 6;
    %dup/vec4;
    %pushi/vec4 37, 0, 6;
    %cmp/u;
    %jmp/1 T_5.37, 6;
    %dup/vec4;
    %pushi/vec4 63, 0, 6;
    %cmp/u;
    %jmp/1 T_5.38, 6;
    %jmp T_5.40;
T_5.0 ;
    %jmp T_5.40;
T_5.1 ;
    %pushi/vec4 0, 0, 5;
    %store/vec4 v000001b9320cf660_0, 0, 5;
    %pushi/vec4 1, 0, 1;
    %store/vec4 v000001b9320a36a0_0, 0, 1;
    %pushi/vec4 1, 0, 1;
    %store/vec4 v000001b9320cf160_0, 0, 1;
    %jmp T_5.40;
T_5.2 ;
    %pushi/vec4 0, 0, 5;
    %store/vec4 v000001b9320cf660_0, 0, 5;
    %pushi/vec4 1, 0, 1;
    %store/vec4 v000001b9320a36a0_0, 0, 1;
    %pushi/vec4 1, 0, 1;
    %store/vec4 v000001b9320d0ba0_0, 0, 1;
    %pushi/vec4 1, 0, 1;
    %store/vec4 v000001b9320cf160_0, 0, 1;
    %jmp T_5.40;
T_5.3 ;
    %pushi/vec4 2, 0, 5;
    %store/vec4 v000001b9320cf660_0, 0, 5;
    %pushi/vec4 1, 0, 1;
    %store/vec4 v000001b9320a36a0_0, 0, 1;
    %pushi/vec4 1, 0, 1;
    %store/vec4 v000001b9320cf160_0, 0, 1;
    %jmp T_5.40;
T_5.4 ;
    %pushi/vec4 3, 0, 5;
    %store/vec4 v000001b9320cf660_0, 0, 5;
    %pushi/vec4 1, 0, 1;
    %store/vec4 v000001b9320a36a0_0, 0, 1;
    %pushi/vec4 1, 0, 1;
    %store/vec4 v000001b9320cf160_0, 0, 1;
    %jmp T_5.40;
T_5.5 ;
    %pushi/vec4 4, 0, 5;
    %store/vec4 v000001b9320cf660_0, 0, 5;
    %pushi/vec4 1, 0, 1;
    %store/vec4 v000001b9320a36a0_0, 0, 1;
    %pushi/vec4 1, 0, 1;
    %store/vec4 v000001b9320cf160_0, 0, 1;
    %jmp T_5.40;
T_5.6 ;
    %pushi/vec4 5, 0, 5;
    %store/vec4 v000001b9320cf660_0, 0, 5;
    %pushi/vec4 1, 0, 1;
    %store/vec4 v000001b9320a36a0_0, 0, 1;
    %pushi/vec4 1, 0, 1;
    %store/vec4 v000001b9320cf160_0, 0, 1;
    %jmp T_5.40;
T_5.7 ;
    %pushi/vec4 6, 0, 5;
    %store/vec4 v000001b9320cf660_0, 0, 5;
    %pushi/vec4 1, 0, 1;
    %store/vec4 v000001b9320a36a0_0, 0, 1;
    %pushi/vec4 1, 0, 1;
    %store/vec4 v000001b9320cf160_0, 0, 1;
    %jmp T_5.40;
T_5.8 ;
    %pushi/vec4 7, 0, 5;
    %store/vec4 v000001b9320cf660_0, 0, 5;
    %pushi/vec4 1, 0, 1;
    %store/vec4 v000001b9320a36a0_0, 0, 1;
    %pushi/vec4 1, 0, 1;
    %store/vec4 v000001b9320cf160_0, 0, 1;
    %jmp T_5.40;
T_5.9 ;
    %pushi/vec4 8, 0, 5;
    %store/vec4 v000001b9320cf660_0, 0, 5;
    %pushi/vec4 1, 0, 1;
    %store/vec4 v000001b9320a36a0_0, 0, 1;
    %pushi/vec4 1, 0, 1;
    %store/vec4 v000001b9320cf160_0, 0, 1;
    %jmp T_5.40;
T_5.10 ;
    %pushi/vec4 9, 0, 5;
    %store/vec4 v000001b9320cf660_0, 0, 5;
    %pushi/vec4 1, 0, 1;
    %store/vec4 v000001b9320a36a0_0, 0, 1;
    %pushi/vec4 1, 0, 1;
    %store/vec4 v000001b9320cf160_0, 0, 1;
    %jmp T_5.40;
T_5.11 ;
    %pushi/vec4 10, 0, 5;
    %store/vec4 v000001b9320cf660_0, 0, 5;
    %pushi/vec4 1, 0, 1;
    %store/vec4 v000001b9320a36a0_0, 0, 1;
    %pushi/vec4 1, 0, 1;
    %store/vec4 v000001b9320cf160_0, 0, 1;
    %jmp T_5.40;
T_5.12 ;
    %pushi/vec4 11, 0, 5;
    %store/vec4 v000001b9320cf660_0, 0, 5;
    %pushi/vec4 1, 0, 1;
    %store/vec4 v000001b9320a36a0_0, 0, 1;
    %pushi/vec4 1, 0, 1;
    %store/vec4 v000001b9320cf160_0, 0, 1;
    %jmp T_5.40;
T_5.13 ;
    %pushi/vec4 12, 0, 5;
    %store/vec4 v000001b9320cf660_0, 0, 5;
    %pushi/vec4 1, 0, 1;
    %store/vec4 v000001b9320a36a0_0, 0, 1;
    %pushi/vec4 1, 0, 1;
    %store/vec4 v000001b9320cf160_0, 0, 1;
    %jmp T_5.40;
T_5.14 ;
    %pushi/vec4 13, 0, 5;
    %store/vec4 v000001b9320cf660_0, 0, 5;
    %pushi/vec4 1, 0, 1;
    %store/vec4 v000001b9320a36a0_0, 0, 1;
    %pushi/vec4 1, 0, 1;
    %store/vec4 v000001b9320cf160_0, 0, 1;
    %jmp T_5.40;
T_5.15 ;
    %pushi/vec4 14, 0, 5;
    %store/vec4 v000001b9320cf660_0, 0, 5;
    %pushi/vec4 1, 0, 1;
    %store/vec4 v000001b9320a36a0_0, 0, 1;
    %pushi/vec4 1, 0, 1;
    %store/vec4 v000001b9320cf160_0, 0, 1;
    %jmp T_5.40;
T_5.16 ;
    %pushi/vec4 15, 0, 5;
    %store/vec4 v000001b9320cf660_0, 0, 5;
    %pushi/vec4 1, 0, 1;
    %store/vec4 v000001b9320a36a0_0, 0, 1;
    %pushi/vec4 1, 0, 1;
    %store/vec4 v000001b9320cf160_0, 0, 1;
    %jmp T_5.40;
T_5.17 ;
    %pushi/vec4 16, 0, 5;
    %store/vec4 v000001b9320cf660_0, 0, 5;
    %pushi/vec4 1, 0, 1;
    %store/vec4 v000001b9320a36a0_0, 0, 1;
    %pushi/vec4 1, 0, 1;
    %store/vec4 v000001b9320cf160_0, 0, 1;
    %jmp T_5.40;
T_5.18 ;
    %pushi/vec4 17, 0, 5;
    %store/vec4 v000001b9320cf660_0, 0, 5;
    %pushi/vec4 1, 0, 1;
    %store/vec4 v000001b9320a36a0_0, 0, 1;
    %pushi/vec4 1, 0, 1;
    %store/vec4 v000001b9320cf160_0, 0, 1;
    %jmp T_5.40;
T_5.19 ;
    %pushi/vec4 18, 0, 5;
    %store/vec4 v000001b9320cf660_0, 0, 5;
    %pushi/vec4 1, 0, 1;
    %store/vec4 v000001b9320cf160_0, 0, 1;
    %jmp T_5.40;
T_5.20 ;
    %pushi/vec4 19, 0, 5;
    %store/vec4 v000001b9320cf660_0, 0, 5;
    %pushi/vec4 1, 0, 1;
    %store/vec4 v000001b9320a36a0_0, 0, 1;
    %jmp T_5.40;
T_5.21 ;
    %pushi/vec4 0, 0, 5;
    %store/vec4 v000001b9320cf660_0, 0, 5;
    %pushi/vec4 1, 0, 1;
    %store/vec4 v000001b9320d0ba0_0, 0, 1;
    %pushi/vec4 1, 0, 1;
    %store/vec4 v000001b932038e30_0, 0, 1;
    %pushi/vec4 1, 0, 1;
    %store/vec4 v000001b9320a36a0_0, 0, 1;
    %pushi/vec4 1, 0, 1;
    %store/vec4 v000001b9320a3ba0_0, 0, 1;
    %jmp T_5.40;
T_5.22 ;
    %pushi/vec4 0, 0, 5;
    %store/vec4 v000001b9320cf660_0, 0, 5;
    %pushi/vec4 1, 0, 1;
    %store/vec4 v000001b9320d0ba0_0, 0, 1;
    %pushi/vec4 1, 0, 1;
    %store/vec4 v000001b9320a2f20_0, 0, 1;
    %jmp T_5.40;
T_5.23 ;
    %pushi/vec4 0, 0, 5;
    %store/vec4 v000001b9320cf660_0, 0, 5;
    %pushi/vec4 1, 0, 1;
    %store/vec4 v000001b9320d0ba0_0, 0, 1;
    %pushi/vec4 1, 0, 1;
    %store/vec4 v000001b932038e30_0, 0, 1;
    %pushi/vec4 1, 0, 1;
    %store/vec4 v000001b9320a36a0_0, 0, 1;
    %pushi/vec4 1, 0, 1;
    %store/vec4 v000001b9320a3ba0_0, 0, 1;
    %pushi/vec4 1, 0, 1;
    %store/vec4 v000001b932038d90_0, 0, 1;
    %jmp T_5.40;
T_5.24 ;
    %pushi/vec4 0, 0, 5;
    %store/vec4 v000001b9320cf660_0, 0, 5;
    %pushi/vec4 1, 0, 1;
    %store/vec4 v000001b9320d0ba0_0, 0, 1;
    %pushi/vec4 1, 0, 1;
    %store/vec4 v000001b9320a2f20_0, 0, 1;
    %pushi/vec4 1, 0, 1;
    %store/vec4 v000001b932038d90_0, 0, 1;
    %jmp T_5.40;
T_5.25 ;
    %pushi/vec4 18, 0, 5;
    %store/vec4 v000001b9320cf660_0, 0, 5;
    %pushi/vec4 1, 0, 1;
    %store/vec4 v000001b9320cff20_0, 0, 1;
    %pushi/vec4 0, 0, 1;
    %store/vec4 v000001b9320d0ba0_0, 0, 1;
    %jmp T_5.40;
T_5.26 ;
    %pushi/vec4 18, 0, 5;
    %store/vec4 v000001b9320cf660_0, 0, 5;
    %pushi/vec4 1, 0, 1;
    %store/vec4 v000001b9320cff20_0, 0, 1;
    %pushi/vec4 0, 0, 1;
    %store/vec4 v000001b9320d0ba0_0, 0, 1;
    %jmp T_5.40;
T_5.27 ;
    %pushi/vec4 18, 0, 5;
    %store/vec4 v000001b9320cf660_0, 0, 5;
    %pushi/vec4 1, 0, 1;
    %store/vec4 v000001b9320cff20_0, 0, 1;
    %pushi/vec4 0, 0, 1;
    %store/vec4 v000001b9320d0ba0_0, 0, 1;
    %jmp T_5.40;
T_5.28 ;
    %pushi/vec4 18, 0, 5;
    %store/vec4 v000001b9320cf660_0, 0, 5;
    %pushi/vec4 1, 0, 1;
    %store/vec4 v000001b9320cff20_0, 0, 1;
    %pushi/vec4 0, 0, 1;
    %store/vec4 v000001b9320d0ba0_0, 0, 1;
    %jmp T_5.40;
T_5.29 ;
    %pushi/vec4 1, 0, 1;
    %store/vec4 v000001b932038750_0, 0, 1;
    %jmp T_5.40;
T_5.30 ;
    %pushi/vec4 1, 0, 1;
    %store/vec4 v000001b932038750_0, 0, 1;
    %pushi/vec4 1, 0, 1;
    %store/vec4 v000001b932039830_0, 0, 1;
    %pushi/vec4 1, 0, 1;
    %store/vec4 v000001b9320a36a0_0, 0, 1;
    %jmp T_5.40;
T_5.31 ;
    %pushi/vec4 1, 0, 1;
    %store/vec4 v000001b932038750_0, 0, 1;
    %pushi/vec4 1, 0, 1;
    %store/vec4 v000001b932038570_0, 0, 1;
    %jmp T_5.40;
T_5.32 ;
    %pushi/vec4 2, 0, 5;
    %store/vec4 v000001b9320cf660_0, 0, 5;
    %pushi/vec4 1, 0, 1;
    %store/vec4 v000001b9320a2f20_0, 0, 1;
    %pushi/vec4 1, 0, 1;
    %store/vec4 v000001b932039d30_0, 0, 1;
    %jmp T_5.40;
T_5.33 ;
    %pushi/vec4 0, 0, 5;
    %store/vec4 v000001b9320cf660_0, 0, 5;
    %pushi/vec4 1, 0, 1;
    %store/vec4 v000001b932038e30_0, 0, 1;
    %pushi/vec4 1, 0, 1;
    %store/vec4 v000001b932039ab0_0, 0, 1;
    %pushi/vec4 1, 0, 1;
    %store/vec4 v000001b9320a36a0_0, 0, 1;
    %pushi/vec4 1, 0, 1;
    %store/vec4 v000001b9320a3ba0_0, 0, 1;
    %jmp T_5.40;
T_5.34 ;
    %pushi/vec4 1, 0, 1;
    %store/vec4 v000001b932039bf0_0, 0, 1;
    %pushi/vec4 1, 0, 1;
    %store/vec4 v000001b9320a36a0_0, 0, 1;
    %jmp T_5.40;
T_5.35 ;
    %pushi/vec4 1, 0, 1;
    %store/vec4 v000001b93203a050_0, 0, 1;
    %jmp T_5.40;
T_5.36 ;
    %pushi/vec4 1, 0, 1;
    %store/vec4 v000001b932038750_0, 0, 1;
    %jmp T_5.40;
T_5.37 ;
    %pushi/vec4 1, 0, 1;
    %store/vec4 v000001b932038750_0, 0, 1;
    %pushi/vec4 1, 0, 1;
    %store/vec4 v000001b932038570_0, 0, 1;
    %jmp T_5.40;
T_5.38 ;
    %pushi/vec4 1, 0, 1;
    %store/vec4 v000001b9320d0100_0, 0, 1;
    %jmp T_5.40;
T_5.40 ;
    %pop/vec4 1;
    %jmp T_5;
    .thread T_5, $push;
    .scope S_000001b932170860;
T_6 ;
    %wait E_000001b9320dc0d0;
    %load/vec4 v000001b932171fb0_0;
    %nor/r;
    %flag_set/vec4 8;
    %jmp/0xz  T_6.0, 8;
    %pushi/vec4 0, 0, 32;
    %store/vec4 v000001b932172550_0, 0, 32;
T_6.2 ;
    %load/vec4 v000001b932172550_0;
    %cmpi/s 32, 0, 32;
    %jmp/0xz T_6.3, 5;
    %load/vec4 v000001b932172550_0;
    %cmpi/e 29, 0, 32;
    %jmp/0xz  T_6.4, 4;
    %pushi/vec4 98300, 0, 32;
    %ix/getv/s 3, v000001b932172550_0;
    %ix/load 4, 0, 0; Constant delay
    %assign/vec4/a/d v000001b932173310, 0, 4;
    %jmp T_6.5;
T_6.4 ;
    %pushi/vec4 0, 0, 32;
    %ix/getv/s 3, v000001b932172550_0;
    %ix/load 4, 0, 0; Constant delay
    %assign/vec4/a/d v000001b932173310, 0, 4;
T_6.5 ;
    %load/vec4 v000001b932172550_0;
    %addi 1, 0, 32;
    %store/vec4 v000001b932172550_0, 0, 32;
    %jmp T_6.2;
T_6.3 ;
    %jmp T_6.1;
T_6.0 ;
    %load/vec4 v000001b932171330_0;
    %flag_set/vec4 9;
    %flag_get/vec4 9;
    %jmp/0 T_6.8, 9;
    %load/vec4 v000001b932172af0_0;
    %pushi/vec4 0, 0, 5;
    %cmp/ne;
    %flag_get/vec4 4;
    %and;
T_6.8;
    %flag_set/vec4 8;
    %jmp/0xz  T_6.6, 8;
    %load/vec4 v000001b9321715b0_0;
    %load/vec4 v000001b932172af0_0;
    %pad/u 7;
    %ix/vec4 3;
    %ix/load 4, 0, 0; Constant delay
    %assign/vec4/a/d v000001b932173310, 0, 4;
T_6.6 ;
    %load/vec4 v000001b9321734f0_0;
    %flag_set/vec4 8;
    %jmp/0xz  T_6.9, 8;
    %ix/load 4, 29, 0;
    %flag_set/imm 4, 0;
    %load/vec4a v000001b932173310, 4;
    %subi 4, 0, 32;
    %ix/load 3, 29, 0;
    %flag_set/imm 4, 0;
    %ix/load 4, 0, 0; Constant delay
    %assign/vec4/a/d v000001b932173310, 0, 4;
    %jmp T_6.10;
T_6.9 ;
    %load/vec4 v000001b932171ab0_0;
    %flag_set/vec4 8;
    %jmp/0xz  T_6.11, 8;
    %ix/load 4, 29, 0;
    %flag_set/imm 4, 0;
    %load/vec4a v000001b932173310, 4;
    %addi 4, 0, 32;
    %ix/load 3, 29, 0;
    %flag_set/imm 4, 0;
    %ix/load 4, 0, 0; Constant delay
    %assign/vec4/a/d v000001b932173310, 0, 4;
T_6.11 ;
T_6.10 ;
T_6.1 ;
    %jmp T_6;
    .thread T_6;
    .scope S_000001b931d7e300;
T_7 ;
    %wait E_000001b9320dc0d0;
    %load/vec4 v000001b931de12b0_0;
    %nor/r;
    %flag_set/vec4 8;
    %jmp/1 T_7.2, 8;
    %load/vec4 v000001b931de3330_0;
    %flag_set/vec4 9;
    %flag_or 8, 9;
T_7.2;
    %jmp/0xz  T_7.0, 8;
    %pushi/vec4 0, 0, 6;
    %assign/vec4 v000001b931de3010_0, 0;
    %pushi/vec4 0, 0, 5;
    %assign/vec4 v000001b931de1fd0_0, 0;
    %pushi/vec4 0, 0, 1;
    %assign/vec4 v000001b931de30b0_0, 0;
    %pushi/vec4 0, 0, 1;
    %assign/vec4 v000001b931de31f0_0, 0;
    %pushi/vec4 0, 0, 1;
    %assign/vec4 v000001b931de2b10_0, 0;
    %pushi/vec4 0, 0, 1;
    %assign/vec4 v000001b931de2430_0, 0;
    %pushi/vec4 0, 0, 1;
    %assign/vec4 v000001b931de2c50_0, 0;
    %pushi/vec4 0, 0, 1;
    %assign/vec4 v000001b931de2e30_0, 0;
    %pushi/vec4 0, 0, 1;
    %assign/vec4 v000001b931de3150_0, 0;
    %pushi/vec4 0, 0, 1;
    %assign/vec4 v000001b931de35b0_0, 0;
    %pushi/vec4 0, 0, 1;
    %assign/vec4 v000001b931de24d0_0, 0;
    %pushi/vec4 0, 0, 1;
    %assign/vec4 v000001b931de27f0_0, 0;
    %pushi/vec4 0, 0, 1;
    %assign/vec4 v000001b931de22f0_0, 0;
    %pushi/vec4 0, 0, 1;
    %assign/vec4 v000001b931de2250_0, 0;
    %pushi/vec4 0, 0, 1;
    %assign/vec4 v000001b931de2610_0, 0;
    %pushi/vec4 0, 0, 1;
    %assign/vec4 v000001b931de2070_0, 0;
    %pushi/vec4 0, 0, 1;
    %assign/vec4 v000001b931de21b0_0, 0;
    %pushi/vec4 0, 0, 1;
    %assign/vec4 v000001b931de2750_0, 0;
    %pushi/vec4 0, 0, 32;
    %assign/vec4 v000001b931de26b0_0, 0;
    %pushi/vec4 0, 0, 32;
    %assign/vec4 v000001b931de3510_0, 0;
    %pushi/vec4 0, 0, 32;
    %assign/vec4 v000001b931de3290_0, 0;
    %pushi/vec4 0, 0, 32;
    %assign/vec4 v000001b931de2ed0_0, 0;
    %pushi/vec4 0, 0, 5;
    %assign/vec4 v000001b931de2bb0_0, 0;
    %pushi/vec4 0, 0, 5;
    %assign/vec4 v000001b931de2cf0_0, 0;
    %pushi/vec4 0, 0, 5;
    %assign/vec4 v000001b931de2890_0, 0;
    %pushi/vec4 0, 0, 26;
    %assign/vec4 v000001b931de2f70_0, 0;
    %jmp T_7.1;
T_7.0 ;
    %load/vec4 v000001b931de18f0_0;
    %nor/r;
    %flag_set/vec4 8;
    %jmp/0xz  T_7.3, 8;
    %load/vec4 v000001b931ddfcd0_0;
    %assign/vec4 v000001b931de3010_0, 0;
    %load/vec4 v000001b931de29d0_0;
    %assign/vec4 v000001b931de1fd0_0, 0;
    %load/vec4 v000001b931de33d0_0;
    %assign/vec4 v000001b931de30b0_0, 0;
    %load/vec4 v000001b931de0770_0;
    %assign/vec4 v000001b931de31f0_0, 0;
    %load/vec4 v000001b931ddf9b0_0;
    %assign/vec4 v000001b931de2b10_0, 0;
    %load/vec4 v000001b931de15d0_0;
    %assign/vec4 v000001b931de2430_0, 0;
    %load/vec4 v000001b931de1b70_0;
    %assign/vec4 v000001b931de2c50_0, 0;
    %load/vec4 v000001b931de1350_0;
    %assign/vec4 v000001b931de2e30_0, 0;
    %load/vec4 v000001b931ddf7d0_0;
    %assign/vec4 v000001b931de3150_0, 0;
    %load/vec4 v000001b931de3470_0;
    %assign/vec4 v000001b931de35b0_0, 0;
    %load/vec4 v000001b931ddfb90_0;
    %assign/vec4 v000001b931de24d0_0, 0;
    %load/vec4 v000001b931de0450_0;
    %assign/vec4 v000001b931de27f0_0, 0;
    %load/vec4 v000001b931de1490_0;
    %assign/vec4 v000001b931de22f0_0, 0;
    %load/vec4 v000001b931de08b0_0;
    %assign/vec4 v000001b931de2250_0, 0;
    %load/vec4 v000001b931de1f30_0;
    %assign/vec4 v000001b931de2610_0, 0;
    %load/vec4 v000001b931ddfe10_0;
    %assign/vec4 v000001b931de2070_0, 0;
    %load/vec4 v000001b931de1210_0;
    %assign/vec4 v000001b931de21b0_0, 0;
    %load/vec4 v000001b931de0bd0_0;
    %assign/vec4 v000001b931de2750_0, 0;
    %load/vec4 v000001b931de01d0_0;
    %assign/vec4 v000001b931de26b0_0, 0;
    %load/vec4 v000001b931de1c10_0;
    %assign/vec4 v000001b931de3510_0, 0;
    %load/vec4 v000001b931de1cb0_0;
    %assign/vec4 v000001b931de3290_0, 0;
    %load/vec4 v000001b931de0b30_0;
    %assign/vec4 v000001b931de2ed0_0, 0;
    %load/vec4 v000001b931de1670_0;
    %assign/vec4 v000001b931de2bb0_0, 0;
    %load/vec4 v000001b931de0810_0;
    %assign/vec4 v000001b931de2cf0_0, 0;
    %load/vec4 v000001b931ddff50_0;
    %assign/vec4 v000001b931de2890_0, 0;
    %load/vec4 v000001b931de0950_0;
    %assign/vec4 v000001b931de2f70_0, 0;
T_7.3 ;
T_7.1 ;
    %jmp T_7;
    .thread T_7;
    .scope S_000001b931dbd890;
T_8 ;
    %wait E_000001b9320dd810;
    %pushi/vec4 0, 0, 2;
    %store/vec4 v000001b93216f340_0, 0, 2;
    %load/vec4 v000001b93216df40_0;
    %flag_set/vec4 10;
    %flag_get/vec4 10;
    %jmp/0 T_8.3, 10;
    %load/vec4 v000001b93216de00_0;
    %pushi/vec4 0, 0, 5;
    %cmp/ne;
    %flag_get/vec4 4;
    %and;
T_8.3;
    %flag_set/vec4 9;
    %flag_get/vec4 9;
    %jmp/0 T_8.2, 9;
    %load/vec4 v000001b93216de00_0;
    %load/vec4 v000001b93216f2a0_0;
    %cmp/e;
    %flag_get/vec4 4;
    %and;
T_8.2;
    %flag_set/vec4 8;
    %jmp/0xz  T_8.0, 8;
    %pushi/vec4 2, 0, 2;
    %store/vec4 v000001b93216f340_0, 0, 2;
    %jmp T_8.1;
T_8.0 ;
    %load/vec4 v000001b93216fac0_0;
    %flag_set/vec4 10;
    %flag_get/vec4 10;
    %jmp/0 T_8.7, 10;
    %load/vec4 v000001b93216e760_0;
    %pushi/vec4 0, 0, 5;
    %cmp/ne;
    %flag_get/vec4 4;
    %and;
T_8.7;
    %flag_set/vec4 9;
    %flag_get/vec4 9;
    %jmp/0 T_8.6, 9;
    %load/vec4 v000001b93216e760_0;
    %load/vec4 v000001b93216f2a0_0;
    %cmp/e;
    %flag_get/vec4 4;
    %and;
T_8.6;
    %flag_set/vec4 8;
    %jmp/0xz  T_8.4, 8;
    %pushi/vec4 1, 0, 2;
    %store/vec4 v000001b93216f340_0, 0, 2;
T_8.4 ;
T_8.1 ;
    %jmp T_8;
    .thread T_8, $push;
    .scope S_000001b931dbd890;
T_9 ;
    %wait E_000001b9320ddd90;
    %pushi/vec4 0, 0, 2;
    %store/vec4 v000001b93216e080_0, 0, 2;
    %load/vec4 v000001b93216df40_0;
    %flag_set/vec4 10;
    %flag_get/vec4 10;
    %jmp/0 T_9.3, 10;
    %load/vec4 v000001b93216de00_0;
    %pushi/vec4 0, 0, 5;
    %cmp/ne;
    %flag_get/vec4 4;
    %and;
T_9.3;
    %flag_set/vec4 9;
    %flag_get/vec4 9;
    %jmp/0 T_9.2, 9;
    %load/vec4 v000001b93216de00_0;
    %load/vec4 v000001b93216e1c0_0;
    %cmp/e;
    %flag_get/vec4 4;
    %and;
T_9.2;
    %flag_set/vec4 8;
    %jmp/0xz  T_9.0, 8;
    %pushi/vec4 2, 0, 2;
    %store/vec4 v000001b93216e080_0, 0, 2;
    %jmp T_9.1;
T_9.0 ;
    %load/vec4 v000001b93216fac0_0;
    %flag_set/vec4 10;
    %flag_get/vec4 10;
    %jmp/0 T_9.7, 10;
    %load/vec4 v000001b93216e760_0;
    %pushi/vec4 0, 0, 5;
    %cmp/ne;
    %flag_get/vec4 4;
    %and;
T_9.7;
    %flag_set/vec4 9;
    %flag_get/vec4 9;
    %jmp/0 T_9.6, 9;
    %load/vec4 v000001b93216e760_0;
    %load/vec4 v000001b93216e1c0_0;
    %cmp/e;
    %flag_get/vec4 4;
    %and;
T_9.6;
    %flag_set/vec4 8;
    %jmp/0xz  T_9.4, 8;
    %pushi/vec4 1, 0, 2;
    %store/vec4 v000001b93216e080_0, 0, 2;
T_9.4 ;
T_9.1 ;
    %jmp T_9;
    .thread T_9, $push;
    .scope S_000001b931cd3790;
T_10 ;
    %wait E_000001b9320ddad0;
    %pushi/vec4 0, 0, 1;
    %store/vec4 v000001b932114250_0, 0, 1;
    %pushi/vec4 0, 0, 1;
    %store/vec4 v000001b932112a90_0, 0, 1;
    %pushi/vec4 0, 0, 32;
    %store/vec4 v000001b932114110_0, 0, 32;
    %load/vec4 v000001b932113b70_0;
    %dup/vec4;
    %pushi/vec4 0, 0, 5;
    %cmp/u;
    %jmp/1 T_10.0, 6;
    %dup/vec4;
    %pushi/vec4 2, 0, 5;
    %cmp/u;
    %jmp/1 T_10.1, 6;
    %dup/vec4;
    %pushi/vec4 3, 0, 5;
    %cmp/u;
    %jmp/1 T_10.2, 6;
    %dup/vec4;
    %pushi/vec4 4, 0, 5;
    %cmp/u;
    %jmp/1 T_10.3, 6;
    %dup/vec4;
    %pushi/vec4 5, 0, 5;
    %cmp/u;
    %jmp/1 T_10.4, 6;
    %dup/vec4;
    %pushi/vec4 6, 0, 5;
    %cmp/u;
    %jmp/1 T_10.5, 6;
    %dup/vec4;
    %pushi/vec4 7, 0, 5;
    %cmp/u;
    %jmp/1 T_10.6, 6;
    %dup/vec4;
    %pushi/vec4 8, 0, 5;
    %cmp/u;
    %jmp/1 T_10.7, 6;
    %dup/vec4;
    %pushi/vec4 9, 0, 5;
    %cmp/u;
    %jmp/1 T_10.8, 6;
    %dup/vec4;
    %pushi/vec4 10, 0, 5;
    %cmp/u;
    %jmp/1 T_10.9, 6;
    %dup/vec4;
    %pushi/vec4 11, 0, 5;
    %cmp/u;
    %jmp/1 T_10.10, 6;
    %dup/vec4;
    %pushi/vec4 12, 0, 5;
    %cmp/u;
    %jmp/1 T_10.11, 6;
    %dup/vec4;
    %pushi/vec4 13, 0, 5;
    %cmp/u;
    %jmp/1 T_10.12, 6;
    %dup/vec4;
    %pushi/vec4 14, 0, 5;
    %cmp/u;
    %jmp/1 T_10.13, 6;
    %dup/vec4;
    %pushi/vec4 15, 0, 5;
    %cmp/u;
    %jmp/1 T_10.14, 6;
    %dup/vec4;
    %pushi/vec4 16, 0, 5;
    %cmp/u;
    %jmp/1 T_10.15, 6;
    %dup/vec4;
    %pushi/vec4 17, 0, 5;
    %cmp/u;
    %jmp/1 T_10.16, 6;
    %dup/vec4;
    %pushi/vec4 18, 0, 5;
    %cmp/u;
    %jmp/1 T_10.17, 6;
    %dup/vec4;
    %pushi/vec4 19, 0, 5;
    %cmp/u;
    %jmp/1 T_10.18, 6;
    %dup/vec4;
    %pushi/vec4 20, 0, 5;
    %cmp/u;
    %jmp/1 T_10.19, 6;
    %pushi/vec4 0, 0, 32;
    %store/vec4 v000001b932114110_0, 0, 32;
    %jmp T_10.21;
T_10.0 ;
    %load/vec4 v000001b932113ad0_0;
    %parti/s 32, 0, 2;
    %store/vec4 v000001b932114110_0, 0, 32;
    %load/vec4 v000001b932113ad0_0;
    %parti/s 1, 32, 7;
    %store/vec4 v000001b932114250_0, 0, 1;
    %load/vec4 v000001b932113fd0_0;
    %parti/s 1, 31, 6;
    %inv;
    %load/vec4 v000001b932114070_0;
    %parti/s 1, 31, 6;
    %inv;
    %and;
    %load/vec4 v000001b932114110_0;
    %parti/s 1, 31, 6;
    %and;
    %load/vec4 v000001b932113fd0_0;
    %parti/s 1, 31, 6;
    %load/vec4 v000001b932114070_0;
    %parti/s 1, 31, 6;
    %and;
    %load/vec4 v000001b932114110_0;
    %parti/s 1, 31, 6;
    %inv;
    %and;
    %or;
    %store/vec4 v000001b932112a90_0, 0, 1;
    %jmp T_10.21;
T_10.1 ;
    %load/vec4 v000001b9321144d0_0;
    %parti/s 32, 0, 2;
    %store/vec4 v000001b932114110_0, 0, 32;
    %load/vec4 v000001b9321144d0_0;
    %parti/s 1, 32, 7;
    %store/vec4 v000001b932114250_0, 0, 1;
    %load/vec4 v000001b932113fd0_0;
    %parti/s 1, 31, 6;
    %inv;
    %load/vec4 v000001b932114070_0;
    %parti/s 1, 31, 6;
    %and;
    %load/vec4 v000001b932114110_0;
    %parti/s 1, 31, 6;
    %and;
    %load/vec4 v000001b932113fd0_0;
    %parti/s 1, 31, 6;
    %load/vec4 v000001b932114070_0;
    %parti/s 1, 31, 6;
    %inv;
    %and;
    %load/vec4 v000001b932114110_0;
    %parti/s 1, 31, 6;
    %inv;
    %and;
    %or;
    %store/vec4 v000001b932112a90_0, 0, 1;
    %jmp T_10.21;
T_10.2 ;
    %load/vec4 v000001b932113cb0_0;
    %parti/s 32, 0, 2;
    %store/vec4 v000001b932114110_0, 0, 32;
    %load/vec4 v000001b932113cb0_0;
    %parti/s 32, 32, 7;
    %or/r;
    %store/vec4 v000001b932114250_0, 0, 1;
    %load/vec4 v000001b932113cb0_0;
    %parti/s 32, 32, 7;
    %or/r;
    %store/vec4 v000001b932112a90_0, 0, 1;
    %jmp T_10.21;
T_10.3 ;
    %load/vec4 v000001b932113df0_0;
    %store/vec4 v000001b932114110_0, 0, 32;
    %pushi/vec4 0, 0, 1;
    %store/vec4 v000001b932114250_0, 0, 1;
    %load/vec4 v000001b932114070_0;
    %pushi/vec4 0, 0, 32;
    %cmp/e;
    %flag_get/vec4 4;
    %store/vec4 v000001b932112a90_0, 0, 1;
    %jmp T_10.21;
T_10.4 ;
    %pushi/vec4 0, 0, 1;
    %load/vec4 v000001b932113fd0_0;
    %concat/vec4; draw_concat_vec4
    %addi 1, 0, 33;
    %split/vec4 32;
    %store/vec4 v000001b932114110_0, 0, 32;
    %store/vec4 v000001b932114250_0, 0, 1;
    %load/vec4 v000001b932113fd0_0;
    %parti/s 1, 31, 6;
    %inv;
    %load/vec4 v000001b932114110_0;
    %parti/s 1, 31, 6;
    %and;
    %store/vec4 v000001b932112a90_0, 0, 1;
    %jmp T_10.21;
T_10.5 ;
    %pushi/vec4 0, 0, 1;
    %load/vec4 v000001b932113fd0_0;
    %concat/vec4; draw_concat_vec4
    %subi 1, 0, 33;
    %split/vec4 32;
    %store/vec4 v000001b932114110_0, 0, 32;
    %store/vec4 v000001b932114250_0, 0, 1;
    %load/vec4 v000001b932113fd0_0;
    %parti/s 1, 31, 6;
    %load/vec4 v000001b932114110_0;
    %parti/s 1, 31, 6;
    %inv;
    %and;
    %store/vec4 v000001b932112a90_0, 0, 1;
    %jmp T_10.21;
T_10.6 ;
    %load/vec4 v000001b932113fd0_0;
    %load/vec4 v000001b932114070_0;
    %and;
    %store/vec4 v000001b932114110_0, 0, 32;
    %jmp T_10.21;
T_10.7 ;
    %load/vec4 v000001b932113fd0_0;
    %load/vec4 v000001b932114070_0;
    %or;
    %store/vec4 v000001b932114110_0, 0, 32;
    %jmp T_10.21;
T_10.8 ;
    %load/vec4 v000001b932113fd0_0;
    %load/vec4 v000001b932114070_0;
    %xor;
    %store/vec4 v000001b932114110_0, 0, 32;
    %jmp T_10.21;
T_10.9 ;
    %load/vec4 v000001b932113fd0_0;
    %inv;
    %store/vec4 v000001b932114110_0, 0, 32;
    %jmp T_10.21;
T_10.10 ;
    %load/vec4 v000001b932113fd0_0;
    %load/vec4 v000001b932114070_0;
    %and;
    %inv;
    %store/vec4 v000001b932114110_0, 0, 32;
    %jmp T_10.21;
T_10.11 ;
    %load/vec4 v000001b932113fd0_0;
    %load/vec4 v000001b932114070_0;
    %or;
    %inv;
    %store/vec4 v000001b932114110_0, 0, 32;
    %jmp T_10.21;
T_10.12 ;
    %load/vec4 v000001b932113fd0_0;
    %ix/getv 4, v000001b932114430_0;
    %shiftl 4;
    %store/vec4 v000001b932114110_0, 0, 32;
    %load/vec4 v000001b932114430_0;
    %cmpi/ne 0, 0, 5;
    %flag_mov 8, 4;
    %jmp/0 T_10.22, 8;
    %load/vec4 v000001b932113fd0_0;
    %pushi/vec4 32, 0, 32;
    %load/vec4 v000001b932114430_0;
    %pad/u 32;
    %sub;
    %part/u 1;
    %jmp/1 T_10.23, 8;
T_10.22 ; End of true expr.
    %pushi/vec4 0, 0, 1;
    %jmp/0 T_10.23, 8;
 ; End of false expr.
    %blend;
T_10.23;
    %store/vec4 v000001b932114250_0, 0, 1;
    %jmp T_10.21;
T_10.13 ;
    %load/vec4 v000001b932113fd0_0;
    %ix/getv 4, v000001b932114430_0;
    %shiftr 4;
    %store/vec4 v000001b932114110_0, 0, 32;
    %load/vec4 v000001b932114430_0;
    %cmpi/ne 0, 0, 5;
    %flag_mov 8, 4;
    %jmp/0 T_10.24, 8;
    %load/vec4 v000001b932113fd0_0;
    %load/vec4 v000001b932114430_0;
    %subi 1, 0, 5;
    %part/u 1;
    %jmp/1 T_10.25, 8;
T_10.24 ; End of true expr.
    %pushi/vec4 0, 0, 1;
    %jmp/0 T_10.25, 8;
 ; End of false expr.
    %blend;
T_10.25;
    %store/vec4 v000001b932114250_0, 0, 1;
    %jmp T_10.21;
T_10.14 ;
    %load/vec4 v000001b932113fd0_0;
    %ix/getv 4, v000001b932114430_0;
    %shiftr/s 4;
    %store/vec4 v000001b932114110_0, 0, 32;
    %load/vec4 v000001b932114430_0;
    %cmpi/ne 0, 0, 5;
    %flag_mov 8, 4;
    %jmp/0 T_10.26, 8;
    %load/vec4 v000001b932113fd0_0;
    %load/vec4 v000001b932114430_0;
    %subi 1, 0, 5;
    %part/u 1;
    %jmp/1 T_10.27, 8;
T_10.26 ; End of true expr.
    %pushi/vec4 0, 0, 1;
    %jmp/0 T_10.27, 8;
 ; End of false expr.
    %blend;
T_10.27;
    %store/vec4 v000001b932114250_0, 0, 1;
    %jmp T_10.21;
T_10.15 ;
    %load/vec4 v000001b932113fd0_0;
    %ix/getv 4, v000001b932114430_0;
    %shiftl 4;
    %load/vec4 v000001b932113fd0_0;
    %pushi/vec4 32, 0, 32;
    %load/vec4 v000001b932114430_0;
    %pad/u 32;
    %sub;
    %ix/vec4 4;
    %shiftr 4;
    %or;
    %store/vec4 v000001b932114110_0, 0, 32;
    %load/vec4 v000001b932114110_0;
    %parti/s 1, 0, 2;
    %store/vec4 v000001b932114250_0, 0, 1;
    %jmp T_10.21;
T_10.16 ;
    %load/vec4 v000001b932113fd0_0;
    %ix/getv 4, v000001b932114430_0;
    %shiftr 4;
    %load/vec4 v000001b932113fd0_0;
    %pushi/vec4 32, 0, 32;
    %load/vec4 v000001b932114430_0;
    %pad/u 32;
    %sub;
    %ix/vec4 4;
    %shiftl 4;
    %or;
    %store/vec4 v000001b932114110_0, 0, 32;
    %load/vec4 v000001b932114110_0;
    %parti/s 1, 31, 6;
    %store/vec4 v000001b932114250_0, 0, 1;
    %jmp T_10.21;
T_10.17 ;
    %load/vec4 v000001b9321144d0_0;
    %parti/s 32, 0, 2;
    %store/vec4 v000001b932114110_0, 0, 32;
    %load/vec4 v000001b9321144d0_0;
    %parti/s 1, 32, 7;
    %store/vec4 v000001b932114250_0, 0, 1;
    %load/vec4 v000001b932113fd0_0;
    %parti/s 1, 31, 6;
    %inv;
    %load/vec4 v000001b932114070_0;
    %parti/s 1, 31, 6;
    %and;
    %load/vec4 v000001b932114110_0;
    %parti/s 1, 31, 6;
    %and;
    %load/vec4 v000001b932113fd0_0;
    %parti/s 1, 31, 6;
    %load/vec4 v000001b932114070_0;
    %parti/s 1, 31, 6;
    %inv;
    %and;
    %load/vec4 v000001b932114110_0;
    %parti/s 1, 31, 6;
    %inv;
    %and;
    %or;
    %store/vec4 v000001b932112a90_0, 0, 1;
    %jmp T_10.21;
T_10.18 ;
    %load/vec4 v000001b932113fd0_0;
    %load/vec4 v000001b932114070_0;
    %cmp/s;
    %flag_mov 8, 5;
    %jmp/0 T_10.28, 8;
    %pushi/vec4 1, 0, 32;
    %jmp/1 T_10.29, 8;
T_10.28 ; End of true expr.
    %pushi/vec4 0, 0, 32;
    %jmp/0 T_10.29, 8;
 ; End of false expr.
    %blend;
T_10.29;
    %store/vec4 v000001b932114110_0, 0, 32;
    %jmp T_10.21;
T_10.19 ;
    %load/vec4 v000001b932114070_0;
    %store/vec4 v000001b932114110_0, 0, 32;
    %jmp T_10.21;
T_10.21 ;
    %pop/vec4 1;
    %jmp T_10;
    .thread T_10, $push;
    .scope S_000001b931dd72e0;
T_11 ;
    %wait E_000001b9320dd350;
    %load/vec4 v000001b9320d07e0_0;
    %dup/vec4;
    %pushi/vec4 28, 0, 6;
    %cmp/u;
    %jmp/1 T_11.0, 6;
    %dup/vec4;
    %pushi/vec4 29, 0, 6;
    %cmp/u;
    %jmp/1 T_11.1, 6;
    %dup/vec4;
    %pushi/vec4 30, 0, 6;
    %cmp/u;
    %jmp/1 T_11.2, 6;
    %dup/vec4;
    %pushi/vec4 31, 0, 6;
    %cmp/u;
    %jmp/1 T_11.3, 6;
    %pushi/vec4 0, 0, 1;
    %store/vec4 v000001b932086b60_0, 0, 1;
    %jmp T_11.5;
T_11.0 ;
    %load/vec4 v000001b932087f60_0;
    %store/vec4 v000001b932086b60_0, 0, 1;
    %jmp T_11.5;
T_11.1 ;
    %load/vec4 v000001b932087f60_0;
    %inv;
    %store/vec4 v000001b932086b60_0, 0, 1;
    %jmp T_11.5;
T_11.2 ;
    %load/vec4 v000001b932087420_0;
    %load/vec4 v000001b932086ca0_0;
    %xor;
    %store/vec4 v000001b932086b60_0, 0, 1;
    %jmp T_11.5;
T_11.3 ;
    %load/vec4 v000001b932087f60_0;
    %inv;
    %load/vec4 v000001b932087420_0;
    %load/vec4 v000001b932086ca0_0;
    %xor;
    %inv;
    %and;
    %store/vec4 v000001b932086b60_0, 0, 1;
    %jmp T_11.5;
T_11.5 ;
    %pop/vec4 1;
    %jmp T_11;
    .thread T_11, $push;
    .scope S_000001b931dd72e0;
T_12 ;
    %wait E_000001b9320ddbd0;
    %pushi/vec4 0, 0, 1;
    %store/vec4 v000001b932087100_0, 0, 1;
    %pushi/vec4 0, 0, 32;
    %store/vec4 v000001b932088640_0, 0, 32;
    %load/vec4 v000001b932086fc0_0;
    %flag_set/vec4 8;
    %jmp/0xz  T_12.0, 8;
    %pushi/vec4 1, 0, 1;
    %store/vec4 v000001b932087100_0, 0, 1;
    %load/vec4 v000001b9320d0880_0;
    %store/vec4 v000001b932088640_0, 0, 32;
    %jmp T_12.1;
T_12.0 ;
    %load/vec4 v000001b9320877e0_0;
    %flag_set/vec4 8;
    %jmp/0xz  T_12.2, 8;
    %pushi/vec4 1, 0, 1;
    %store/vec4 v000001b932087100_0, 0, 1;
    %load/vec4 v000001b9320cfca0_0;
    %parti/s 4, 28, 6;
    %load/vec4 v000001b9320cfde0_0;
    %concat/vec4; draw_concat_vec4
    %concati/vec4 0, 0, 2;
    %store/vec4 v000001b932088640_0, 0, 32;
    %jmp T_12.3;
T_12.2 ;
    %load/vec4 v000001b932086f20_0;
    %flag_set/vec4 9;
    %flag_get/vec4 9;
    %jmp/0 T_12.6, 9;
    %load/vec4 v000001b932086b60_0;
    %and;
T_12.6;
    %flag_set/vec4 8;
    %jmp/0xz  T_12.4, 8;
    %pushi/vec4 1, 0, 1;
    %store/vec4 v000001b932087100_0, 0, 1;
    %load/vec4 v000001b9320cfca0_0;
    %load/vec4 v000001b932087740_0;
    %ix/load 4, 2, 0;
    %flag_set/imm 4, 0;
    %shiftl 4;
    %add;
    %store/vec4 v000001b932088640_0, 0, 32;
T_12.4 ;
T_12.3 ;
T_12.1 ;
    %jmp T_12;
    .thread T_12, $push;
    .scope S_000001b932170090;
T_13 ;
    %wait E_000001b9320dc0d0;
    %load/vec4 v000001b932172ff0_0;
    %nor/r;
    %flag_set/vec4 8;
    %jmp/0xz  T_13.0, 8;
    %pushi/vec4 144, 0, 8;
    %assign/vec4 v000001b932171650_0, 0;
    %jmp T_13.1;
T_13.0 ;
    %load/vec4 v000001b932172d70_0;
    %flag_set/vec4 8;
    %jmp/0xz  T_13.2, 8;
    %load/vec4 v000001b9321725f0_0;
    %assign/vec4 v000001b932171650_0, 0;
    %jmp T_13.3;
T_13.2 ;
    %load/vec4 v000001b9321720f0_0;
    %flag_set/vec4 8;
    %jmp/0xz  T_13.4, 8;
    %load/vec4 v000001b932171010_0;
    %ix/load 4, 0, 0;
    %ix/load 5, 0, 0;
    %flag_set/imm 4, 0;
    %assign/vec4/off/d v000001b932171650_0, 4, 5;
    %load/vec4 v000001b932172cd0_0;
    %ix/load 4, 1, 0;
    %ix/load 5, 0, 0;
    %flag_set/imm 4, 0;
    %assign/vec4/off/d v000001b932171650_0, 4, 5;
    %load/vec4 v000001b932170ed0_0;
    %ix/load 4, 2, 0;
    %ix/load 5, 0, 0;
    %flag_set/imm 4, 0;
    %assign/vec4/off/d v000001b932171650_0, 4, 5;
    %load/vec4 v000001b932171510_0;
    %ix/load 4, 3, 0;
    %ix/load 5, 0, 0;
    %flag_set/imm 4, 0;
    %assign/vec4/off/d v000001b932171650_0, 4, 5;
T_13.4 ;
    %load/vec4 v000001b932171b50_0;
    %flag_set/vec4 8;
    %jmp/0xz  T_13.6, 8;
    %pushi/vec4 0, 0, 1;
    %ix/load 4, 4, 0;
    %ix/load 5, 0, 0;
    %flag_set/imm 4, 0;
    %assign/vec4/off/d v000001b932171650_0, 4, 5;
T_13.6 ;
    %load/vec4 v000001b9321729b0_0;
    %flag_set/vec4 8;
    %jmp/0xz  T_13.8, 8;
    %pushi/vec4 1, 0, 1;
    %ix/load 4, 4, 0;
    %ix/load 5, 0, 0;
    %flag_set/imm 4, 0;
    %assign/vec4/off/d v000001b932171650_0, 4, 5;
T_13.8 ;
    %load/vec4 v000001b932172e10_0;
    %flag_set/vec4 8;
    %jmp/0xz  T_13.10, 8;
    %pushi/vec4 1, 0, 1;
    %ix/load 4, 7, 0;
    %ix/load 5, 0, 0;
    %flag_set/imm 4, 0;
    %assign/vec4/off/d v000001b932171650_0, 4, 5;
T_13.10 ;
    %load/vec4 v000001b9321710b0_0;
    %flag_set/vec4 8;
    %jmp/0xz  T_13.12, 8;
    %pushi/vec4 0, 0, 1;
    %ix/load 4, 7, 0;
    %ix/load 5, 0, 0;
    %flag_set/imm 4, 0;
    %assign/vec4/off/d v000001b932171650_0, 4, 5;
T_13.12 ;
    %load/vec4 v000001b932172190_0;
    %flag_set/vec4 8;
    %jmp/0xz  T_13.14, 8;
    %pushi/vec4 1, 0, 1;
    %ix/load 4, 6, 0;
    %ix/load 5, 0, 0;
    %flag_set/imm 4, 0;
    %assign/vec4/off/d v000001b932171650_0, 4, 5;
T_13.14 ;
    %load/vec4 v000001b932171290_0;
    %flag_set/vec4 8;
    %jmp/0xz  T_13.16, 8;
    %pushi/vec4 0, 0, 1;
    %ix/load 4, 6, 0;
    %ix/load 5, 0, 0;
    %flag_set/imm 4, 0;
    %assign/vec4/off/d v000001b932171650_0, 4, 5;
T_13.16 ;
T_13.3 ;
T_13.1 ;
    %jmp T_13;
    .thread T_13;
    .scope S_000001b931dd2fe0;
T_14 ;
    %wait E_000001b9320dc0d0;
    %load/vec4 v000001b93216dfe0_0;
    %nor/r;
    %flag_set/vec4 8;
    %jmp/1 T_14.2, 8;
    %load/vec4 v000001b93216e3a0_0;
    %flag_set/vec4 9;
    %flag_or 8, 9;
T_14.2;
    %jmp/0xz  T_14.0, 8;
    %pushi/vec4 0, 0, 1;
    %assign/vec4 v000001b93216e9e0_0, 0;
    %pushi/vec4 0, 0, 1;
    %assign/vec4 v000001b93216dd60_0, 0;
    %pushi/vec4 0, 0, 1;
    %assign/vec4 v000001b93216f0c0_0, 0;
    %pushi/vec4 0, 0, 1;
    %assign/vec4 v000001b93216e440_0, 0;
    %pushi/vec4 0, 0, 1;
    %assign/vec4 v000001b93216e120_0, 0;
    %pushi/vec4 0, 0, 1;
    %assign/vec4 v000001b93216f020_0, 0;
    %pushi/vec4 0, 0, 1;
    %assign/vec4 v000001b93216e6c0_0, 0;
    %pushi/vec4 0, 0, 1;
    %assign/vec4 v000001b93216e260_0, 0;
    %pushi/vec4 0, 0, 1;
    %assign/vec4 v000001b93216f700_0, 0;
    %pushi/vec4 0, 0, 1;
    %assign/vec4 v000001b93216fb60_0, 0;
    %pushi/vec4 0, 0, 1;
    %assign/vec4 v000001b93216fc00_0, 0;
    %pushi/vec4 0, 0, 32;
    %assign/vec4 v000001b93216ef80_0, 0;
    %pushi/vec4 0, 0, 32;
    %assign/vec4 v000001b93216e4e0_0, 0;
    %pushi/vec4 0, 0, 5;
    %assign/vec4 v000001b93216f3e0_0, 0;
    %pushi/vec4 0, 0, 32;
    %assign/vec4 v000001b93216e940_0, 0;
    %pushi/vec4 0, 0, 32;
    %assign/vec4 v000001b93216fa20_0, 0;
    %pushi/vec4 0, 0, 8;
    %assign/vec4 v000001b93216f200_0, 0;
    %jmp T_14.1;
T_14.0 ;
    %load/vec4 v000001b93216f160_0;
    %assign/vec4 v000001b93216e9e0_0, 0;
    %load/vec4 v000001b93216f980_0;
    %assign/vec4 v000001b93216dd60_0, 0;
    %load/vec4 v000001b93216eda0_0;
    %assign/vec4 v000001b93216f0c0_0, 0;
    %load/vec4 v000001b93216ee40_0;
    %assign/vec4 v000001b93216e440_0, 0;
    %load/vec4 v000001b93216f5c0_0;
    %assign/vec4 v000001b93216e120_0, 0;
    %load/vec4 v000001b93216f660_0;
    %assign/vec4 v000001b93216f020_0, 0;
    %load/vec4 v000001b93216ed00_0;
    %assign/vec4 v000001b93216e6c0_0, 0;
    %load/vec4 v000001b93216eb20_0;
    %assign/vec4 v000001b93216e260_0, 0;
    %load/vec4 v000001b93216e8a0_0;
    %assign/vec4 v000001b93216f700_0, 0;
    %load/vec4 v000001b93216ec60_0;
    %assign/vec4 v000001b93216fb60_0, 0;
    %load/vec4 v000001b93216e300_0;
    %assign/vec4 v000001b93216fc00_0, 0;
    %load/vec4 v000001b93216ea80_0;
    %assign/vec4 v000001b93216ef80_0, 0;
    %load/vec4 v000001b93216eee0_0;
    %assign/vec4 v000001b93216e4e0_0, 0;
    %load/vec4 v000001b93216e620_0;
    %assign/vec4 v000001b93216f3e0_0, 0;
    %load/vec4 v000001b93216ebc0_0;
    %assign/vec4 v000001b93216e940_0, 0;
    %load/vec4 v000001b93216f8e0_0;
    %assign/vec4 v000001b93216fa20_0, 0;
    %load/vec4 v000001b93216e580_0;
    %assign/vec4 v000001b93216f200_0, 0;
T_14.1 ;
    %jmp T_14;
    .thread T_14;
    .scope S_000001b9321703b0;
T_15 ;
    %wait E_000001b9320dc0d0;
    %load/vec4 v000001b931ddfc30_0;
    %nor/r;
    %flag_set/vec4 8;
    %jmp/0xz  T_15.0, 8;
    %pushi/vec4 0, 0, 1;
    %assign/vec4 v000001b931de0f90_0, 0;
    %pushi/vec4 0, 0, 1;
    %assign/vec4 v000001b931de0d10_0, 0;
    %pushi/vec4 0, 0, 1;
    %assign/vec4 v000001b931de0270_0, 0;
    %pushi/vec4 0, 0, 32;
    %assign/vec4 v000001b931de1a30_0, 0;
    %pushi/vec4 0, 0, 32;
    %assign/vec4 v000001b931de1990_0, 0;
    %pushi/vec4 0, 0, 5;
    %assign/vec4 v000001b931de0db0_0, 0;
    %pushi/vec4 0, 0, 32;
    %assign/vec4 v000001b931de0590_0, 0;
    %jmp T_15.1;
T_15.0 ;
    %load/vec4 v000001b931de1d50_0;
    %assign/vec4 v000001b931de0f90_0, 0;
    %load/vec4 v000001b931de0a90_0;
    %assign/vec4 v000001b931de0d10_0, 0;
    %load/vec4 v000001b931de0130_0;
    %assign/vec4 v000001b931de0270_0, 0;
    %load/vec4 v000001b931ddfaf0_0;
    %assign/vec4 v000001b931de1a30_0, 0;
    %load/vec4 v000001b931ddf910_0;
    %assign/vec4 v000001b931de1990_0, 0;
    %load/vec4 v000001b931de04f0_0;
    %assign/vec4 v000001b931de0db0_0, 0;
    %load/vec4 v000001b931de03b0_0;
    %assign/vec4 v000001b931de0590_0, 0;
T_15.1 ;
    %jmp T_15;
    .thread T_15;
    .scope S_000001b931dbda20;
T_16 ;
    %wait E_000001b9320dda50;
    %pushi/vec4 0, 0, 1;
    %store/vec4 v000001b931de2390_0, 0, 1;
    %pushi/vec4 0, 0, 1;
    %store/vec4 v000001b931de3650_0, 0, 1;
    %pushi/vec4 0, 0, 1;
    %store/vec4 v000001b93216f840_0, 0, 1;
    %pushi/vec4 0, 0, 1;
    %store/vec4 v000001b93216f520_0, 0, 1;
    %pushi/vec4 0, 0, 1;
    %store/vec4 v000001b93216f480_0, 0, 1;
    %load/vec4 v000001b93216f7a0_0;
    %flag_set/vec4 10;
    %flag_get/vec4 10;
    %jmp/0 T_16.3, 10;
    %load/vec4 v000001b93216e800_0;
    %pushi/vec4 0, 0, 5;
    %cmp/ne;
    %flag_get/vec4 4;
    %and;
T_16.3;
    %flag_set/vec4 9;
    %flag_get/vec4 9;
    %jmp/0 T_16.2, 9;
    %load/vec4 v000001b93216e800_0;
    %load/vec4 v000001b931de2110_0;
    %cmp/e;
    %flag_get/vec4 4;
    %jmp/1 T_16.4, 4;
    %load/vec4 v000001b93216e800_0;
    %load/vec4 v000001b931de2570_0;
    %cmp/e;
    %flag_get/vec4 4;
    %or;
T_16.4;
    %and;
T_16.2;
    %flag_set/vec4 8;
    %jmp/0xz  T_16.0, 8;
    %pushi/vec4 1, 0, 1;
    %store/vec4 v000001b931de2390_0, 0, 1;
    %pushi/vec4 1, 0, 1;
    %store/vec4 v000001b931de3650_0, 0, 1;
    %pushi/vec4 1, 0, 1;
    %store/vec4 v000001b93216f480_0, 0, 1;
T_16.0 ;
    %load/vec4 v000001b93216dea0_0;
    %flag_set/vec4 8;
    %jmp/1 T_16.7, 8;
    %load/vec4 v000001b931de2d90_0;
    %flag_set/vec4 9;
    %flag_or 8, 9;
T_16.7;
    %jmp/0xz  T_16.5, 8;
    %pushi/vec4 1, 0, 1;
    %store/vec4 v000001b93216f840_0, 0, 1;
    %pushi/vec4 1, 0, 1;
    %store/vec4 v000001b93216f520_0, 0, 1;
T_16.5 ;
    %load/vec4 v000001b931de2930_0;
    %flag_set/vec4 8;
    %jmp/0xz  T_16.8, 8;
    %pushi/vec4 1, 0, 1;
    %store/vec4 v000001b93216f840_0, 0, 1;
    %pushi/vec4 1, 0, 1;
    %store/vec4 v000001b93216f520_0, 0, 1;
T_16.8 ;
    %jmp T_16;
    .thread T_16, $push;
    .scope S_000001b931cd3600;
T_17 ;
    %wait E_000001b9320dc110;
    %load/vec4 v000001b932177b40_0;
    %nor/r;
    %flag_set/vec4 8;
    %jmp/0xz  T_17.0, 8;
    %pushi/vec4 0, 0, 1;
    %assign/vec4 v000001b932175660_0, 0;
    %jmp T_17.1;
T_17.0 ;
    %load/vec4 v000001b932175020_0;
    %assign/vec4 v000001b932175660_0, 0;
T_17.1 ;
    %jmp T_17;
    .thread T_17;
    .scope S_000001b931cd3600;
T_18 ;
    %wait E_000001b9320dc110;
    %load/vec4 v000001b932177b40_0;
    %nor/r;
    %flag_set/vec4 8;
    %jmp/0xz  T_18.0, 8;
    %pushi/vec4 0, 0, 32;
    %assign/vec4 v000001b932177d20_0, 0;
    %pushi/vec4 0, 0, 32;
    %assign/vec4 v000001b932178540_0, 0;
    %jmp T_18.1;
T_18.0 ;
    %load/vec4 v000001b932177780_0;
    %load/vec4 v000001b932176380_0;
    %or;
    %nor/r;
    %flag_set/vec4 8;
    %jmp/0xz  T_18.2, 8;
    %load/vec4 v000001b932177aa0_0;
    %assign/vec4 v000001b932177d20_0, 0;
    %load/vec4 v000001b932177d20_0;
    %assign/vec4 v000001b932178540_0, 0;
T_18.2 ;
T_18.1 ;
    %jmp T_18;
    .thread T_18;
    .scope S_000001b931cd3600;
T_19 ;
    %wait E_000001b9320dc210;
    %load/vec4 v000001b932175480_0;
    %dup/vec4;
    %pushi/vec4 2, 0, 2;
    %cmp/u;
    %jmp/1 T_19.0, 6;
    %dup/vec4;
    %pushi/vec4 1, 0, 2;
    %cmp/u;
    %jmp/1 T_19.1, 6;
    %load/vec4 v000001b9321766a0_0;
    %store/vec4 v000001b932178400_0, 0, 32;
    %jmp T_19.3;
T_19.0 ;
    %load/vec4 v000001b932178040_0;
    %store/vec4 v000001b932178400_0, 0, 32;
    %jmp T_19.3;
T_19.1 ;
    %load/vec4 v000001b93217b3d0_0;
    %store/vec4 v000001b932178400_0, 0, 32;
    %jmp T_19.3;
T_19.3 ;
    %pop/vec4 1;
    %load/vec4 v000001b9321764c0_0;
    %dup/vec4;
    %pushi/vec4 2, 0, 2;
    %cmp/u;
    %jmp/1 T_19.4, 6;
    %dup/vec4;
    %pushi/vec4 1, 0, 2;
    %cmp/u;
    %jmp/1 T_19.5, 6;
    %load/vec4 v000001b932175a20_0;
    %store/vec4 v000001b9321775a0_0, 0, 32;
    %jmp T_19.7;
T_19.4 ;
    %load/vec4 v000001b932178040_0;
    %store/vec4 v000001b9321775a0_0, 0, 32;
    %jmp T_19.7;
T_19.5 ;
    %load/vec4 v000001b93217b3d0_0;
    %store/vec4 v000001b9321775a0_0, 0, 32;
    %jmp T_19.7;
T_19.7 ;
    %pop/vec4 1;
    %jmp T_19;
    .thread T_19, $push;
    .scope S_000001b931cd3600;
T_20 ;
    %wait E_000001b9320dc110;
    %load/vec4 v000001b932177b40_0;
    %nor/r;
    %flag_set/vec4 8;
    %jmp/0xz  T_20.0, 8;
    %pushi/vec4 0, 0, 32;
    %assign/vec4 v000001b9321748f0_0, 0;
    %pushi/vec4 16, 0, 8;
    %assign/vec4 v000001b932174a30_0, 0;
    %pushi/vec4 0, 0, 1;
    %assign/vec4 v000001b932177e60_0, 0;
    %pushi/vec4 0, 0, 1;
    %assign/vec4 v000001b932178ae0_0, 0;
    %pushi/vec4 0, 0, 1;
    %assign/vec4 v000001b9321787c0_0, 0;
    %jmp T_20.1;
T_20.0 ;
    %pushi/vec4 0, 0, 1;
    %assign/vec4 v000001b9321787c0_0, 0;
    %pushi/vec4 0, 0, 1;
    %assign/vec4 v000001b932178ae0_0, 0;
    %load/vec4 v000001b932177fa0_0;
    %flag_set/vec4 11;
    %flag_get/vec4 11;
    %jmp/0 T_20.6, 11;
    %load/vec4 v000001b9321776e0_0;
    %parti/s 1, 4, 4;
    %and;
T_20.6;
    %flag_set/vec4 10;
    %flag_get/vec4 10;
    %jmp/0 T_20.5, 10;
    %load/vec4 v000001b932177e60_0;
    %nor/r;
    %and;
T_20.5;
    %flag_set/vec4 9;
    %flag_get/vec4 9;
    %jmp/0 T_20.4, 9;
    %load/vec4 v000001b932176380_0;
    %nor/r;
    %and;
T_20.4;
    %flag_set/vec4 8;
    %jmp/0xz  T_20.2, 8;
    %load/vec4 v000001b932177aa0_0;
    %assign/vec4 v000001b9321748f0_0, 0;
    %load/vec4 v000001b9321776e0_0;
    %assign/vec4 v000001b932174a30_0, 0;
    %pushi/vec4 1, 0, 1;
    %assign/vec4 v000001b932177e60_0, 0;
    %pushi/vec4 1, 0, 1;
    %assign/vec4 v000001b9321787c0_0, 0;
    %pushi/vec4 1, 0, 1;
    %assign/vec4 v000001b932178ae0_0, 0;
    %jmp T_20.3;
T_20.2 ;
    %load/vec4 v000001b9321750c0_0;
    %cmpi/e 36, 0, 6;
    %flag_get/vec4 4;
    %jmp/0 T_20.9, 4;
    %load/vec4 v000001b932176380_0;
    %nor/r;
    %and;
T_20.9;
    %flag_set/vec4 8;
    %jmp/0xz  T_20.7, 8;
    %load/vec4 v000001b932176f60_0;
    %assign/vec4 v000001b9321748f0_0, 0;
    %load/vec4 v000001b9321776e0_0;
    %assign/vec4 v000001b932174a30_0, 0;
    %pushi/vec4 1, 0, 1;
    %assign/vec4 v000001b932177e60_0, 0;
    %jmp T_20.8;
T_20.7 ;
    %load/vec4 v000001b9321750c0_0;
    %cmpi/e 37, 0, 6;
    %flag_get/vec4 4;
    %jmp/0 T_20.12, 4;
    %load/vec4 v000001b932176380_0;
    %nor/r;
    %and;
T_20.12;
    %flag_set/vec4 8;
    %jmp/0xz  T_20.10, 8;
    %pushi/vec4 0, 0, 1;
    %assign/vec4 v000001b932177e60_0, 0;
T_20.10 ;
T_20.8 ;
T_20.3 ;
T_20.1 ;
    %jmp T_20;
    .thread T_20;
    .scope S_000001b931cd3600;
T_21 ;
    %wait E_000001b9320dc110;
    %load/vec4 v000001b932177b40_0;
    %nor/r;
    %flag_set/vec4 8;
    %jmp/0xz  T_21.0, 8;
    %pushi/vec4 0, 0, 1;
    %assign/vec4 v000001b93217a610_0, 0;
    %pushi/vec4 0, 0, 1;
    %assign/vec4 v000001b932179df0_0, 0;
    %jmp T_21.1;
T_21.0 ;
    %load/vec4 v000001b9321782c0_0;
    %assign/vec4 v000001b93217a610_0, 0;
    %load/vec4 v000001b932177be0_0;
    %assign/vec4 v000001b932179df0_0, 0;
T_21.1 ;
    %jmp T_21;
    .thread T_21;
    .scope S_000001b932199f10;
T_22 ;
    %wait E_000001b9320dd110;
    %pushi/vec4 0, 0, 1;
    %store/vec4 v000001b932194f80_0, 0, 1;
    %pushi/vec4 0, 0, 1;
    %store/vec4 v000001b932197b40_0, 0, 1;
    %pushi/vec4 0, 0, 1;
    %store/vec4 v000001b932196560_0, 0, 1;
    %pushi/vec4 0, 0, 1;
    %store/vec4 v000001b932195340_0, 0, 1;
    %pushi/vec4 0, 0, 1;
    %store/vec4 v000001b932196920_0, 0, 1;
    %pushi/vec4 0, 0, 1;
    %store/vec4 v000001b9321970a0_0, 0, 1;
    %pushi/vec4 0, 0, 1;
    %store/vec4 v000001b932197000_0, 0, 1;
    %pushi/vec4 0, 0, 1;
    %store/vec4 v000001b932197fa0_0, 0, 1;
    %pushi/vec4 0, 0, 1;
    %store/vec4 v000001b9321949e0_0, 0, 1;
    %pushi/vec4 0, 0, 1;
    %store/vec4 v000001b932197aa0_0, 0, 1;
    %pushi/vec4 0, 0, 1;
    %store/vec4 v000001b932197e60_0, 0, 1;
    %pushi/vec4 0, 0, 1;
    %store/vec4 v000001b932194e40_0, 0, 1;
    %pushi/vec4 0, 0, 1;
    %store/vec4 v000001b932197f00_0, 0, 1;
    %pushi/vec4 0, 0, 1;
    %store/vec4 v000001b932196ce0_0, 0, 1;
    %pushi/vec4 0, 0, 1;
    %store/vec4 v000001b932195de0_0, 0, 1;
    %pushi/vec4 0, 0, 1;
    %store/vec4 v000001b932196a60_0, 0, 1;
    %pushi/vec4 0, 0, 1;
    %store/vec4 v000001b9321969c0_0, 0, 1;
    %load/vec4 v000001b9321955c0_0;
    %flag_set/vec4 8;
    %jmp/0xz  T_22.0, 8;
    %load/vec4 v000001b932194260_0;
    %store/vec4 v000001b9321969c0_0, 0, 1;
    %load/vec4 v000001b932196060_0;
    %dup/vec4;
    %pushi/vec4 0, 0, 4;
    %cmp/u;
    %jmp/1 T_22.2, 6;
    %dup/vec4;
    %pushi/vec4 1, 0, 4;
    %cmp/u;
    %jmp/1 T_22.3, 6;
    %dup/vec4;
    %pushi/vec4 2, 0, 4;
    %cmp/u;
    %jmp/1 T_22.4, 6;
    %dup/vec4;
    %pushi/vec4 3, 0, 4;
    %cmp/u;
    %jmp/1 T_22.5, 6;
    %dup/vec4;
    %pushi/vec4 4, 0, 4;
    %cmp/u;
    %jmp/1 T_22.6, 6;
    %dup/vec4;
    %pushi/vec4 5, 0, 4;
    %cmp/u;
    %jmp/1 T_22.7, 6;
    %dup/vec4;
    %pushi/vec4 6, 0, 4;
    %cmp/u;
    %jmp/1 T_22.8, 6;
    %dup/vec4;
    %pushi/vec4 7, 0, 4;
    %cmp/u;
    %jmp/1 T_22.9, 6;
    %dup/vec4;
    %pushi/vec4 8, 0, 4;
    %cmp/u;
    %jmp/1 T_22.10, 6;
    %dup/vec4;
    %pushi/vec4 9, 0, 4;
    %cmp/u;
    %jmp/1 T_22.11, 6;
    %dup/vec4;
    %pushi/vec4 10, 0, 4;
    %cmp/u;
    %jmp/1 T_22.12, 6;
    %dup/vec4;
    %pushi/vec4 11, 0, 4;
    %cmp/u;
    %jmp/1 T_22.13, 6;
    %dup/vec4;
    %pushi/vec4 12, 0, 4;
    %cmp/u;
    %jmp/1 T_22.14, 6;
    %dup/vec4;
    %pushi/vec4 13, 0, 4;
    %cmp/u;
    %jmp/1 T_22.15, 6;
    %dup/vec4;
    %pushi/vec4 14, 0, 4;
    %cmp/u;
    %jmp/1 T_22.16, 6;
    %dup/vec4;
    %pushi/vec4 15, 0, 4;
    %cmp/u;
    %jmp/1 T_22.17, 6;
    %jmp T_22.19;
T_22.2 ;
    %pushi/vec4 1, 0, 1;
    %store/vec4 v000001b932194f80_0, 0, 1;
    %jmp T_22.19;
T_22.3 ;
    %pushi/vec4 1, 0, 1;
    %store/vec4 v000001b932197b40_0, 0, 1;
    %jmp T_22.19;
T_22.4 ;
    %pushi/vec4 1, 0, 1;
    %store/vec4 v000001b932196560_0, 0, 1;
    %jmp T_22.19;
T_22.5 ;
    %pushi/vec4 1, 0, 1;
    %store/vec4 v000001b932195340_0, 0, 1;
    %jmp T_22.19;
T_22.6 ;
    %pushi/vec4 1, 0, 1;
    %store/vec4 v000001b932196920_0, 0, 1;
    %jmp T_22.19;
T_22.7 ;
    %pushi/vec4 1, 0, 1;
    %store/vec4 v000001b9321970a0_0, 0, 1;
    %jmp T_22.19;
T_22.8 ;
    %pushi/vec4 1, 0, 1;
    %store/vec4 v000001b932197000_0, 0, 1;
    %jmp T_22.19;
T_22.9 ;
    %pushi/vec4 1, 0, 1;
    %store/vec4 v000001b932197fa0_0, 0, 1;
    %jmp T_22.19;
T_22.10 ;
    %pushi/vec4 1, 0, 1;
    %store/vec4 v000001b9321949e0_0, 0, 1;
    %jmp T_22.19;
T_22.11 ;
    %pushi/vec4 1, 0, 1;
    %store/vec4 v000001b932197aa0_0, 0, 1;
    %jmp T_22.19;
T_22.12 ;
    %pushi/vec4 1, 0, 1;
    %store/vec4 v000001b932197e60_0, 0, 1;
    %jmp T_22.19;
T_22.13 ;
    %pushi/vec4 1, 0, 1;
    %store/vec4 v000001b932194e40_0, 0, 1;
    %jmp T_22.19;
T_22.14 ;
    %pushi/vec4 1, 0, 1;
    %store/vec4 v000001b932197f00_0, 0, 1;
    %jmp T_22.19;
T_22.15 ;
    %pushi/vec4 1, 0, 1;
    %store/vec4 v000001b932196ce0_0, 0, 1;
    %jmp T_22.19;
T_22.16 ;
    %pushi/vec4 1, 0, 1;
    %store/vec4 v000001b932195de0_0, 0, 1;
    %jmp T_22.19;
T_22.17 ;
    %pushi/vec4 1, 0, 1;
    %store/vec4 v000001b932196a60_0, 0, 1;
    %jmp T_22.19;
T_22.19 ;
    %pop/vec4 1;
T_22.0 ;
    %jmp T_22;
    .thread T_22, $push;
    .scope S_000001b932199f10;
T_23 ;
    %wait E_000001b9320ddc90;
    %pushi/vec4 0, 0, 32;
    %store/vec4 v000001b932194940_0, 0, 32;
    %pushi/vec4 1, 0, 1;
    %store/vec4 v000001b932194120_0, 0, 1;
    %load/vec4 v000001b9321953e0_0;
    %flag_set/vec4 8;
    %jmp/0xz  T_23.0, 8;
    %load/vec4 v000001b932193720_0;
    %store/vec4 v000001b932194940_0, 0, 32;
    %jmp T_23.1;
T_23.0 ;
    %load/vec4 v000001b932195480_0;
    %flag_set/vec4 8;
    %jmp/0xz  T_23.2, 8;
    %load/vec4 v000001b932195840_0;
    %store/vec4 v000001b932194940_0, 0, 32;
    %jmp T_23.3;
T_23.2 ;
    %load/vec4 v000001b932195700_0;
    %flag_set/vec4 8;
    %jmp/0xz  T_23.4, 8;
    %load/vec4 v000001b932194760_0;
    %flag_set/vec4 8;
    %jmp/0xz  T_23.6, 8;
    %load/vec4 v000001b9321939a0_0;
    %dup/vec4;
    %pushi/vec4 0, 0, 2;
    %cmp/u;
    %jmp/1 T_23.8, 6;
    %dup/vec4;
    %pushi/vec4 1, 0, 2;
    %cmp/u;
    %jmp/1 T_23.9, 6;
    %dup/vec4;
    %pushi/vec4 2, 0, 2;
    %cmp/u;
    %jmp/1 T_23.10, 6;
    %dup/vec4;
    %pushi/vec4 3, 0, 2;
    %cmp/u;
    %jmp/1 T_23.11, 6;
    %jmp T_23.12;
T_23.8 ;
    %pushi/vec4 0, 0, 24;
    %load/vec4 v000001b932195a20_0;
    %parti/s 8, 0, 2;
    %concat/vec4; draw_concat_vec4
    %store/vec4 v000001b932194940_0, 0, 32;
    %jmp T_23.12;
T_23.9 ;
    %pushi/vec4 0, 0, 24;
    %load/vec4 v000001b932195a20_0;
    %parti/s 8, 8, 5;
    %concat/vec4; draw_concat_vec4
    %store/vec4 v000001b932194940_0, 0, 32;
    %jmp T_23.12;
T_23.10 ;
    %pushi/vec4 0, 0, 24;
    %load/vec4 v000001b932195a20_0;
    %parti/s 8, 16, 6;
    %concat/vec4; draw_concat_vec4
    %store/vec4 v000001b932194940_0, 0, 32;
    %jmp T_23.12;
T_23.11 ;
    %pushi/vec4 0, 0, 24;
    %load/vec4 v000001b932195a20_0;
    %parti/s 8, 24, 6;
    %concat/vec4; draw_concat_vec4
    %store/vec4 v000001b932194940_0, 0, 32;
    %jmp T_23.12;
T_23.12 ;
    %pop/vec4 1;
    %jmp T_23.7;
T_23.6 ;
    %load/vec4 v000001b932195a20_0;
    %store/vec4 v000001b932194940_0, 0, 32;
T_23.7 ;
    %jmp T_23.5;
T_23.4 ;
    %load/vec4 v000001b9321955c0_0;
    %flag_set/vec4 8;
    %jmp/0xz  T_23.13, 8;
    %load/vec4 v000001b932196060_0;
    %dup/vec4;
    %pushi/vec4 0, 0, 4;
    %cmp/u;
    %jmp/1 T_23.15, 6;
    %dup/vec4;
    %pushi/vec4 1, 0, 4;
    %cmp/u;
    %jmp/1 T_23.16, 6;
    %dup/vec4;
    %pushi/vec4 2, 0, 4;
    %cmp/u;
    %jmp/1 T_23.17, 6;
    %dup/vec4;
    %pushi/vec4 3, 0, 4;
    %cmp/u;
    %jmp/1 T_23.18, 6;
    %dup/vec4;
    %pushi/vec4 4, 0, 4;
    %cmp/u;
    %jmp/1 T_23.19, 6;
    %dup/vec4;
    %pushi/vec4 5, 0, 4;
    %cmp/u;
    %jmp/1 T_23.20, 6;
    %dup/vec4;
    %pushi/vec4 6, 0, 4;
    %cmp/u;
    %jmp/1 T_23.21, 6;
    %dup/vec4;
    %pushi/vec4 7, 0, 4;
    %cmp/u;
    %jmp/1 T_23.22, 6;
    %dup/vec4;
    %pushi/vec4 8, 0, 4;
    %cmp/u;
    %jmp/1 T_23.23, 6;
    %dup/vec4;
    %pushi/vec4 9, 0, 4;
    %cmp/u;
    %jmp/1 T_23.24, 6;
    %dup/vec4;
    %pushi/vec4 10, 0, 4;
    %cmp/u;
    %jmp/1 T_23.25, 6;
    %dup/vec4;
    %pushi/vec4 11, 0, 4;
    %cmp/u;
    %jmp/1 T_23.26, 6;
    %dup/vec4;
    %pushi/vec4 12, 0, 4;
    %cmp/u;
    %jmp/1 T_23.27, 6;
    %dup/vec4;
    %pushi/vec4 13, 0, 4;
    %cmp/u;
    %jmp/1 T_23.28, 6;
    %dup/vec4;
    %pushi/vec4 14, 0, 4;
    %cmp/u;
    %jmp/1 T_23.29, 6;
    %dup/vec4;
    %pushi/vec4 15, 0, 4;
    %cmp/u;
    %jmp/1 T_23.30, 6;
    %pushi/vec4 3735928559, 0, 32;
    %store/vec4 v000001b932194940_0, 0, 32;
    %jmp T_23.32;
T_23.15 ;
    %load/vec4 v000001b932195200_0;
    %store/vec4 v000001b932194940_0, 0, 32;
    %jmp T_23.32;
T_23.16 ;
    %load/vec4 v000001b932196b00_0;
    %store/vec4 v000001b932194940_0, 0, 32;
    %jmp T_23.32;
T_23.17 ;
    %load/vec4 v000001b9321966a0_0;
    %store/vec4 v000001b932194940_0, 0, 32;
    %jmp T_23.32;
T_23.18 ;
    %load/vec4 v000001b932195ac0_0;
    %store/vec4 v000001b932194940_0, 0, 32;
    %jmp T_23.32;
T_23.19 ;
    %load/vec4 v000001b9321961a0_0;
    %store/vec4 v000001b932194940_0, 0, 32;
    %jmp T_23.32;
T_23.20 ;
    %load/vec4 v000001b932196e20_0;
    %store/vec4 v000001b932194940_0, 0, 32;
    %jmp T_23.32;
T_23.21 ;
    %load/vec4 v000001b932197dc0_0;
    %store/vec4 v000001b932194940_0, 0, 32;
    %jmp T_23.32;
T_23.22 ;
    %load/vec4 v000001b9321971e0_0;
    %store/vec4 v000001b932194940_0, 0, 32;
    %jmp T_23.32;
T_23.23 ;
    %load/vec4 v000001b932194300_0;
    %store/vec4 v000001b932194940_0, 0, 32;
    %jmp T_23.32;
T_23.24 ;
    %load/vec4 v000001b9321978c0_0;
    %store/vec4 v000001b932194940_0, 0, 32;
    %jmp T_23.32;
T_23.25 ;
    %load/vec4 v000001b932198360_0;
    %store/vec4 v000001b932194940_0, 0, 32;
    %jmp T_23.32;
T_23.26 ;
    %load/vec4 v000001b932194ee0_0;
    %store/vec4 v000001b932194940_0, 0, 32;
    %jmp T_23.32;
T_23.27 ;
    %load/vec4 v000001b932195fc0_0;
    %store/vec4 v000001b932194940_0, 0, 32;
    %jmp T_23.32;
T_23.28 ;
    %load/vec4 v000001b932196600_0;
    %store/vec4 v000001b932194940_0, 0, 32;
    %jmp T_23.32;
T_23.29 ;
    %load/vec4 v000001b932196ba0_0;
    %store/vec4 v000001b932194940_0, 0, 32;
    %jmp T_23.32;
T_23.30 ;
    %load/vec4 v000001b932196100_0;
    %store/vec4 v000001b932194940_0, 0, 32;
    %jmp T_23.32;
T_23.32 ;
    %pop/vec4 1;
T_23.13 ;
T_23.5 ;
T_23.3 ;
T_23.1 ;
    %jmp T_23;
    .thread T_23, $push;
    .scope S_000001b9321150e0;
T_24 ;
    %pushi/vec4 0, 0, 32;
    %store/vec4 v000001b932112c70_0, 0, 32;
T_24.0 ;
    %load/vec4 v000001b932112c70_0;
    %cmpi/s 256, 0, 32;
    %jmp/0xz T_24.1, 5;
    %pushi/vec4 0, 0, 32;
    %ix/getv/s 4, v000001b932112c70_0;
    %store/vec4a v000001b932112630, 4, 0;
    %load/vec4 v000001b932112c70_0;
    %addi 1, 0, 32;
    %store/vec4 v000001b932112c70_0, 0, 32;
    %jmp T_24.0;
T_24.1 ;
    %pushi/vec4 195067900, 0, 32;
    %ix/load 4, 0, 0;
    %flag_set/imm 4, 0;
    %store/vec4a v000001b932112630, 4, 0;
    %pushi/vec4 136314880, 0, 32;
    %ix/load 4, 1, 0;
    %flag_set/imm 4, 0;
    %store/vec4a v000001b932112630, 4, 0;
    %pushi/vec4 138412032, 0, 32;
    %ix/load 4, 2, 0;
    %flag_set/imm 4, 0;
    %store/vec4a v000001b932112630, 4, 0;
    %pushi/vec4 140509184, 0, 32;
    %ix/load 4, 3, 0;
    %flag_set/imm 4, 0;
    %store/vec4a v000001b932112630, 4, 0;
    %pushi/vec4 142606336, 0, 32;
    %ix/load 4, 4, 0;
    %flag_set/imm 4, 0;
    %store/vec4a v000001b932112630, 4, 0;
    %pushi/vec4 144703488, 0, 32;
    %ix/load 4, 5, 0;
    %flag_set/imm 4, 0;
    %store/vec4a v000001b932112630, 4, 0;
    %pushi/vec4 146800640, 0, 32;
    %ix/load 4, 6, 0;
    %flag_set/imm 4, 0;
    %store/vec4a v000001b932112630, 4, 0;
    %pushi/vec4 148897792, 0, 32;
    %ix/load 4, 7, 0;
    %flag_set/imm 4, 0;
    %store/vec4a v000001b932112630, 4, 0;
    %pushi/vec4 150994944, 0, 32;
    %ix/load 4, 8, 0;
    %flag_set/imm 4, 0;
    %store/vec4a v000001b932112630, 4, 0;
    %pushi/vec4 153092096, 0, 32;
    %ix/load 4, 9, 0;
    %flag_set/imm 4, 0;
    %store/vec4a v000001b932112630, 4, 0;
    %pushi/vec4 155189248, 0, 32;
    %ix/load 4, 10, 0;
    %flag_set/imm 4, 0;
    %store/vec4a v000001b932112630, 4, 0;
    %pushi/vec4 157286400, 0, 32;
    %ix/load 4, 11, 0;
    %flag_set/imm 4, 0;
    %store/vec4a v000001b932112630, 4, 0;
    %pushi/vec4 159383552, 0, 32;
    %ix/load 4, 12, 0;
    %flag_set/imm 4, 0;
    %store/vec4a v000001b932112630, 4, 0;
    %pushi/vec4 161480704, 0, 32;
    %ix/load 4, 13, 0;
    %flag_set/imm 4, 0;
    %store/vec4a v000001b932112630, 4, 0;
    %pushi/vec4 163577856, 0, 32;
    %ix/load 4, 14, 0;
    %flag_set/imm 4, 0;
    %store/vec4a v000001b932112630, 4, 0;
    %pushi/vec4 165675008, 0, 32;
    %ix/load 4, 15, 0;
    %flag_set/imm 4, 0;
    %store/vec4a v000001b932112630, 4, 0;
    %pushi/vec4 167772160, 0, 32;
    %ix/load 4, 16, 0;
    %flag_set/imm 4, 0;
    %store/vec4a v000001b932112630, 4, 0;
    %pushi/vec4 169869312, 0, 32;
    %ix/load 4, 17, 0;
    %flag_set/imm 4, 0;
    %store/vec4a v000001b932112630, 4, 0;
    %pushi/vec4 171966464, 0, 32;
    %ix/load 4, 18, 0;
    %flag_set/imm 4, 0;
    %store/vec4a v000001b932112630, 4, 0;
    %pushi/vec4 174063616, 0, 32;
    %ix/load 4, 19, 0;
    %flag_set/imm 4, 0;
    %store/vec4a v000001b932112630, 4, 0;
    %pushi/vec4 176160768, 0, 32;
    %ix/load 4, 20, 0;
    %flag_set/imm 4, 0;
    %store/vec4a v000001b932112630, 4, 0;
    %pushi/vec4 178257920, 0, 32;
    %ix/load 4, 21, 0;
    %flag_set/imm 4, 0;
    %store/vec4a v000001b932112630, 4, 0;
    %pushi/vec4 180355072, 0, 32;
    %ix/load 4, 22, 0;
    %flag_set/imm 4, 0;
    %store/vec4a v000001b932112630, 4, 0;
    %pushi/vec4 182452224, 0, 32;
    %ix/load 4, 23, 0;
    %flag_set/imm 4, 0;
    %store/vec4a v000001b932112630, 4, 0;
    %pushi/vec4 184549376, 0, 32;
    %ix/load 4, 24, 0;
    %flag_set/imm 4, 0;
    %store/vec4a v000001b932112630, 4, 0;
    %pushi/vec4 186646528, 0, 32;
    %ix/load 4, 25, 0;
    %flag_set/imm 4, 0;
    %store/vec4a v000001b932112630, 4, 0;
    %pushi/vec4 188743680, 0, 32;
    %ix/load 4, 26, 0;
    %flag_set/imm 4, 0;
    %store/vec4a v000001b932112630, 4, 0;
    %pushi/vec4 190840832, 0, 32;
    %ix/load 4, 27, 0;
    %flag_set/imm 4, 0;
    %store/vec4a v000001b932112630, 4, 0;
    %pushi/vec4 192937984, 0, 32;
    %ix/load 4, 28, 0;
    %flag_set/imm 4, 0;
    %store/vec4a v000001b932112630, 4, 0;
    %pushi/vec4 1677722624, 0, 32;
    %ix/load 4, 29, 0;
    %flag_set/imm 4, 0;
    %store/vec4a v000001b932112630, 4, 0;
    %end;
    .thread T_24;
    .scope S_000001b9321150e0;
T_25 ;
    %wait E_000001b9320dc0d0;
    %load/vec4 v000001b932113030_0;
    %pad/u 10;
    %ix/vec4 4;
    %load/vec4a v000001b932112630, 4;
    %assign/vec4 v000001b932113490_0, 0;
    %jmp T_25;
    .thread T_25;
    .scope S_000001b932199bf0;
T_26 ;
    %pushi/vec4 0, 0, 32;
    %store/vec4 v000001b9321930e0_0, 0, 32;
T_26.0 ;
    %load/vec4 v000001b9321930e0_0;
    %cmpi/s 4096, 0, 32;
    %jmp/0xz T_26.1, 5;
    %pushi/vec4 0, 0, 32;
    %ix/getv/s 4, v000001b9321930e0_0;
    %store/vec4a v000001b932190fc0, 4, 0;
    %load/vec4 v000001b9321930e0_0;
    %addi 1, 0, 32;
    %store/vec4 v000001b9321930e0_0, 0, 32;
    %jmp T_26.0;
T_26.1 ;
    %vpi_call 26 46 "$readmemh", P_000001b9320cce08, v000001b932190fc0 {0 0 0};
    %end;
    .thread T_26;
    .scope S_000001b932199bf0;
T_27 ;
    %wait E_000001b9320dc0d0;
    %load/vec4 v000001b932191a60_0;
    %pad/u 14;
    %ix/vec4 4;
    %load/vec4a v000001b932190fc0, 4;
    %assign/vec4 v000001b932193540_0, 0;
    %jmp T_27;
    .thread T_27;
    .scope S_000001b932170220;
T_28 ;
    %pushi/vec4 0, 0, 32;
    %store/vec4 v000001b93217ab10_0, 0, 32;
T_28.0 ;
    %load/vec4 v000001b93217ab10_0;
    %cmpi/s 8192, 0, 32;
    %jmp/0xz T_28.1, 5;
    %pushi/vec4 0, 0, 32;
    %ix/getv/s 4, v000001b93217ab10_0;
    %store/vec4a v000001b93217a750, 4, 0;
    %load/vec4 v000001b93217ab10_0;
    %addi 1, 0, 32;
    %store/vec4 v000001b93217ab10_0, 0, 32;
    %jmp T_28.0;
T_28.1 ;
    %end;
    .thread T_28;
    .scope S_000001b932170220;
T_29 ;
    %wait E_000001b9320dc0d0;
    %load/vec4 v000001b93217ad90_0;
    %flag_set/vec4 8;
    %jmp/0xz  T_29.0, 8;
    %load/vec4 v000001b932179f30_0;
    %parti/s 1, 0, 2;
    %flag_set/vec4 8;
    %jmp/0xz  T_29.2, 8;
    %load/vec4 v000001b93217ac50_0;
    %parti/s 8, 0, 2;
    %load/vec4 v000001b932179ad0_0;
    %pad/u 15;
    %ix/vec4 3;
    %ix/load 4, 0, 0; Constant delay
    %assign/vec4/a/d v000001b93217a750, 0, 4;
T_29.2 ;
    %load/vec4 v000001b932179f30_0;
    %parti/s 1, 1, 2;
    %flag_set/vec4 8;
    %jmp/0xz  T_29.4, 8;
    %load/vec4 v000001b93217ac50_0;
    %parti/s 8, 8, 5;
    %load/vec4 v000001b932179ad0_0;
    %pad/u 15;
    %ix/vec4 3;
    %ix/load 4, 8, 0; part off
    %ix/load 5, 0, 0; Constant delay
    %assign/vec4/a/d v000001b93217a750, 4, 5;
T_29.4 ;
    %load/vec4 v000001b932179f30_0;
    %parti/s 1, 2, 3;
    %flag_set/vec4 8;
    %jmp/0xz  T_29.6, 8;
    %load/vec4 v000001b93217ac50_0;
    %parti/s 8, 16, 6;
    %load/vec4 v000001b932179ad0_0;
    %pad/u 15;
    %ix/vec4 3;
    %ix/load 4, 16, 0; part off
    %ix/load 5, 0, 0; Constant delay
    %assign/vec4/a/d v000001b93217a750, 4, 5;
T_29.6 ;
    %load/vec4 v000001b932179f30_0;
    %parti/s 1, 3, 3;
    %flag_set/vec4 8;
    %jmp/0xz  T_29.8, 8;
    %load/vec4 v000001b93217ac50_0;
    %parti/s 8, 24, 6;
    %load/vec4 v000001b932179ad0_0;
    %pad/u 15;
    %ix/vec4 3;
    %ix/load 4, 24, 0; part off
    %ix/load 5, 0, 0; Constant delay
    %assign/vec4/a/d v000001b93217a750, 4, 5;
T_29.8 ;
T_29.0 ;
    %jmp T_29;
    .thread T_29;
    .scope S_000001b932170220;
T_30 ;
    %wait E_000001b9320dc0d0;
    %load/vec4 v000001b932179ad0_0;
    %pad/u 15;
    %ix/vec4 4;
    %load/vec4a v000001b93217a750, 4;
    %assign/vec4 v000001b93217abb0_0, 0;
    %jmp T_30;
    .thread T_30;
    .scope S_000001b932199740;
T_31 ;
    %pushi/vec4 4352, 0, 32;
    %ix/load 4, 0, 0;
    %flag_set/imm 4, 0;
    %store/vec4a v000001b932197c80, 4, 0;
    %pushi/vec4 4384, 0, 32;
    %ix/load 4, 1, 0;
    %flag_set/imm 4, 0;
    %store/vec4a v000001b932197c80, 4, 0;
    %pushi/vec4 4416, 0, 32;
    %ix/load 4, 2, 0;
    %flag_set/imm 4, 0;
    %store/vec4a v000001b932197c80, 4, 0;
    %pushi/vec4 4448, 0, 32;
    %ix/load 4, 3, 0;
    %flag_set/imm 4, 0;
    %store/vec4a v000001b932197c80, 4, 0;
    %pushi/vec4 4480, 0, 32;
    %ix/load 4, 4, 0;
    %flag_set/imm 4, 0;
    %store/vec4a v000001b932197c80, 4, 0;
    %pushi/vec4 4512, 0, 32;
    %ix/load 4, 5, 0;
    %flag_set/imm 4, 0;
    %store/vec4a v000001b932197c80, 4, 0;
    %pushi/vec4 4544, 0, 32;
    %ix/load 4, 6, 0;
    %flag_set/imm 4, 0;
    %store/vec4a v000001b932197c80, 4, 0;
    %pushi/vec4 4576, 0, 32;
    %ix/load 4, 7, 0;
    %flag_set/imm 4, 0;
    %store/vec4a v000001b932197c80, 4, 0;
    %end;
    .thread T_31;
    .scope S_000001b932199740;
T_32 ;
    %wait E_000001b9320dc0d0;
    %load/vec4 v000001b932198180_0;
    %nor/r;
    %flag_set/vec4 8;
    %jmp/0xz  T_32.0, 8;
    %pushi/vec4 4352, 0, 32;
    %ix/load 3, 0, 0;
    %flag_set/imm 4, 0;
    %ix/load 4, 0, 0; Constant delay
    %assign/vec4/a/d v000001b932197c80, 0, 4;
    %pushi/vec4 4384, 0, 32;
    %ix/load 3, 1, 0;
    %flag_set/imm 4, 0;
    %ix/load 4, 0, 0; Constant delay
    %assign/vec4/a/d v000001b932197c80, 0, 4;
    %pushi/vec4 4416, 0, 32;
    %ix/load 3, 2, 0;
    %flag_set/imm 4, 0;
    %ix/load 4, 0, 0; Constant delay
    %assign/vec4/a/d v000001b932197c80, 0, 4;
    %pushi/vec4 4448, 0, 32;
    %ix/load 3, 3, 0;
    %flag_set/imm 4, 0;
    %ix/load 4, 0, 0; Constant delay
    %assign/vec4/a/d v000001b932197c80, 0, 4;
    %pushi/vec4 4480, 0, 32;
    %ix/load 3, 4, 0;
    %flag_set/imm 4, 0;
    %ix/load 4, 0, 0; Constant delay
    %assign/vec4/a/d v000001b932197c80, 0, 4;
    %pushi/vec4 4512, 0, 32;
    %ix/load 3, 5, 0;
    %flag_set/imm 4, 0;
    %ix/load 4, 0, 0; Constant delay
    %assign/vec4/a/d v000001b932197c80, 0, 4;
    %pushi/vec4 4544, 0, 32;
    %ix/load 3, 6, 0;
    %flag_set/imm 4, 0;
    %ix/load 4, 0, 0; Constant delay
    %assign/vec4/a/d v000001b932197c80, 0, 4;
    %pushi/vec4 4576, 0, 32;
    %ix/load 3, 7, 0;
    %flag_set/imm 4, 0;
    %ix/load 4, 0, 0; Constant delay
    %assign/vec4/a/d v000001b932197c80, 0, 4;
    %jmp T_32.1;
T_32.0 ;
    %load/vec4 v000001b932198220_0;
    %flag_set/vec4 8;
    %jmp/0xz  T_32.2, 8;
    %load/vec4 v000001b932197460_0;
    %load/vec4 v000001b9321976e0_0;
    %pad/u 5;
    %ix/vec4 3;
    %ix/load 4, 0, 0; Constant delay
    %assign/vec4/a/d v000001b932197c80, 0, 4;
T_32.2 ;
T_32.1 ;
    %jmp T_32;
    .thread T_32;
    .scope S_000001b932199740;
T_33 ;
    %wait E_000001b9320de050;
    %load/vec4 v000001b932195e80_0;
    %pad/u 5;
    %ix/vec4 4;
    %load/vec4a v000001b932197c80, 4;
    %store/vec4 v000001b9321973c0_0, 0, 32;
    %jmp T_33;
    .thread T_33, $push;
    .scope S_000001b93219a6e0;
T_34 ;
    %wait E_000001b9320dc0d0;
    %load/vec4 v000001b932198c20_0;
    %nor/r;
    %flag_set/vec4 8;
    %jmp/0xz  T_34.0, 8;
    %pushi/vec4 243, 0, 8;
    %assign/vec4 v000001b9321982c0_0, 0;
    %pushi/vec4 0, 0, 8;
    %assign/vec4 v000001b932198860_0, 0;
    %pushi/vec4 0, 0, 1;
    %assign/vec4 v000001b9321989a0_0, 0;
    %pushi/vec4 0, 0, 3;
    %assign/vec4 v000001b932198a40_0, 0;
    %jmp T_34.1;
T_34.0 ;
    %load/vec4 v000001b932198860_0;
    %load/vec4 v000001b932195f20_0;
    %or;
    %assign/vec4 v000001b932198860_0, 0;
    %load/vec4 v000001b932198ae0_0;
    %flag_set/vec4 8;
    %jmp/0xz  T_34.2, 8;
    %load/vec4 v000001b9321985e0_0;
    %dup/vec4;
    %pushi/vec4 1, 0, 4;
    %cmp/u;
    %jmp/1 T_34.4, 6;
    %dup/vec4;
    %pushi/vec4 3, 0, 4;
    %cmp/u;
    %jmp/1 T_34.5, 6;
    %jmp T_34.7;
T_34.4 ;
    %load/vec4 v000001b9321987c0_0;
    %parti/s 8, 0, 2;
    %assign/vec4 v000001b9321982c0_0, 0;
    %jmp T_34.7;
T_34.5 ;
    %load/vec4 v000001b932198860_0;
    %load/vec4 v000001b9321987c0_0;
    %parti/s 8, 0, 2;
    %inv;
    %and;
    %assign/vec4 v000001b932198860_0, 0;
    %jmp T_34.7;
T_34.7 ;
    %pop/vec4 1;
T_34.2 ;
    %pushi/vec4 0, 0, 1;
    %assign/vec4 v000001b9321989a0_0, 0;
    %load/vec4 v000001b932198400_0;
    %flag_set/vec4 9;
    %flag_get/vec4 9;
    %jmp/0 T_34.10, 9;
    %load/vec4 v000001b932197a00_0;
    %nor/r;
    %and;
T_34.10;
    %flag_set/vec4 8;
    %jmp/0xz  T_34.8, 8;
    %load/vec4 v000001b932198680_0;
    %parti/s 1, 0, 2;
    %flag_set/vec4 8;
    %jmp/0xz  T_34.11, 8;
    %pushi/vec4 1, 0, 1;
    %assign/vec4 v000001b9321989a0_0, 0;
    %pushi/vec4 0, 0, 3;
    %assign/vec4 v000001b932198a40_0, 0;
    %pushi/vec4 0, 0, 1;
    %ix/load 4, 0, 0;
    %ix/load 5, 0, 0;
    %flag_set/imm 4, 0;
    %assign/vec4/off/d v000001b932198860_0, 4, 5;
    %jmp T_34.12;
T_34.11 ;
    %load/vec4 v000001b932198680_0;
    %parti/s 1, 1, 2;
    %flag_set/vec4 8;
    %jmp/0xz  T_34.13, 8;
    %pushi/vec4 1, 0, 1;
    %assign/vec4 v000001b9321989a0_0, 0;
    %pushi/vec4 1, 0, 3;
    %assign/vec4 v000001b932198a40_0, 0;
    %pushi/vec4 0, 0, 1;
    %ix/load 4, 1, 0;
    %ix/load 5, 0, 0;
    %flag_set/imm 4, 0;
    %assign/vec4/off/d v000001b932198860_0, 4, 5;
    %jmp T_34.14;
T_34.13 ;
    %load/vec4 v000001b932198680_0;
    %parti/s 1, 2, 3;
    %flag_set/vec4 8;
    %jmp/0xz  T_34.15, 8;
    %pushi/vec4 1, 0, 1;
    %assign/vec4 v000001b9321989a0_0, 0;
    %pushi/vec4 2, 0, 3;
    %assign/vec4 v000001b932198a40_0, 0;
    %pushi/vec4 0, 0, 1;
    %ix/load 4, 2, 0;
    %ix/load 5, 0, 0;
    %flag_set/imm 4, 0;
    %assign/vec4/off/d v000001b932198860_0, 4, 5;
    %jmp T_34.16;
T_34.15 ;
    %load/vec4 v000001b932198680_0;
    %parti/s 1, 3, 3;
    %flag_set/vec4 8;
    %jmp/0xz  T_34.17, 8;
    %pushi/vec4 1, 0, 1;
    %assign/vec4 v000001b9321989a0_0, 0;
    %pushi/vec4 3, 0, 3;
    %assign/vec4 v000001b932198a40_0, 0;
    %pushi/vec4 0, 0, 1;
    %ix/load 4, 3, 0;
    %ix/load 5, 0, 0;
    %flag_set/imm 4, 0;
    %assign/vec4/off/d v000001b932198860_0, 4, 5;
    %jmp T_34.18;
T_34.17 ;
    %load/vec4 v000001b932198680_0;
    %parti/s 1, 4, 4;
    %flag_set/vec4 8;
    %jmp/0xz  T_34.19, 8;
    %pushi/vec4 1, 0, 1;
    %assign/vec4 v000001b9321989a0_0, 0;
    %pushi/vec4 4, 0, 3;
    %assign/vec4 v000001b932198a40_0, 0;
    %pushi/vec4 0, 0, 1;
    %ix/load 4, 4, 0;
    %ix/load 5, 0, 0;
    %flag_set/imm 4, 0;
    %assign/vec4/off/d v000001b932198860_0, 4, 5;
    %jmp T_34.20;
T_34.19 ;
    %load/vec4 v000001b932198680_0;
    %parti/s 1, 5, 4;
    %flag_set/vec4 8;
    %jmp/0xz  T_34.21, 8;
    %pushi/vec4 1, 0, 1;
    %assign/vec4 v000001b9321989a0_0, 0;
    %pushi/vec4 5, 0, 3;
    %assign/vec4 v000001b932198a40_0, 0;
    %pushi/vec4 0, 0, 1;
    %ix/load 4, 5, 0;
    %ix/load 5, 0, 0;
    %flag_set/imm 4, 0;
    %assign/vec4/off/d v000001b932198860_0, 4, 5;
    %jmp T_34.22;
T_34.21 ;
    %load/vec4 v000001b932198680_0;
    %parti/s 1, 6, 4;
    %flag_set/vec4 8;
    %jmp/0xz  T_34.23, 8;
    %pushi/vec4 1, 0, 1;
    %assign/vec4 v000001b9321989a0_0, 0;
    %pushi/vec4 6, 0, 3;
    %assign/vec4 v000001b932198a40_0, 0;
    %pushi/vec4 0, 0, 1;
    %ix/load 4, 6, 0;
    %ix/load 5, 0, 0;
    %flag_set/imm 4, 0;
    %assign/vec4/off/d v000001b932198860_0, 4, 5;
    %jmp T_34.24;
T_34.23 ;
    %load/vec4 v000001b932198680_0;
    %parti/s 1, 7, 4;
    %flag_set/vec4 8;
    %jmp/0xz  T_34.25, 8;
    %pushi/vec4 1, 0, 1;
    %assign/vec4 v000001b9321989a0_0, 0;
    %pushi/vec4 7, 0, 3;
    %assign/vec4 v000001b932198a40_0, 0;
    %pushi/vec4 0, 0, 1;
    %ix/load 4, 7, 0;
    %ix/load 5, 0, 0;
    %flag_set/imm 4, 0;
    %assign/vec4/off/d v000001b932198860_0, 4, 5;
T_34.25 ;
T_34.24 ;
T_34.22 ;
T_34.20 ;
T_34.18 ;
T_34.16 ;
T_34.14 ;
T_34.12 ;
T_34.8 ;
    %load/vec4 v000001b932195f20_0;
    %parti/s 1, 0, 2;
    %flag_set/vec4 9;
    %flag_get/vec4 9;
    %jmp/0 T_34.29, 9;
    %load/vec4 v000001b932197a00_0;
    %and;
T_34.29;
    %flag_set/vec4 8;
    %jmp/0xz  T_34.27, 8;
    %pushi/vec4 1, 0, 1;
    %assign/vec4 v000001b9321989a0_0, 0;
    %pushi/vec4 0, 0, 3;
    %assign/vec4 v000001b932198a40_0, 0;
T_34.27 ;
T_34.1 ;
    %jmp T_34;
    .thread T_34;
    .scope S_000001b93219a6e0;
T_35 ;
    %wait E_000001b9320ddd50;
    %load/vec4 v000001b9321985e0_0;
    %dup/vec4;
    %pushi/vec4 0, 0, 4;
    %cmp/u;
    %jmp/1 T_35.0, 6;
    %dup/vec4;
    %pushi/vec4 1, 0, 4;
    %cmp/u;
    %jmp/1 T_35.1, 6;
    %dup/vec4;
    %pushi/vec4 2, 0, 4;
    %cmp/u;
    %jmp/1 T_35.2, 6;
    %dup/vec4;
    %pushi/vec4 4, 0, 4;
    %cmp/u;
    %jmp/1 T_35.3, 6;
    %pushi/vec4 0, 0, 32;
    %store/vec4 v000001b932198900_0, 0, 32;
    %jmp T_35.5;
T_35.0 ;
    %pushi/vec4 0, 0, 24;
    %load/vec4 v000001b932195f20_0;
    %concat/vec4; draw_concat_vec4
    %store/vec4 v000001b932198900_0, 0, 32;
    %jmp T_35.5;
T_35.1 ;
    %pushi/vec4 0, 0, 24;
    %load/vec4 v000001b9321982c0_0;
    %concat/vec4; draw_concat_vec4
    %store/vec4 v000001b932198900_0, 0, 32;
    %jmp T_35.5;
T_35.2 ;
    %pushi/vec4 0, 0, 24;
    %load/vec4 v000001b932198860_0;
    %load/vec4 v000001b9321982c0_0;
    %and;
    %concat/vec4; draw_concat_vec4
    %store/vec4 v000001b932198900_0, 0, 32;
    %jmp T_35.5;
T_35.3 ;
    %pushi/vec4 0, 0, 29;
    %load/vec4 v000001b932198a40_0;
    %concat/vec4; draw_concat_vec4
    %store/vec4 v000001b932198900_0, 0, 32;
    %jmp T_35.5;
T_35.5 ;
    %pop/vec4 1;
    %jmp T_35;
    .thread T_35, $push;
    .scope S_000001b93216ff00;
T_36 ;
    %wait E_000001b9320dc0d0;
    %load/vec4 v000001b93217c2d0_0;
    %nor/r;
    %flag_set/vec4 8;
    %jmp/0xz  T_36.0, 8;
    %pushi/vec4 0, 0, 32;
    %assign/vec4 v000001b93217c410_0, 0;
    %pushi/vec4 0, 0, 32;
    %assign/vec4 v000001b93217bb50_0, 0;
    %pushi/vec4 0, 0, 32;
    %assign/vec4 v000001b93217b5b0_0, 0;
    %jmp T_36.1;
T_36.0 ;
    %load/vec4 v000001b93217c190_0;
    %assign/vec4 v000001b93217c410_0, 0;
    %load/vec4 v000001b93217c410_0;
    %assign/vec4 v000001b93217bb50_0, 0;
    %load/vec4 v000001b93217bb50_0;
    %assign/vec4 v000001b93217b5b0_0, 0;
T_36.1 ;
    %jmp T_36;
    .thread T_36;
    .scope S_000001b93216ff00;
T_37 ;
    %wait E_000001b9320dc0d0;
    %load/vec4 v000001b93217c2d0_0;
    %nor/r;
    %flag_set/vec4 8;
    %jmp/0xz  T_37.0, 8;
    %pushi/vec4 0, 0, 32;
    %assign/vec4 v000001b93217cc30_0, 0;
    %pushi/vec4 0, 0, 1;
    %assign/vec4 v000001b93217b8d0_0, 0;
    %jmp T_37.1;
T_37.0 ;
    %load/vec4 v000001b93217cc30_0;
    %load/vec4 v000001b93217c050_0;
    %load/vec4 v000001b93217cb90_0;
    %load/vec4 v000001b93217c230_0;
    %load/vec4 v000001b93217b650_0;
    %or;
    %and;
    %load/vec4 v000001b93217cb90_0;
    %inv;
    %load/vec4 v000001b93217bab0_0;
    %and;
    %load/vec4 v000001b93217c230_0;
    %and;
    %or;
    %load/vec4 v000001b93217cb90_0;
    %inv;
    %load/vec4 v000001b93217bab0_0;
    %inv;
    %and;
    %load/vec4 v000001b93217b650_0;
    %and;
    %or;
    %and;
    %or;
    %assign/vec4 v000001b93217cc30_0, 0;
    %load/vec4 v000001b93217c0f0_0;
    %flag_set/vec4 9;
    %flag_get/vec4 9;
    %jmp/0 T_37.4, 9;
    %load/vec4 v000001b93217c4b0_0;
    %pushi/vec4 7, 0, 3;
    %cmp/e;
    %flag_get/vec4 4;
    %and;
T_37.4;
    %flag_set/vec4 8;
    %jmp/0xz  T_37.2, 8;
    %load/vec4 v000001b93217cc30_0;
    %load/vec4 v000001b93217bf10_0;
    %inv;
    %and;
    %assign/vec4 v000001b93217cc30_0, 0;
T_37.2 ;
    %load/vec4 v000001b93217cc30_0;
    %load/vec4 v000001b93217c050_0;
    %and;
    %or/r;
    %assign/vec4 v000001b93217b8d0_0, 0;
T_37.1 ;
    %jmp T_37;
    .thread T_37;
    .scope S_000001b93216ff00;
T_38 ;
    %wait E_000001b9320dc0d0;
    %load/vec4 v000001b93217c2d0_0;
    %nor/r;
    %flag_set/vec4 8;
    %jmp/0xz  T_38.0, 8;
    %pushi/vec4 0, 0, 32;
    %assign/vec4 v000001b93217be70_0, 0;
    %pushi/vec4 0, 0, 32;
    %assign/vec4 v000001b93217b970_0, 0;
    %pushi/vec4 0, 0, 32;
    %assign/vec4 v000001b93217c050_0, 0;
    %pushi/vec4 4294967295, 0, 32;
    %assign/vec4 v000001b93217bab0_0, 0;
    %pushi/vec4 0, 0, 32;
    %assign/vec4 v000001b93217cb90_0, 0;
    %jmp T_38.1;
T_38.0 ;
    %load/vec4 v000001b93217c0f0_0;
    %flag_set/vec4 8;
    %jmp/0xz  T_38.2, 8;
    %load/vec4 v000001b93217c4b0_0;
    %dup/vec4;
    %pushi/vec4 0, 0, 3;
    %cmp/u;
    %jmp/1 T_38.4, 6;
    %dup/vec4;
    %pushi/vec4 2, 0, 3;
    %cmp/u;
    %jmp/1 T_38.5, 6;
    %dup/vec4;
    %pushi/vec4 3, 0, 3;
    %cmp/u;
    %jmp/1 T_38.6, 6;
    %dup/vec4;
    %pushi/vec4 4, 0, 3;
    %cmp/u;
    %jmp/1 T_38.7, 6;
    %dup/vec4;
    %pushi/vec4 5, 0, 3;
    %cmp/u;
    %jmp/1 T_38.8, 6;
    %jmp T_38.10;
T_38.4 ;
    %load/vec4 v000001b93217bf10_0;
    %assign/vec4 v000001b93217be70_0, 0;
    %jmp T_38.10;
T_38.5 ;
    %load/vec4 v000001b93217bf10_0;
    %assign/vec4 v000001b93217b970_0, 0;
    %jmp T_38.10;
T_38.6 ;
    %load/vec4 v000001b93217bf10_0;
    %assign/vec4 v000001b93217c050_0, 0;
    %jmp T_38.10;
T_38.7 ;
    %load/vec4 v000001b93217bf10_0;
    %assign/vec4 v000001b93217bab0_0, 0;
    %jmp T_38.10;
T_38.8 ;
    %load/vec4 v000001b93217bf10_0;
    %assign/vec4 v000001b93217cb90_0, 0;
    %jmp T_38.10;
T_38.10 ;
    %pop/vec4 1;
T_38.2 ;
T_38.1 ;
    %jmp T_38;
    .thread T_38;
    .scope S_000001b93216ff00;
T_39 ;
    %wait E_000001b9320dd410;
    %load/vec4 v000001b93217c4b0_0;
    %dup/vec4;
    %pushi/vec4 0, 0, 3;
    %cmp/u;
    %jmp/1 T_39.0, 6;
    %dup/vec4;
    %pushi/vec4 1, 0, 3;
    %cmp/u;
    %jmp/1 T_39.1, 6;
    %dup/vec4;
    %pushi/vec4 2, 0, 3;
    %cmp/u;
    %jmp/1 T_39.2, 6;
    %dup/vec4;
    %pushi/vec4 3, 0, 3;
    %cmp/u;
    %jmp/1 T_39.3, 6;
    %dup/vec4;
    %pushi/vec4 4, 0, 3;
    %cmp/u;
    %jmp/1 T_39.4, 6;
    %dup/vec4;
    %pushi/vec4 5, 0, 3;
    %cmp/u;
    %jmp/1 T_39.5, 6;
    %dup/vec4;
    %pushi/vec4 6, 0, 3;
    %cmp/u;
    %jmp/1 T_39.6, 6;
    %pushi/vec4 0, 0, 32;
    %store/vec4 v000001b93217c550_0, 0, 32;
    %jmp T_39.8;
T_39.0 ;
    %load/vec4 v000001b93217be70_0;
    %store/vec4 v000001b93217c550_0, 0, 32;
    %jmp T_39.8;
T_39.1 ;
    %load/vec4 v000001b93217bb50_0;
    %store/vec4 v000001b93217c550_0, 0, 32;
    %jmp T_39.8;
T_39.2 ;
    %load/vec4 v000001b93217b970_0;
    %store/vec4 v000001b93217c550_0, 0, 32;
    %jmp T_39.8;
T_39.3 ;
    %load/vec4 v000001b93217c050_0;
    %store/vec4 v000001b93217c550_0, 0, 32;
    %jmp T_39.8;
T_39.4 ;
    %load/vec4 v000001b93217bab0_0;
    %store/vec4 v000001b93217c550_0, 0, 32;
    %jmp T_39.8;
T_39.5 ;
    %load/vec4 v000001b93217cb90_0;
    %store/vec4 v000001b93217c550_0, 0, 32;
    %jmp T_39.8;
T_39.6 ;
    %load/vec4 v000001b93217cc30_0;
    %store/vec4 v000001b93217c550_0, 0, 32;
    %jmp T_39.8;
T_39.8 ;
    %pop/vec4 1;
    %jmp T_39;
    .thread T_39, $push;
    .scope S_000001b932199100;
T_40 ;
    %wait E_000001b9320dc0d0;
    %load/vec4 v000001b93219e3c0_0;
    %nor/r;
    %flag_set/vec4 8;
    %jmp/0xz  T_40.0, 8;
    %pushi/vec4 0, 0, 11;
    %assign/vec4 v000001b93219f220_0, 0;
    %pushi/vec4 0, 0, 1;
    %assign/vec4 v000001b93219d920_0, 0;
    %jmp T_40.1;
T_40.0 ;
    %load/vec4 v000001b93219f220_0;
    %pad/u 32;
    %cmpi/u 867, 0, 32;
    %flag_inv 5; GE is !LT
    %jmp/0xz  T_40.2, 5;
    %pushi/vec4 0, 0, 11;
    %assign/vec4 v000001b93219f220_0, 0;
    %pushi/vec4 1, 0, 1;
    %assign/vec4 v000001b93219d920_0, 0;
    %jmp T_40.3;
T_40.2 ;
    %load/vec4 v000001b93219f220_0;
    %addi 1, 0, 11;
    %assign/vec4 v000001b93219f220_0, 0;
    %pushi/vec4 0, 0, 1;
    %assign/vec4 v000001b93219d920_0, 0;
T_40.3 ;
T_40.1 ;
    %jmp T_40;
    .thread T_40;
    .scope S_000001b932199100;
T_41 ;
    %wait E_000001b9320dc0d0;
    %load/vec4 v000001b93219e3c0_0;
    %nor/r;
    %flag_set/vec4 8;
    %jmp/0xz  T_41.0, 8;
    %pushi/vec4 1, 0, 1;
    %assign/vec4 v000001b93219ff40_0, 0;
    %pushi/vec4 0, 0, 1;
    %assign/vec4 v000001b9321a1980_0, 0;
    %pushi/vec4 0, 0, 4;
    %assign/vec4 v000001b9321a2380_0, 0;
    %pushi/vec4 1023, 0, 10;
    %assign/vec4 v000001b9321a1f20_0, 0;
    %pushi/vec4 0, 0, 3;
    %assign/vec4 v000001b9321a0440_0, 0;
    %pushi/vec4 0, 0, 4;
    %assign/vec4 v000001b9321a0260_0, 0;
    %pushi/vec4 0, 0, 3;
    %assign/vec4 v000001b9321a03a0_0, 0;
    %pushi/vec4 0, 0, 1;
    %assign/vec4 v000001b93219e280_0, 0;
    %jmp T_41.1;
T_41.0 ;
    %pushi/vec4 0, 0, 1;
    %assign/vec4 v000001b93219e280_0, 0;
    %load/vec4 v000001b9321a1980_0;
    %nor/r;
    %flag_set/vec4 8;
    %jmp/0xz  T_41.2, 8;
    %load/vec4 v000001b9321a10c0_0;
    %nor/r;
    %flag_set/vec4 8;
    %jmp/0xz  T_41.4, 8;
    %pushi/vec4 1, 0, 1;
    %load/vec4 v000001b9321a0440_0;
    %pad/u 5;
    %ix/vec4 4;
    %load/vec4a v000001b9321a1340, 4;
    %concat/vec4; draw_concat_vec4
    %concati/vec4 0, 0, 1;
    %assign/vec4 v000001b9321a1f20_0, 0;
    %load/vec4 v000001b9321a0440_0;
    %addi 1, 0, 3;
    %assign/vec4 v000001b9321a0440_0, 0;
    %load/vec4 v000001b9321a0260_0;
    %subi 1, 0, 4;
    %assign/vec4 v000001b9321a0260_0, 0;
    %pushi/vec4 0, 0, 4;
    %assign/vec4 v000001b9321a2380_0, 0;
    %pushi/vec4 1, 0, 1;
    %assign/vec4 v000001b9321a1980_0, 0;
    %jmp T_41.5;
T_41.4 ;
    %pushi/vec4 1, 0, 1;
    %assign/vec4 v000001b93219e280_0, 0;
T_41.5 ;
    %jmp T_41.3;
T_41.2 ;
    %load/vec4 v000001b93219d920_0;
    %flag_set/vec4 8;
    %jmp/0xz  T_41.6, 8;
    %load/vec4 v000001b9321a1f20_0;
    %parti/s 1, 0, 2;
    %assign/vec4 v000001b93219ff40_0, 0;
    %pushi/vec4 1, 0, 1;
    %load/vec4 v000001b9321a1f20_0;
    %parti/s 9, 1, 2;
    %concat/vec4; draw_concat_vec4
    %assign/vec4 v000001b9321a1f20_0, 0;
    %load/vec4 v000001b9321a2380_0;
    %addi 1, 0, 4;
    %assign/vec4 v000001b9321a2380_0, 0;
    %load/vec4 v000001b9321a2380_0;
    %pad/u 32;
    %cmpi/e 9, 0, 32;
    %jmp/0xz  T_41.8, 4;
    %pushi/vec4 0, 0, 1;
    %assign/vec4 v000001b9321a1980_0, 0;
T_41.8 ;
T_41.6 ;
T_41.3 ;
T_41.1 ;
    %jmp T_41;
    .thread T_41;
    .scope S_000001b932199100;
T_42 ;
    %wait E_000001b9320dc0d0;
    %load/vec4 v000001b93219e3c0_0;
    %nor/r;
    %flag_set/vec4 8;
    %jmp/0xz  T_42.0, 8;
    %pushi/vec4 0, 0, 1;
    %assign/vec4 v000001b93219da60_0, 0;
    %pushi/vec4 0, 0, 4;
    %assign/vec4 v000001b93219fb80_0, 0;
    %pushi/vec4 0, 0, 8;
    %assign/vec4 v000001b9321a1ac0_0, 0;
    %pushi/vec4 0, 0, 3;
    %assign/vec4 v000001b9321a01c0_0, 0;
    %pushi/vec4 0, 0, 3;
    %assign/vec4 v000001b9321a0da0_0, 0;
    %pushi/vec4 0, 0, 4;
    %assign/vec4 v000001b93219d880_0, 0;
    %pushi/vec4 0, 0, 1;
    %assign/vec4 v000001b9321a1480_0, 0;
    %pushi/vec4 0, 0, 11;
    %assign/vec4 v000001b93219fae0_0, 0;
    %pushi/vec4 0, 0, 1;
    %assign/vec4 v000001b93219fea0_0, 0;
    %pushi/vec4 0, 0, 1;
    %assign/vec4 v000001b93219d740_0, 0;
    %jmp T_42.1;
T_42.0 ;
    %pushi/vec4 0, 0, 1;
    %assign/vec4 v000001b93219d740_0, 0;
    %pushi/vec4 0, 0, 1;
    %assign/vec4 v000001b93219fea0_0, 0;
    %load/vec4 v000001b93219da60_0;
    %nor/r;
    %flag_set/vec4 8;
    %jmp/0xz  T_42.2, 8;
    %load/vec4 v000001b93219d7e0_0;
    %cmpi/e 0, 0, 1;
    %jmp/0xz  T_42.4, 4;
    %pushi/vec4 1, 0, 1;
    %assign/vec4 v000001b93219da60_0, 0;
    %pushi/vec4 0, 0, 4;
    %assign/vec4 v000001b93219fb80_0, 0;
    %pushi/vec4 434, 0, 11;
    %assign/vec4 v000001b93219fae0_0, 0;
T_42.4 ;
    %jmp T_42.3;
T_42.2 ;
    %load/vec4 v000001b93219fae0_0;
    %pad/u 32;
    %cmpi/u 867, 0, 32;
    %flag_inv 5; GE is !LT
    %jmp/0xz  T_42.6, 5;
    %pushi/vec4 0, 0, 11;
    %assign/vec4 v000001b93219fae0_0, 0;
    %pushi/vec4 1, 0, 1;
    %assign/vec4 v000001b93219fea0_0, 0;
    %jmp T_42.7;
T_42.6 ;
    %load/vec4 v000001b93219fae0_0;
    %addi 1, 0, 11;
    %assign/vec4 v000001b93219fae0_0, 0;
T_42.7 ;
    %load/vec4 v000001b93219fea0_0;
    %flag_set/vec4 8;
    %jmp/0xz  T_42.8, 8;
    %load/vec4 v000001b93219fb80_0;
    %pad/u 32;
    %cmpi/u 8, 0, 32;
    %jmp/0xz  T_42.10, 5;
    %load/vec4 v000001b93219d7e0_0;
    %load/vec4 v000001b9321a1ac0_0;
    %parti/s 7, 1, 2;
    %concat/vec4; draw_concat_vec4
    %assign/vec4 v000001b9321a1ac0_0, 0;
    %load/vec4 v000001b93219fb80_0;
    %addi 1, 0, 4;
    %assign/vec4 v000001b93219fb80_0, 0;
    %jmp T_42.11;
T_42.10 ;
    %pushi/vec4 0, 0, 1;
    %assign/vec4 v000001b93219da60_0, 0;
    %load/vec4 v000001b93219d7e0_0;
    %cmpi/e 1, 0, 1;
    %jmp/0xz  T_42.12, 4;
    %load/vec4 v000001b9321a0d00_0;
    %nor/r;
    %flag_set/vec4 8;
    %jmp/0xz  T_42.14, 8;
    %load/vec4 v000001b9321a1ac0_0;
    %load/vec4 v000001b9321a01c0_0;
    %pad/u 5;
    %ix/vec4 3;
    %ix/load 4, 0, 0; Constant delay
    %assign/vec4/a/d v000001b9321a0e40, 0, 4;
    %load/vec4 v000001b9321a01c0_0;
    %addi 1, 0, 3;
    %assign/vec4 v000001b9321a01c0_0, 0;
    %load/vec4 v000001b93219d880_0;
    %addi 1, 0, 4;
    %assign/vec4 v000001b93219d880_0, 0;
    %pushi/vec4 1, 0, 1;
    %assign/vec4 v000001b93219d740_0, 0;
    %jmp T_42.15;
T_42.14 ;
    %pushi/vec4 1, 0, 1;
    %assign/vec4 v000001b9321a1480_0, 0;
T_42.15 ;
T_42.12 ;
T_42.11 ;
T_42.8 ;
T_42.3 ;
T_42.1 ;
    %jmp T_42;
    .thread T_42;
    .scope S_000001b932199100;
T_43 ;
    %wait E_000001b9320dc0d0;
    %load/vec4 v000001b93219e3c0_0;
    %nor/r;
    %flag_set/vec4 8;
    %jmp/0xz  T_43.0, 8;
    %pushi/vec4 3, 0, 2;
    %assign/vec4 v000001b93219f4a0_0, 0;
    %pushi/vec4 0, 0, 3;
    %assign/vec4 v000001b9321a03a0_0, 0;
    %jmp T_43.1;
T_43.0 ;
    %load/vec4 v000001b93219e320_0;
    %flag_set/vec4 8;
    %jmp/0xz  T_43.2, 8;
    %load/vec4 v000001b93219db00_0;
    %dup/vec4;
    %pushi/vec4 0, 0, 2;
    %cmp/u;
    %jmp/1 T_43.4, 6;
    %dup/vec4;
    %pushi/vec4 3, 0, 2;
    %cmp/u;
    %jmp/1 T_43.5, 6;
    %jmp T_43.7;
T_43.4 ;
    %load/vec4 v000001b9321a1b60_0;
    %nor/r;
    %flag_set/vec4 8;
    %jmp/0xz  T_43.8, 8;
    %load/vec4 v000001b93219fd60_0;
    %parti/s 8, 0, 2;
    %load/vec4 v000001b9321a03a0_0;
    %pad/u 5;
    %ix/vec4 3;
    %ix/load 4, 0, 0; Constant delay
    %assign/vec4/a/d v000001b9321a1340, 0, 4;
    %load/vec4 v000001b9321a03a0_0;
    %addi 1, 0, 3;
    %assign/vec4 v000001b9321a03a0_0, 0;
    %load/vec4 v000001b9321a0260_0;
    %addi 1, 0, 4;
    %assign/vec4 v000001b9321a0260_0, 0;
T_43.8 ;
    %jmp T_43.7;
T_43.5 ;
    %load/vec4 v000001b93219fd60_0;
    %parti/s 2, 0, 2;
    %assign/vec4 v000001b93219f4a0_0, 0;
    %jmp T_43.7;
T_43.7 ;
    %pop/vec4 1;
T_43.2 ;
T_43.1 ;
    %jmp T_43;
    .thread T_43;
    .scope S_000001b932199100;
T_44 ;
    %wait E_000001b9320de250;
    %load/vec4 v000001b93219db00_0;
    %dup/vec4;
    %pushi/vec4 1, 0, 2;
    %cmp/u;
    %jmp/1 T_44.0, 6;
    %dup/vec4;
    %pushi/vec4 2, 0, 2;
    %cmp/u;
    %jmp/1 T_44.1, 6;
    %dup/vec4;
    %pushi/vec4 3, 0, 2;
    %cmp/u;
    %jmp/1 T_44.2, 6;
    %pushi/vec4 0, 0, 32;
    %store/vec4 v000001b93219f860_0, 0, 32;
    %jmp T_44.4;
T_44.0 ;
    %pushi/vec4 0, 0, 24;
    %load/vec4 v000001b9321a0da0_0;
    %pad/u 5;
    %ix/vec4 4;
    %load/vec4a v000001b9321a0e40, 4;
    %concat/vec4; draw_concat_vec4
    %store/vec4 v000001b93219f860_0, 0, 32;
    %jmp T_44.4;
T_44.1 ;
    %pushi/vec4 0, 0, 27;
    %load/vec4 v000001b9321a1480_0;
    %concat/vec4; draw_concat_vec4
    %load/vec4 v000001b9321a0d00_0;
    %concat/vec4; draw_concat_vec4
    %load/vec4 v000001b93219e460_0;
    %concat/vec4; draw_concat_vec4
    %load/vec4 v000001b9321a1b60_0;
    %concat/vec4; draw_concat_vec4
    %load/vec4 v000001b9321a10c0_0;
    %concat/vec4; draw_concat_vec4
    %store/vec4 v000001b93219f860_0, 0, 32;
    %jmp T_44.4;
T_44.2 ;
    %pushi/vec4 0, 0, 30;
    %load/vec4 v000001b93219f4a0_0;
    %concat/vec4; draw_concat_vec4
    %store/vec4 v000001b93219f860_0, 0, 32;
    %jmp T_44.4;
T_44.4 ;
    %pop/vec4 1;
    %jmp T_44;
    .thread T_44, $push;
    .scope S_000001b9321995b0;
T_45 ;
    %wait E_000001b9320dc0d0;
    %load/vec4 v000001b93219c340_0;
    %nor/r;
    %flag_set/vec4 8;
    %jmp/0xz  T_45.0, 8;
    %pushi/vec4 0, 0, 2;
    %assign/vec4 v000001b93219d240_0, 0;
    %load/vec4 v000001b93219cfc0_0;
    %assign/vec4 v000001b93219c3e0_0, 0;
    %pushi/vec4 0, 0, 1;
    %assign/vec4 v000001b93219d060_0, 0;
    %pushi/vec4 1, 0, 1;
    %assign/vec4 v000001b93219b8a0_0, 0;
    %pushi/vec4 0, 0, 4;
    %assign/vec4 v000001b93219bbc0_0, 0;
    %pushi/vec4 0, 0, 16;
    %assign/vec4 v000001b93219c200_0, 0;
    %pushi/vec4 0, 0, 8;
    %assign/vec4 v000001b93219c660_0, 0;
    %pushi/vec4 0, 0, 8;
    %assign/vec4 v000001b93219b260_0, 0;
    %pushi/vec4 0, 0, 8;
    %assign/vec4 v000001b93219afe0_0, 0;
    %pushi/vec4 0, 0, 2;
    %assign/vec4 v000001b93219d100_0, 0;
    %pushi/vec4 4, 0, 16;
    %assign/vec4 v000001b93219c8e0_0, 0;
    %pushi/vec4 1, 0, 1;
    %assign/vec4 v000001b93219b800_0, 0;
    %pushi/vec4 0, 0, 1;
    %assign/vec4 v000001b93219b440_0, 0;
    %pushi/vec4 0, 0, 1;
    %assign/vec4 v000001b93219c0c0_0, 0;
    %jmp T_45.1;
T_45.0 ;
    %pushi/vec4 0, 0, 1;
    %assign/vec4 v000001b93219c0c0_0, 0;
    %pushi/vec4 0, 0, 1;
    %assign/vec4 v000001b93219b440_0, 0;
    %load/vec4 v000001b93219c480_0;
    %flag_set/vec4 8;
    %jmp/0xz  T_45.2, 8;
    %load/vec4 v000001b93219d1a0_0;
    %dup/vec4;
    %pushi/vec4 0, 0, 3;
    %cmp/u;
    %jmp/1 T_45.4, 6;
    %dup/vec4;
    %pushi/vec4 1, 0, 3;
    %cmp/u;
    %jmp/1 T_45.5, 6;
    %dup/vec4;
    %pushi/vec4 2, 0, 3;
    %cmp/u;
    %jmp/1 T_45.6, 6;
    %jmp T_45.8;
T_45.4 ;
    %load/vec4 v000001b93219ae00_0;
    %parti/s 2, 0, 2;
    %assign/vec4 v000001b93219d100_0, 0;
    %load/vec4 v000001b93219ae00_0;
    %parti/s 1, 4, 4;
    %assign/vec4 v000001b93219b800_0, 0;
    %load/vec4 v000001b93219ae00_0;
    %parti/s 1, 2, 3;
    %flag_set/vec4 9;
    %flag_get/vec4 9;
    %jmp/0 T_45.11, 9;
    %load/vec4 v000001b93219d240_0;
    %pushi/vec4 0, 0, 2;
    %cmp/e;
    %flag_get/vec4 4;
    %and;
T_45.11;
    %flag_set/vec4 8;
    %jmp/0xz  T_45.9, 8;
    %pushi/vec4 1, 0, 1;
    %assign/vec4 v000001b93219c980_0, 0;
    %load/vec4 v000001b93219d2e0_0;
    %assign/vec4 v000001b93219c660_0, 0;
T_45.9 ;
    %jmp T_45.8;
T_45.5 ;
    %load/vec4 v000001b93219ae00_0;
    %parti/s 16, 0, 2;
    %assign/vec4 v000001b93219c8e0_0, 0;
    %jmp T_45.8;
T_45.6 ;
    %load/vec4 v000001b93219ae00_0;
    %parti/s 8, 0, 2;
    %assign/vec4 v000001b93219d2e0_0, 0;
    %jmp T_45.8;
T_45.8 ;
    %pop/vec4 1;
T_45.2 ;
    %load/vec4 v000001b93219d240_0;
    %dup/vec4;
    %pushi/vec4 0, 0, 2;
    %cmp/u;
    %jmp/1 T_45.12, 6;
    %dup/vec4;
    %pushi/vec4 1, 0, 2;
    %cmp/u;
    %jmp/1 T_45.13, 6;
    %dup/vec4;
    %pushi/vec4 2, 0, 2;
    %cmp/u;
    %jmp/1 T_45.14, 6;
    %pushi/vec4 0, 0, 2;
    %assign/vec4 v000001b93219d240_0, 0;
    %jmp T_45.16;
T_45.12 ;
    %load/vec4 v000001b93219cfc0_0;
    %assign/vec4 v000001b93219c3e0_0, 0;
    %load/vec4 v000001b93219c980_0;
    %flag_set/vec4 8;
    %jmp/0xz  T_45.17, 8;
    %pushi/vec4 0, 0, 1;
    %assign/vec4 v000001b93219c980_0, 0;
    %pushi/vec4 0, 0, 4;
    %assign/vec4 v000001b93219bbc0_0, 0;
    %pushi/vec4 0, 0, 16;
    %assign/vec4 v000001b93219c200_0, 0;
    %load/vec4 v000001b93219b800_0;
    %flag_set/vec4 8;
    %jmp/0 T_45.19, 8;
    %pushi/vec4 0, 0, 1;
    %jmp/1 T_45.20, 8;
T_45.19 ; End of true expr.
    %load/vec4 v000001b93219b8a0_0;
    %jmp/0 T_45.20, 8;
 ; End of false expr.
    %blend;
T_45.20;
    %assign/vec4 v000001b93219b8a0_0, 0;
    %load/vec4 v000001b93219b1c0_0;
    %pad/u 32;
    %cmpi/e 0, 0, 32;
    %flag_mov 8, 4;
    %jmp/0 T_45.21, 8;
    %load/vec4 v000001b93219c660_0;
    %parti/s 1, 7, 4;
    %jmp/1 T_45.22, 8;
T_45.21 ; End of true expr.
    %pushi/vec4 0, 0, 1;
    %jmp/0 T_45.22, 8;
 ; End of false expr.
    %blend;
T_45.22;
    %assign/vec4 v000001b93219d060_0, 0;
    %pushi/vec4 1, 0, 2;
    %assign/vec4 v000001b93219d240_0, 0;
    %load/vec4 v000001b93219cfc0_0;
    %assign/vec4 v000001b93219c5c0_0, 0;
T_45.17 ;
    %jmp T_45.16;
T_45.13 ;
    %load/vec4 v000001b93219c8e0_0;
    %load/vec4 v000001b93219c200_0;
    %cmp/u;
    %flag_or 5, 4;
    %jmp/0xz  T_45.23, 5;
    %pushi/vec4 0, 0, 16;
    %assign/vec4 v000001b93219c200_0, 0;
    %load/vec4 v000001b93219c5c0_0;
    %inv;
    %assign/vec4 v000001b93219c5c0_0, 0;
    %load/vec4 v000001b93219c5c0_0;
    %load/vec4 v000001b93219cfc0_0;
    %xor;
    %assign/vec4 v000001b93219c3e0_0, 0;
    %load/vec4 v000001b93219c5c0_0;
    %load/vec4 v000001b93219b1c0_0;
    %cmp/e;
    %jmp/0xz  T_45.25, 4;
    %load/vec4 v000001b93219b260_0;
    %parti/s 7, 0, 2;
    %load/vec4 v000001b93219ce80_0;
    %concat/vec4; draw_concat_vec4
    %assign/vec4 v000001b93219b260_0, 0;
    %load/vec4 v000001b93219bbc0_0;
    %addi 1, 0, 4;
    %assign/vec4 v000001b93219bbc0_0, 0;
    %jmp T_45.26;
T_45.25 ;
    %load/vec4 v000001b93219bbc0_0;
    %pad/u 32;
    %cmpi/u 8, 0, 32;
    %jmp/0xz  T_45.27, 5;
    %load/vec4 v000001b93219c660_0;
    %pushi/vec4 7, 0, 32;
    %load/vec4 v000001b93219bbc0_0;
    %pad/u 32;
    %sub;
    %part/u 1;
    %assign/vec4 v000001b93219d060_0, 0;
T_45.27 ;
T_45.26 ;
    %load/vec4 v000001b93219bbc0_0;
    %pad/u 32;
    %cmpi/e 8, 0, 32;
    %jmp/0xz  T_45.29, 4;
    %pushi/vec4 2, 0, 2;
    %assign/vec4 v000001b93219d240_0, 0;
T_45.29 ;
    %jmp T_45.24;
T_45.23 ;
    %load/vec4 v000001b93219c200_0;
    %addi 1, 0, 16;
    %assign/vec4 v000001b93219c200_0, 0;
T_45.24 ;
    %jmp T_45.16;
T_45.14 ;
    %load/vec4 v000001b93219b260_0;
    %assign/vec4 v000001b93219afe0_0, 0;
    %load/vec4 v000001b93219b800_0;
    %flag_set/vec4 8;
    %jmp/0 T_45.31, 8;
    %pushi/vec4 1, 0, 1;
    %jmp/1 T_45.32, 8;
T_45.31 ; End of true expr.
    %load/vec4 v000001b93219b8a0_0;
    %jmp/0 T_45.32, 8;
 ; End of false expr.
    %blend;
T_45.32;
    %assign/vec4 v000001b93219b8a0_0, 0;
    %pushi/vec4 1, 0, 1;
    %assign/vec4 v000001b93219b440_0, 0;
    %pushi/vec4 1, 0, 1;
    %assign/vec4 v000001b93219c0c0_0, 0;
    %load/vec4 v000001b93219cfc0_0;
    %assign/vec4 v000001b93219c3e0_0, 0;
    %pushi/vec4 0, 0, 2;
    %assign/vec4 v000001b93219d240_0, 0;
    %jmp T_45.16;
T_45.16 ;
    %pop/vec4 1;
T_45.1 ;
    %jmp T_45;
    .thread T_45;
    .scope S_000001b9321995b0;
T_46 ;
    %wait E_000001b9320de850;
    %load/vec4 v000001b93219d1a0_0;
    %dup/vec4;
    %pushi/vec4 0, 0, 3;
    %cmp/u;
    %jmp/1 T_46.0, 6;
    %dup/vec4;
    %pushi/vec4 1, 0, 3;
    %cmp/u;
    %jmp/1 T_46.1, 6;
    %dup/vec4;
    %pushi/vec4 3, 0, 3;
    %cmp/u;
    %jmp/1 T_46.2, 6;
    %dup/vec4;
    %pushi/vec4 4, 0, 3;
    %cmp/u;
    %jmp/1 T_46.3, 6;
    %pushi/vec4 0, 0, 32;
    %store/vec4 v000001b93219c2a0_0, 0, 32;
    %jmp T_46.5;
T_46.0 ;
    %pushi/vec4 0, 0, 27;
    %load/vec4 v000001b93219b800_0;
    %concat/vec4; draw_concat_vec4
    %concati/vec4 0, 0, 1;
    %load/vec4 v000001b93219d240_0;
    %pushi/vec4 0, 0, 2;
    %cmp/ne;
    %flag_get/vec4 4;
    %concat/vec4; draw_concat_vec4
    %load/vec4 v000001b93219d240_0;
    %pushi/vec4 0, 0, 2;
    %cmp/ne;
    %flag_get/vec4 4;
    %concat/vec4; draw_concat_vec4
    %load/vec4 v000001b93219d100_0;
    %concat/vec4; draw_concat_vec4
    %pad/u 32;
    %store/vec4 v000001b93219c2a0_0, 0, 32;
    %jmp T_46.5;
T_46.1 ;
    %pushi/vec4 0, 0, 16;
    %load/vec4 v000001b93219c8e0_0;
    %concat/vec4; draw_concat_vec4
    %store/vec4 v000001b93219c2a0_0, 0, 32;
    %jmp T_46.5;
T_46.2 ;
    %pushi/vec4 0, 0, 24;
    %load/vec4 v000001b93219afe0_0;
    %concat/vec4; draw_concat_vec4
    %store/vec4 v000001b93219c2a0_0, 0, 32;
    %jmp T_46.5;
T_46.3 ;
    %pushi/vec4 0, 0, 30;
    %load/vec4 v000001b93219d240_0;
    %pushi/vec4 0, 0, 2;
    %cmp/ne;
    %flag_get/vec4 4;
    %concat/vec4; draw_concat_vec4
    %load/vec4 v000001b93219b440_0;
    %concat/vec4; draw_concat_vec4
    %store/vec4 v000001b93219c2a0_0, 0, 32;
    %jmp T_46.5;
T_46.5 ;
    %pop/vec4 1;
    %jmp T_46;
    .thread T_46, $push;
    .scope S_000001b9321709f0;
T_47 ;
    %wait E_000001b9320dc0d0;
    %load/vec4 v000001b932191920_0;
    %nor/r;
    %flag_set/vec4 8;
    %jmp/0xz  T_47.0, 8;
    %pushi/vec4 0, 0, 4;
    %assign/vec4 v000001b9321934a0_0, 0;
    %pushi/vec4 0, 0, 1;
    %assign/vec4 v000001b932191e20_0, 0;
    %pushi/vec4 0, 0, 1;
    %assign/vec4 v000001b932190e80_0, 0;
    %pushi/vec4 125, 0, 16;
    %assign/vec4 v000001b932193360_0, 0;
    %pushi/vec4 0, 0, 7;
    %assign/vec4 v000001b932192000_0, 0;
    %pushi/vec4 0, 0, 1;
    %assign/vec4 v000001b932191ec0_0, 0;
    %pushi/vec4 0, 0, 1;
    %assign/vec4 v000001b932190f20_0, 0;
    %pushi/vec4 0, 0, 1;
    %assign/vec4 v000001b9321917e0_0, 0;
    %pushi/vec4 0, 0, 8;
    %assign/vec4 v000001b9321919c0_0, 0;
    %pushi/vec4 0, 0, 8;
    %assign/vec4 v000001b9321921e0_0, 0;
    %pushi/vec4 0, 0, 1;
    %assign/vec4 v000001b93217c690_0, 0;
    %pushi/vec4 0, 0, 1;
    %assign/vec4 v000001b93217c7d0_0, 0;
    %pushi/vec4 0, 0, 1;
    %assign/vec4 v000001b9321916a0_0, 0;
    %pushi/vec4 0, 0, 1;
    %assign/vec4 v000001b932191ce0_0, 0;
    %pushi/vec4 0, 0, 1;
    %assign/vec4 v000001b932191060_0, 0;
    %pushi/vec4 0, 0, 16;
    %assign/vec4 v000001b932193180_0, 0;
    %pushi/vec4 0, 0, 1;
    %assign/vec4 v000001b932191560_0, 0;
    %pushi/vec4 0, 0, 4;
    %assign/vec4 v000001b93217c730_0, 0;
    %pushi/vec4 0, 0, 8;
    %assign/vec4 v000001b9321912e0_0, 0;
    %pushi/vec4 1, 0, 1;
    %assign/vec4 v000001b93217c5f0_0, 0;
    %jmp T_47.1;
T_47.0 ;
    %pushi/vec4 0, 0, 1;
    %assign/vec4 v000001b932191060_0, 0;
    %pushi/vec4 0, 0, 1;
    %assign/vec4 v000001b9321916a0_0, 0;
    %load/vec4 v000001b932190de0_0;
    %flag_set/vec4 8;
    %jmp/0xz  T_47.2, 8;
    %load/vec4 v000001b932191380_0;
    %dup/vec4;
    %pushi/vec4 0, 0, 3;
    %cmp/u;
    %jmp/1 T_47.4, 6;
    %dup/vec4;
    %pushi/vec4 1, 0, 3;
    %cmp/u;
    %jmp/1 T_47.5, 6;
    %dup/vec4;
    %pushi/vec4 2, 0, 3;
    %cmp/u;
    %jmp/1 T_47.6, 6;
    %dup/vec4;
    %pushi/vec4 4, 0, 3;
    %cmp/u;
    %jmp/1 T_47.7, 6;
    %jmp T_47.9;
T_47.4 ;
    %load/vec4 v000001b932191b00_0;
    %parti/s 1, 0, 2;
    %assign/vec4 v000001b932190f20_0, 0;
    %load/vec4 v000001b932191b00_0;
    %parti/s 1, 1, 2;
    %assign/vec4 v000001b9321917e0_0, 0;
    %load/vec4 v000001b932191b00_0;
    %parti/s 1, 2, 3;
    %assign/vec4 v000001b932191ec0_0, 0;
    %load/vec4 v000001b932191b00_0;
    %parti/s 1, 3, 3;
    %assign/vec4 v000001b93217c5f0_0, 0;
    %jmp T_47.9;
T_47.5 ;
    %load/vec4 v000001b932191b00_0;
    %parti/s 7, 0, 2;
    %assign/vec4 v000001b932192000_0, 0;
    %jmp T_47.9;
T_47.6 ;
    %load/vec4 v000001b932191b00_0;
    %parti/s 8, 0, 2;
    %assign/vec4 v000001b9321919c0_0, 0;
    %jmp T_47.9;
T_47.7 ;
    %load/vec4 v000001b932191b00_0;
    %parti/s 16, 0, 2;
    %assign/vec4 v000001b932193360_0, 0;
    %jmp T_47.9;
T_47.9 ;
    %pop/vec4 1;
T_47.2 ;
    %load/vec4 v000001b932193360_0;
    %pad/u 32;
    %subi 1, 0, 32;
    %load/vec4 v000001b932193180_0;
    %pad/u 32;
    %cmp/u;
    %flag_or 5, 4;
    %jmp/0xz  T_47.10, 5;
    %pushi/vec4 0, 0, 16;
    %assign/vec4 v000001b932193180_0, 0;
    %load/vec4 v000001b932191560_0;
    %inv;
    %assign/vec4 v000001b932191560_0, 0;
    %jmp T_47.11;
T_47.10 ;
    %load/vec4 v000001b932193180_0;
    %addi 1, 0, 16;
    %assign/vec4 v000001b932193180_0, 0;
T_47.11 ;
    %load/vec4 v000001b9321934a0_0;
    %dup/vec4;
    %pushi/vec4 0, 0, 4;
    %cmp/u;
    %jmp/1 T_47.12, 6;
    %dup/vec4;
    %pushi/vec4 1, 0, 4;
    %cmp/u;
    %jmp/1 T_47.13, 6;
    %dup/vec4;
    %pushi/vec4 2, 0, 4;
    %cmp/u;
    %jmp/1 T_47.14, 6;
    %dup/vec4;
    %pushi/vec4 3, 0, 4;
    %cmp/u;
    %jmp/1 T_47.15, 6;
    %dup/vec4;
    %pushi/vec4 4, 0, 4;
    %cmp/u;
    %jmp/1 T_47.16, 6;
    %dup/vec4;
    %pushi/vec4 5, 0, 4;
    %cmp/u;
    %jmp/1 T_47.17, 6;
    %dup/vec4;
    %pushi/vec4 6, 0, 4;
    %cmp/u;
    %jmp/1 T_47.18, 6;
    %dup/vec4;
    %pushi/vec4 7, 0, 4;
    %cmp/u;
    %jmp/1 T_47.19, 6;
    %dup/vec4;
    %pushi/vec4 8, 0, 4;
    %cmp/u;
    %jmp/1 T_47.20, 6;
    %dup/vec4;
    %pushi/vec4 9, 0, 4;
    %cmp/u;
    %jmp/1 T_47.21, 6;
    %pushi/vec4 0, 0, 4;
    %assign/vec4 v000001b9321934a0_0, 0;
    %jmp T_47.23;
T_47.12 ;
    %pushi/vec4 0, 0, 1;
    %assign/vec4 v000001b932191e20_0, 0;
    %pushi/vec4 0, 0, 1;
    %assign/vec4 v000001b932190e80_0, 0;
    %pushi/vec4 0, 0, 1;
    %assign/vec4 v000001b93217c7d0_0, 0;
    %load/vec4 v000001b932190f20_0;
    %flag_set/vec4 8;
    %jmp/0xz  T_47.24, 8;
    %pushi/vec4 0, 0, 1;
    %assign/vec4 v000001b932190f20_0, 0;
    %pushi/vec4 1, 0, 4;
    %assign/vec4 v000001b9321934a0_0, 0;
    %pushi/vec4 1, 0, 1;
    %assign/vec4 v000001b93217c7d0_0, 0;
    %pushi/vec4 0, 0, 16;
    %assign/vec4 v000001b932193180_0, 0;
    %pushi/vec4 0, 0, 1;
    %assign/vec4 v000001b932191560_0, 0;
T_47.24 ;
    %jmp T_47.23;
T_47.13 ;
    %load/vec4 v000001b932191560_0;
    %nor/r;
    %flag_set/vec4 8;
    %jmp/0xz  T_47.26, 8;
    %pushi/vec4 1, 0, 1;
    %assign/vec4 v000001b932190e80_0, 0;
    %pushi/vec4 1, 0, 1;
    %assign/vec4 v000001b932191e20_0, 0;
    %load/vec4 v000001b932192000_0;
    %load/vec4 v000001b932191ec0_0;
    %concat/vec4; draw_concat_vec4
    %assign/vec4 v000001b9321912e0_0, 0;
    %pushi/vec4 0, 0, 4;
    %assign/vec4 v000001b93217c730_0, 0;
    %pushi/vec4 2, 0, 4;
    %assign/vec4 v000001b9321934a0_0, 0;
T_47.26 ;
    %jmp T_47.23;
T_47.14 ;
    %load/vec4 v000001b932191560_0;
    %nor/r;
    %flag_set/vec4 8;
    %jmp/0xz  T_47.28, 8;
    %load/vec4 v000001b9321912e0_0;
    %parti/s 1, 7, 4;
    %inv;
    %assign/vec4 v000001b932190e80_0, 0;
    %load/vec4 v000001b9321912e0_0;
    %parti/s 7, 0, 2;
    %concati/vec4 0, 0, 1;
    %assign/vec4 v000001b9321912e0_0, 0;
    %jmp T_47.29;
T_47.28 ;
    %pushi/vec4 0, 0, 1;
    %assign/vec4 v000001b932191e20_0, 0;
    %load/vec4 v000001b932193180_0;
    %pad/u 32;
    %load/vec4 v000001b932193360_0;
    %pad/u 32;
    %subi 1, 0, 32;
    %cmp/e;
    %jmp/0xz  T_47.30, 4;
    %pushi/vec4 1, 0, 1;
    %assign/vec4 v000001b932191e20_0, 0;
    %load/vec4 v000001b93217c730_0;
    %addi 1, 0, 4;
    %assign/vec4 v000001b93217c730_0, 0;
    %load/vec4 v000001b93217c730_0;
    %pad/u 32;
    %cmpi/e 7, 0, 32;
    %jmp/0xz  T_47.32, 4;
    %pushi/vec4 3, 0, 4;
    %assign/vec4 v000001b9321934a0_0, 0;
T_47.32 ;
T_47.30 ;
T_47.29 ;
    %jmp T_47.23;
T_47.15 ;
    %load/vec4 v000001b932191560_0;
    %nor/r;
    %flag_set/vec4 8;
    %jmp/0xz  T_47.34, 8;
    %pushi/vec4 0, 0, 1;
    %assign/vec4 v000001b932190e80_0, 0;
    %jmp T_47.35;
T_47.34 ;
    %pushi/vec4 0, 0, 1;
    %assign/vec4 v000001b932191e20_0, 0;
    %load/vec4 v000001b932191420_0;
    %inv;
    %assign/vec4 v000001b93217c690_0, 0;
    %load/vec4 v000001b932193180_0;
    %pad/u 32;
    %load/vec4 v000001b932193360_0;
    %pad/u 32;
    %subi 1, 0, 32;
    %cmp/e;
    %jmp/0xz  T_47.36, 4;
    %pushi/vec4 1, 0, 1;
    %assign/vec4 v000001b932191e20_0, 0;
    %load/vec4 v000001b932191420_0;
    %assign/vec4 v000001b932191ce0_0, 0;
    %load/vec4 v000001b932191420_0;
    %nor/r;
    %flag_set/vec4 8;
    %jmp/0xz  T_47.38, 8;
    %load/vec4 v000001b932191ec0_0;
    %flag_set/vec4 8;
    %jmp/0 T_47.40, 8;
    %pushi/vec4 255, 0, 8;
    %jmp/1 T_47.41, 8;
T_47.40 ; End of true expr.
    %load/vec4 v000001b9321919c0_0;
    %jmp/0 T_47.41, 8;
 ; End of false expr.
    %blend;
T_47.41;
    %assign/vec4 v000001b9321912e0_0, 0;
    %pushi/vec4 0, 0, 4;
    %assign/vec4 v000001b93217c730_0, 0;
    %load/vec4 v000001b932191ec0_0;
    %flag_set/vec4 8;
    %jmp/0 T_47.42, 8;
    %pushi/vec4 6, 0, 4;
    %jmp/1 T_47.43, 8;
T_47.42 ; End of true expr.
    %pushi/vec4 4, 0, 4;
    %jmp/0 T_47.43, 8;
 ; End of false expr.
    %blend;
T_47.43;
    %assign/vec4 v000001b9321934a0_0, 0;
    %jmp T_47.39;
T_47.38 ;
    %pushi/vec4 8, 0, 4;
    %assign/vec4 v000001b9321934a0_0, 0;
T_47.39 ;
T_47.36 ;
T_47.35 ;
    %jmp T_47.23;
T_47.16 ;
    %load/vec4 v000001b932191560_0;
    %nor/r;
    %flag_set/vec4 8;
    %jmp/0xz  T_47.44, 8;
    %load/vec4 v000001b9321912e0_0;
    %parti/s 1, 7, 4;
    %inv;
    %assign/vec4 v000001b932190e80_0, 0;
    %load/vec4 v000001b9321912e0_0;
    %parti/s 7, 0, 2;
    %concati/vec4 0, 0, 1;
    %assign/vec4 v000001b9321912e0_0, 0;
    %jmp T_47.45;
T_47.44 ;
    %pushi/vec4 0, 0, 1;
    %assign/vec4 v000001b932191e20_0, 0;
    %load/vec4 v000001b932193180_0;
    %pad/u 32;
    %load/vec4 v000001b932193360_0;
    %pad/u 32;
    %subi 1, 0, 32;
    %cmp/e;
    %jmp/0xz  T_47.46, 4;
    %pushi/vec4 1, 0, 1;
    %assign/vec4 v000001b932191e20_0, 0;
    %load/vec4 v000001b93217c730_0;
    %addi 1, 0, 4;
    %assign/vec4 v000001b93217c730_0, 0;
    %load/vec4 v000001b93217c730_0;
    %pad/u 32;
    %cmpi/e 7, 0, 32;
    %jmp/0xz  T_47.48, 4;
    %pushi/vec4 5, 0, 4;
    %assign/vec4 v000001b9321934a0_0, 0;
T_47.48 ;
T_47.46 ;
T_47.45 ;
    %jmp T_47.23;
T_47.17 ;
    %load/vec4 v000001b932191560_0;
    %nor/r;
    %flag_set/vec4 8;
    %jmp/0xz  T_47.50, 8;
    %pushi/vec4 0, 0, 1;
    %assign/vec4 v000001b932190e80_0, 0;
    %jmp T_47.51;
T_47.50 ;
    %pushi/vec4 0, 0, 1;
    %assign/vec4 v000001b932191e20_0, 0;
    %load/vec4 v000001b932191420_0;
    %inv;
    %assign/vec4 v000001b93217c690_0, 0;
    %load/vec4 v000001b932193180_0;
    %pad/u 32;
    %load/vec4 v000001b932193360_0;
    %pad/u 32;
    %subi 1, 0, 32;
    %cmp/e;
    %jmp/0xz  T_47.52, 4;
    %pushi/vec4 1, 0, 1;
    %assign/vec4 v000001b932191e20_0, 0;
    %load/vec4 v000001b9321917e0_0;
    %flag_set/vec4 8;
    %jmp/0 T_47.54, 8;
    %pushi/vec4 8, 0, 4;
    %jmp/1 T_47.55, 8;
T_47.54 ; End of true expr.
    %pushi/vec4 9, 0, 4;
    %jmp/0 T_47.55, 8;
 ; End of false expr.
    %blend;
T_47.55;
    %assign/vec4 v000001b9321934a0_0, 0;
T_47.52 ;
T_47.51 ;
    %jmp T_47.23;
T_47.18 ;
    %load/vec4 v000001b932191560_0;
    %nor/r;
    %flag_set/vec4 8;
    %jmp/0xz  T_47.56, 8;
    %pushi/vec4 0, 0, 1;
    %assign/vec4 v000001b932190e80_0, 0;
    %jmp T_47.57;
T_47.56 ;
    %pushi/vec4 0, 0, 1;
    %assign/vec4 v000001b932191e20_0, 0;
    %load/vec4 v000001b9321912e0_0;
    %parti/s 7, 0, 2;
    %load/vec4 v000001b932191420_0;
    %concat/vec4; draw_concat_vec4
    %assign/vec4 v000001b9321912e0_0, 0;
    %load/vec4 v000001b932193180_0;
    %pad/u 32;
    %load/vec4 v000001b932193360_0;
    %pad/u 32;
    %subi 1, 0, 32;
    %cmp/e;
    %jmp/0xz  T_47.58, 4;
    %pushi/vec4 1, 0, 1;
    %assign/vec4 v000001b932191e20_0, 0;
    %load/vec4 v000001b93217c730_0;
    %addi 1, 0, 4;
    %assign/vec4 v000001b93217c730_0, 0;
    %load/vec4 v000001b93217c730_0;
    %pad/u 32;
    %cmpi/e 7, 0, 32;
    %jmp/0xz  T_47.60, 4;
    %load/vec4 v000001b9321912e0_0;
    %parti/s 7, 0, 2;
    %load/vec4 v000001b932191420_0;
    %concat/vec4; draw_concat_vec4
    %assign/vec4 v000001b9321921e0_0, 0;
    %pushi/vec4 7, 0, 4;
    %assign/vec4 v000001b9321934a0_0, 0;
T_47.60 ;
T_47.58 ;
T_47.57 ;
    %jmp T_47.23;
T_47.19 ;
    %load/vec4 v000001b932191560_0;
    %nor/r;
    %flag_set/vec4 8;
    %jmp/0xz  T_47.62, 8;
    %load/vec4 v000001b93217c5f0_0;
    %assign/vec4 v000001b932190e80_0, 0;
    %jmp T_47.63;
T_47.62 ;
    %pushi/vec4 0, 0, 1;
    %assign/vec4 v000001b932191e20_0, 0;
    %load/vec4 v000001b932193180_0;
    %pad/u 32;
    %load/vec4 v000001b932193360_0;
    %pad/u 32;
    %subi 1, 0, 32;
    %cmp/e;
    %jmp/0xz  T_47.64, 4;
    %pushi/vec4 1, 0, 1;
    %assign/vec4 v000001b932191e20_0, 0;
    %load/vec4 v000001b9321917e0_0;
    %flag_set/vec4 8;
    %jmp/0 T_47.66, 8;
    %pushi/vec4 8, 0, 4;
    %jmp/1 T_47.67, 8;
T_47.66 ; End of true expr.
    %pushi/vec4 9, 0, 4;
    %jmp/0 T_47.67, 8;
 ; End of false expr.
    %blend;
T_47.67;
    %assign/vec4 v000001b9321934a0_0, 0;
T_47.64 ;
T_47.63 ;
    %jmp T_47.23;
T_47.20 ;
    %load/vec4 v000001b932191560_0;
    %nor/r;
    %flag_set/vec4 8;
    %jmp/0xz  T_47.68, 8;
    %pushi/vec4 1, 0, 1;
    %assign/vec4 v000001b932190e80_0, 0;
    %jmp T_47.69;
T_47.68 ;
    %pushi/vec4 0, 0, 1;
    %assign/vec4 v000001b932191e20_0, 0;
    %load/vec4 v000001b932193180_0;
    %pad/u 32;
    %load/vec4 v000001b932193360_0;
    %pad/u 32;
    %subi 1, 0, 32;
    %cmp/e;
    %jmp/0xz  T_47.70, 4;
    %pushi/vec4 0, 0, 1;
    %assign/vec4 v000001b932190e80_0, 0;
    %pushi/vec4 9, 0, 4;
    %assign/vec4 v000001b9321934a0_0, 0;
T_47.70 ;
T_47.69 ;
    %jmp T_47.23;
T_47.21 ;
    %pushi/vec4 1, 0, 1;
    %assign/vec4 v000001b9321916a0_0, 0;
    %pushi/vec4 1, 0, 1;
    %assign/vec4 v000001b932191060_0, 0;
    %pushi/vec4 0, 0, 1;
    %assign/vec4 v000001b93217c7d0_0, 0;
    %pushi/vec4 0, 0, 4;
    %assign/vec4 v000001b9321934a0_0, 0;
    %jmp T_47.23;
T_47.23 ;
    %pop/vec4 1;
T_47.1 ;
    %jmp T_47;
    .thread T_47;
    .scope S_000001b9321709f0;
T_48 ;
    %wait E_000001b9320dd590;
    %load/vec4 v000001b932191380_0;
    %dup/vec4;
    %pushi/vec4 0, 0, 3;
    %cmp/u;
    %jmp/1 T_48.0, 6;
    %dup/vec4;
    %pushi/vec4 1, 0, 3;
    %cmp/u;
    %jmp/1 T_48.1, 6;
    %dup/vec4;
    %pushi/vec4 3, 0, 3;
    %cmp/u;
    %jmp/1 T_48.2, 6;
    %dup/vec4;
    %pushi/vec4 4, 0, 3;
    %cmp/u;
    %jmp/1 T_48.3, 6;
    %dup/vec4;
    %pushi/vec4 5, 0, 3;
    %cmp/u;
    %jmp/1 T_48.4, 6;
    %pushi/vec4 0, 0, 32;
    %store/vec4 v000001b932191600_0, 0, 32;
    %jmp T_48.6;
T_48.0 ;
    %pushi/vec4 0, 0, 27;
    %load/vec4 v000001b93217c690_0;
    %concat/vec4; draw_concat_vec4
    %load/vec4 v000001b93217c5f0_0;
    %concat/vec4; draw_concat_vec4
    %load/vec4 v000001b932191ec0_0;
    %concat/vec4; draw_concat_vec4
    %load/vec4 v000001b9321917e0_0;
    %concat/vec4; draw_concat_vec4
    %load/vec4 v000001b932190f20_0;
    %concat/vec4; draw_concat_vec4
    %store/vec4 v000001b932191600_0, 0, 32;
    %jmp T_48.6;
T_48.1 ;
    %pushi/vec4 0, 0, 25;
    %load/vec4 v000001b932192000_0;
    %concat/vec4; draw_concat_vec4
    %store/vec4 v000001b932191600_0, 0, 32;
    %jmp T_48.6;
T_48.2 ;
    %pushi/vec4 0, 0, 24;
    %load/vec4 v000001b9321921e0_0;
    %concat/vec4; draw_concat_vec4
    %store/vec4 v000001b932191600_0, 0, 32;
    %jmp T_48.6;
T_48.3 ;
    %pushi/vec4 0, 0, 16;
    %load/vec4 v000001b932193360_0;
    %concat/vec4; draw_concat_vec4
    %store/vec4 v000001b932191600_0, 0, 32;
    %jmp T_48.6;
T_48.4 ;
    %pushi/vec4 0, 0, 27;
    %load/vec4 v000001b932191ce0_0;
    %concat/vec4; draw_concat_vec4
    %load/vec4 v000001b93217c690_0;
    %concat/vec4; draw_concat_vec4
    %load/vec4 v000001b93217c7d0_0;
    %concat/vec4; draw_concat_vec4
    %load/vec4 v000001b93217c7d0_0;
    %concat/vec4; draw_concat_vec4
    %load/vec4 v000001b9321916a0_0;
    %concat/vec4; draw_concat_vec4
    %store/vec4 v000001b932191600_0, 0, 32;
    %jmp T_48.6;
T_48.6 ;
    %pop/vec4 1;
    %jmp T_48;
    .thread T_48, $push;
    .scope S_000001b93219aa00;
T_49 ;
    %wait E_000001b9320dc0d0;
    %load/vec4 v000001b93219f7c0_0;
    %nor/r;
    %flag_set/vec4 8;
    %jmp/1 T_49.2, 8;
    %load/vec4 v000001b93219f2c0_0;
    %nor/r;
    %flag_set/vec4 9;
    %flag_or 8, 9;
T_49.2;
    %jmp/0xz  T_49.0, 8;
    %pushi/vec4 0, 0, 16;
    %assign/vec4 v000001b93219e8c0_0, 0;
    %pushi/vec4 0, 0, 1;
    %assign/vec4 v000001b93219dec0_0, 0;
    %jmp T_49.1;
T_49.0 ;
    %pushi/vec4 0, 0, 1;
    %assign/vec4 v000001b93219dec0_0, 0;
    %load/vec4 v000001b93219de20_0;
    %load/vec4 v000001b93219e8c0_0;
    %cmp/u;
    %flag_or 5, 4;
    %jmp/0xz  T_49.3, 5;
    %pushi/vec4 0, 0, 16;
    %assign/vec4 v000001b93219e8c0_0, 0;
    %pushi/vec4 1, 0, 1;
    %assign/vec4 v000001b93219dec0_0, 0;
    %jmp T_49.4;
T_49.3 ;
    %load/vec4 v000001b93219e8c0_0;
    %addi 1, 0, 16;
    %assign/vec4 v000001b93219e8c0_0, 0;
T_49.4 ;
T_49.1 ;
    %jmp T_49;
    .thread T_49;
    .scope S_000001b93219aa00;
T_50 ;
    %wait E_000001b9320dc0d0;
    %load/vec4 v000001b93219f7c0_0;
    %nor/r;
    %flag_set/vec4 8;
    %jmp/0xz  T_50.0, 8;
    %pushi/vec4 0, 0, 32;
    %assign/vec4 v000001b93219e960_0, 0;
    %pushi/vec4 0, 0, 1;
    %assign/vec4 v000001b93219e140_0, 0;
    %pushi/vec4 0, 0, 1;
    %assign/vec4 v000001b93219ef00_0, 0;
    %pushi/vec4 0, 0, 1;
    %assign/vec4 v000001b93219f900_0, 0;
    %pushi/vec4 0, 0, 1;
    %assign/vec4 v000001b93219f040_0, 0;
    %jmp T_50.1;
T_50.0 ;
    %pushi/vec4 0, 0, 1;
    %assign/vec4 v000001b93219f900_0, 0;
    %pushi/vec4 0, 0, 1;
    %assign/vec4 v000001b93219e140_0, 0;
    %load/vec4 v000001b93219f2c0_0;
    %flag_set/vec4 9;
    %flag_get/vec4 9;
    %jmp/0 T_50.4, 9;
    %load/vec4 v000001b93219dec0_0;
    %and;
T_50.4;
    %flag_set/vec4 8;
    %jmp/0xz  T_50.2, 8;
    %pushi/vec4 1, 0, 1;
    %assign/vec4 v000001b93219ef00_0, 0;
    %load/vec4 v000001b93219ebe0_0;
    %load/vec4 v000001b93219e960_0;
    %cmp/u;
    %flag_or 5, 4;
    %jmp/0xz  T_50.5, 5;
    %pushi/vec4 1, 0, 1;
    %assign/vec4 v000001b93219e140_0, 0;
    %load/vec4 v000001b93219dc40_0;
    %flag_set/vec4 8;
    %jmp/0xz  T_50.7, 8;
    %pushi/vec4 1, 0, 1;
    %assign/vec4 v000001b93219f900_0, 0;
T_50.7 ;
    %load/vec4 v000001b93219fc20_0;
    %flag_set/vec4 9;
    %flag_get/vec4 9;
    %jmp/0 T_50.11, 9;
    %load/vec4 v000001b93219d6a0_0;
    %nor/r;
    %and;
T_50.11;
    %flag_set/vec4 8;
    %jmp/0xz  T_50.9, 8;
    %pushi/vec4 0, 0, 32;
    %assign/vec4 v000001b93219e960_0, 0;
    %jmp T_50.10;
T_50.9 ;
    %pushi/vec4 0, 0, 32;
    %assign/vec4 v000001b93219e960_0, 0;
    %pushi/vec4 0, 0, 1;
    %assign/vec4 v000001b93219ef00_0, 0;
T_50.10 ;
    %jmp T_50.6;
T_50.5 ;
    %load/vec4 v000001b93219e960_0;
    %addi 1, 0, 32;
    %assign/vec4 v000001b93219e960_0, 0;
T_50.6 ;
    %load/vec4 v000001b93219ec80_0;
    %flag_set/vec4 8;
    %jmp/0xz  T_50.12, 8;
    %load/vec4 v000001b93219e960_0;
    %load/vec4 v000001b93219edc0_0;
    %cmp/u;
    %flag_get/vec4 5;
    %assign/vec4 v000001b93219f040_0, 0;
T_50.12 ;
    %jmp T_50.3;
T_50.2 ;
    %load/vec4 v000001b93219f2c0_0;
    %nor/r;
    %flag_set/vec4 8;
    %jmp/0xz  T_50.14, 8;
    %pushi/vec4 0, 0, 1;
    %assign/vec4 v000001b93219ef00_0, 0;
    %pushi/vec4 0, 0, 32;
    %assign/vec4 v000001b93219e960_0, 0;
T_50.14 ;
T_50.3 ;
T_50.1 ;
    %jmp T_50;
    .thread T_50;
    .scope S_000001b93219aa00;
T_51 ;
    %wait E_000001b9320dc0d0;
    %load/vec4 v000001b93219f7c0_0;
    %nor/r;
    %flag_set/vec4 8;
    %jmp/0xz  T_51.0, 8;
    %pushi/vec4 0, 0, 1;
    %assign/vec4 v000001b93219f2c0_0, 0;
    %pushi/vec4 1, 0, 1;
    %assign/vec4 v000001b93219fc20_0, 0;
    %pushi/vec4 0, 0, 1;
    %assign/vec4 v000001b93219ec80_0, 0;
    %pushi/vec4 0, 0, 1;
    %assign/vec4 v000001b93219d6a0_0, 0;
    %pushi/vec4 1, 0, 1;
    %assign/vec4 v000001b93219dc40_0, 0;
    %pushi/vec4 639999, 0, 32;
    %assign/vec4 v000001b93219ebe0_0, 0;
    %pushi/vec4 320000, 0, 32;
    %assign/vec4 v000001b93219edc0_0, 0;
    %pushi/vec4 0, 0, 16;
    %assign/vec4 v000001b93219de20_0, 0;
    %jmp T_51.1;
T_51.0 ;
    %load/vec4 v000001b93219ee60_0;
    %flag_set/vec4 8;
    %jmp/0xz  T_51.2, 8;
    %load/vec4 v000001b93219f5e0_0;
    %dup/vec4;
    %pushi/vec4 0, 0, 3;
    %cmp/u;
    %jmp/1 T_51.4, 6;
    %dup/vec4;
    %pushi/vec4 1, 0, 3;
    %cmp/u;
    %jmp/1 T_51.5, 6;
    %dup/vec4;
    %pushi/vec4 2, 0, 3;
    %cmp/u;
    %jmp/1 T_51.6, 6;
    %dup/vec4;
    %pushi/vec4 5, 0, 3;
    %cmp/u;
    %jmp/1 T_51.7, 6;
    %jmp T_51.9;
T_51.4 ;
    %load/vec4 v000001b93219ed20_0;
    %parti/s 1, 0, 2;
    %assign/vec4 v000001b93219f2c0_0, 0;
    %load/vec4 v000001b93219ed20_0;
    %parti/s 1, 1, 2;
    %assign/vec4 v000001b93219fc20_0, 0;
    %load/vec4 v000001b93219ed20_0;
    %parti/s 1, 2, 3;
    %assign/vec4 v000001b93219ec80_0, 0;
    %load/vec4 v000001b93219ed20_0;
    %parti/s 1, 3, 3;
    %assign/vec4 v000001b93219d6a0_0, 0;
    %load/vec4 v000001b93219ed20_0;
    %parti/s 1, 4, 4;
    %assign/vec4 v000001b93219dc40_0, 0;
    %jmp T_51.9;
T_51.5 ;
    %load/vec4 v000001b93219ed20_0;
    %assign/vec4 v000001b93219ebe0_0, 0;
    %jmp T_51.9;
T_51.6 ;
    %load/vec4 v000001b93219ed20_0;
    %assign/vec4 v000001b93219edc0_0, 0;
    %jmp T_51.9;
T_51.7 ;
    %load/vec4 v000001b93219ed20_0;
    %parti/s 16, 0, 2;
    %assign/vec4 v000001b93219de20_0, 0;
    %jmp T_51.9;
T_51.9 ;
    %pop/vec4 1;
T_51.2 ;
T_51.1 ;
    %jmp T_51;
    .thread T_51;
    .scope S_000001b93219aa00;
T_52 ;
    %wait E_000001b9320de810;
    %load/vec4 v000001b93219f5e0_0;
    %dup/vec4;
    %pushi/vec4 0, 0, 3;
    %cmp/u;
    %jmp/1 T_52.0, 6;
    %dup/vec4;
    %pushi/vec4 1, 0, 3;
    %cmp/u;
    %jmp/1 T_52.1, 6;
    %dup/vec4;
    %pushi/vec4 2, 0, 3;
    %cmp/u;
    %jmp/1 T_52.2, 6;
    %dup/vec4;
    %pushi/vec4 3, 0, 3;
    %cmp/u;
    %jmp/1 T_52.3, 6;
    %dup/vec4;
    %pushi/vec4 4, 0, 3;
    %cmp/u;
    %jmp/1 T_52.4, 6;
    %dup/vec4;
    %pushi/vec4 5, 0, 3;
    %cmp/u;
    %jmp/1 T_52.5, 6;
    %pushi/vec4 0, 0, 32;
    %store/vec4 v000001b93219f720_0, 0, 32;
    %jmp T_52.7;
T_52.0 ;
    %pushi/vec4 0, 0, 27;
    %load/vec4 v000001b93219dc40_0;
    %concat/vec4; draw_concat_vec4
    %load/vec4 v000001b93219d6a0_0;
    %concat/vec4; draw_concat_vec4
    %load/vec4 v000001b93219ec80_0;
    %concat/vec4; draw_concat_vec4
    %load/vec4 v000001b93219fc20_0;
    %concat/vec4; draw_concat_vec4
    %load/vec4 v000001b93219f2c0_0;
    %concat/vec4; draw_concat_vec4
    %store/vec4 v000001b93219f720_0, 0, 32;
    %jmp T_52.7;
T_52.1 ;
    %load/vec4 v000001b93219ebe0_0;
    %store/vec4 v000001b93219f720_0, 0, 32;
    %jmp T_52.7;
T_52.2 ;
    %load/vec4 v000001b93219edc0_0;
    %store/vec4 v000001b93219f720_0, 0, 32;
    %jmp T_52.7;
T_52.3 ;
    %load/vec4 v000001b93219e960_0;
    %store/vec4 v000001b93219f720_0, 0, 32;
    %jmp T_52.7;
T_52.4 ;
    %pushi/vec4 0, 0, 30;
    %load/vec4 v000001b93219ef00_0;
    %concat/vec4; draw_concat_vec4
    %load/vec4 v000001b93219e140_0;
    %concat/vec4; draw_concat_vec4
    %store/vec4 v000001b93219f720_0, 0, 32;
    %jmp T_52.7;
T_52.5 ;
    %pushi/vec4 0, 0, 16;
    %load/vec4 v000001b93219de20_0;
    %concat/vec4; draw_concat_vec4
    %store/vec4 v000001b93219f720_0, 0, 32;
    %jmp T_52.7;
T_52.7 ;
    %pop/vec4 1;
    %jmp T_52;
    .thread T_52, $push;
    .scope S_000001b93219a230;
T_53 ;
    %wait E_000001b9320dc0d0;
    %load/vec4 v000001b93219bee0_0;
    %nor/r;
    %flag_set/vec4 8;
    %jmp/0xz  T_53.0, 8;
    %pushi/vec4 0, 0, 32;
    %ix/load 3, 0, 0;
    %flag_set/imm 4, 0;
    %ix/load 4, 0, 0; Constant delay
    %assign/vec4/a/d v000001b93219b580, 0, 4;
    %pushi/vec4 0, 0, 1;
    %ix/load 4, 0, 0;
    %ix/load 5, 0, 0;
    %flag_set/imm 4, 0;
    %assign/vec4/off/d v000001b93219ca20_0, 4, 5;
    %jmp T_53.1;
T_53.0 ;
    %load/vec4 v000001b93219b080_0;
    %parti/s 1, 0, 2;
    %flag_set/vec4 8;
    %jmp/0xz  T_53.2, 8;
    %ix/load 4, 0, 0;
    %flag_set/imm 4, 0;
    %load/vec4a v000001b93219b940, 4;
    %subi 1, 0, 32;
    %ix/load 4, 0, 0;
    %flag_set/imm 4, 0;
    %load/vec4a v000001b93219b580, 4;
    %cmp/u;
    %flag_or 5, 4;
    %jmp/0xz  T_53.4, 5;
    %pushi/vec4 0, 0, 32;
    %ix/load 3, 0, 0;
    %flag_set/imm 4, 0;
    %ix/load 4, 0, 0; Constant delay
    %assign/vec4/a/d v000001b93219b580, 0, 4;
    %jmp T_53.5;
T_53.4 ;
    %ix/load 4, 0, 0;
    %flag_set/imm 4, 0;
    %load/vec4a v000001b93219b580, 4;
    %addi 1, 0, 32;
    %ix/load 3, 0, 0;
    %flag_set/imm 4, 0;
    %ix/load 4, 0, 0; Constant delay
    %assign/vec4/a/d v000001b93219b580, 0, 4;
T_53.5 ;
    %ix/load 4, 0, 0;
    %flag_set/imm 4, 0;
    %load/vec4a v000001b93219b580, 4;
    %ix/load 4, 0, 0;
    %flag_set/imm 4, 0;
    %load/vec4a v000001b93219b9e0, 4;
    %cmp/u;
    %flag_mov 8, 5;
    %jmp/0 T_53.6, 8;
    %pushi/vec4 1, 0, 1;
    %jmp/1 T_53.7, 8;
T_53.6 ; End of true expr.
    %pushi/vec4 0, 0, 1;
    %jmp/0 T_53.7, 8;
 ; End of false expr.
    %blend;
T_53.7;
    %ix/load 4, 0, 0;
    %ix/load 5, 0, 0;
    %flag_set/imm 4, 0;
    %assign/vec4/off/d v000001b93219ca20_0, 4, 5;
    %jmp T_53.3;
T_53.2 ;
    %pushi/vec4 0, 0, 1;
    %ix/load 4, 0, 0;
    %ix/load 5, 0, 0;
    %flag_set/imm 4, 0;
    %assign/vec4/off/d v000001b93219ca20_0, 4, 5;
    %pushi/vec4 0, 0, 32;
    %ix/load 3, 0, 0;
    %flag_set/imm 4, 0;
    %ix/load 4, 0, 0; Constant delay
    %assign/vec4/a/d v000001b93219b580, 0, 4;
T_53.3 ;
T_53.1 ;
    %jmp T_53;
    .thread T_53;
    .scope S_000001b93219ab90;
T_54 ;
    %wait E_000001b9320dc0d0;
    %load/vec4 v000001b93219bee0_0;
    %nor/r;
    %flag_set/vec4 8;
    %jmp/0xz  T_54.0, 8;
    %pushi/vec4 0, 0, 32;
    %ix/load 3, 1, 0;
    %flag_set/imm 4, 0;
    %ix/load 4, 0, 0; Constant delay
    %assign/vec4/a/d v000001b93219b580, 0, 4;
    %pushi/vec4 0, 0, 1;
    %ix/load 4, 1, 0;
    %ix/load 5, 0, 0;
    %flag_set/imm 4, 0;
    %assign/vec4/off/d v000001b93219ca20_0, 4, 5;
    %jmp T_54.1;
T_54.0 ;
    %load/vec4 v000001b93219b080_0;
    %parti/s 1, 1, 2;
    %flag_set/vec4 8;
    %jmp/0xz  T_54.2, 8;
    %ix/load 4, 1, 0;
    %flag_set/imm 4, 0;
    %load/vec4a v000001b93219b940, 4;
    %subi 1, 0, 32;
    %ix/load 4, 1, 0;
    %flag_set/imm 4, 0;
    %load/vec4a v000001b93219b580, 4;
    %cmp/u;
    %flag_or 5, 4;
    %jmp/0xz  T_54.4, 5;
    %pushi/vec4 0, 0, 32;
    %ix/load 3, 1, 0;
    %flag_set/imm 4, 0;
    %ix/load 4, 0, 0; Constant delay
    %assign/vec4/a/d v000001b93219b580, 0, 4;
    %jmp T_54.5;
T_54.4 ;
    %ix/load 4, 1, 0;
    %flag_set/imm 4, 0;
    %load/vec4a v000001b93219b580, 4;
    %addi 1, 0, 32;
    %ix/load 3, 1, 0;
    %flag_set/imm 4, 0;
    %ix/load 4, 0, 0; Constant delay
    %assign/vec4/a/d v000001b93219b580, 0, 4;
T_54.5 ;
    %ix/load 4, 1, 0;
    %flag_set/imm 4, 0;
    %load/vec4a v000001b93219b580, 4;
    %ix/load 4, 1, 0;
    %flag_set/imm 4, 0;
    %load/vec4a v000001b93219b9e0, 4;
    %cmp/u;
    %flag_mov 8, 5;
    %jmp/0 T_54.6, 8;
    %pushi/vec4 1, 0, 1;
    %jmp/1 T_54.7, 8;
T_54.6 ; End of true expr.
    %pushi/vec4 0, 0, 1;
    %jmp/0 T_54.7, 8;
 ; End of false expr.
    %blend;
T_54.7;
    %ix/load 4, 1, 0;
    %ix/load 5, 0, 0;
    %flag_set/imm 4, 0;
    %assign/vec4/off/d v000001b93219ca20_0, 4, 5;
    %jmp T_54.3;
T_54.2 ;
    %pushi/vec4 0, 0, 1;
    %ix/load 4, 1, 0;
    %ix/load 5, 0, 0;
    %flag_set/imm 4, 0;
    %assign/vec4/off/d v000001b93219ca20_0, 4, 5;
    %pushi/vec4 0, 0, 32;
    %ix/load 3, 1, 0;
    %flag_set/imm 4, 0;
    %ix/load 4, 0, 0; Constant delay
    %assign/vec4/a/d v000001b93219b580, 0, 4;
T_54.3 ;
T_54.1 ;
    %jmp T_54;
    .thread T_54;
    .scope S_000001b932199290;
T_55 ;
    %wait E_000001b9320dc0d0;
    %load/vec4 v000001b93219bee0_0;
    %nor/r;
    %flag_set/vec4 8;
    %jmp/0xz  T_55.0, 8;
    %pushi/vec4 0, 0, 32;
    %ix/load 3, 2, 0;
    %flag_set/imm 4, 0;
    %ix/load 4, 0, 0; Constant delay
    %assign/vec4/a/d v000001b93219b580, 0, 4;
    %pushi/vec4 0, 0, 1;
    %ix/load 4, 2, 0;
    %ix/load 5, 0, 0;
    %flag_set/imm 4, 0;
    %assign/vec4/off/d v000001b93219ca20_0, 4, 5;
    %jmp T_55.1;
T_55.0 ;
    %load/vec4 v000001b93219b080_0;
    %parti/s 1, 2, 3;
    %flag_set/vec4 8;
    %jmp/0xz  T_55.2, 8;
    %ix/load 4, 2, 0;
    %flag_set/imm 4, 0;
    %load/vec4a v000001b93219b940, 4;
    %subi 1, 0, 32;
    %ix/load 4, 2, 0;
    %flag_set/imm 4, 0;
    %load/vec4a v000001b93219b580, 4;
    %cmp/u;
    %flag_or 5, 4;
    %jmp/0xz  T_55.4, 5;
    %pushi/vec4 0, 0, 32;
    %ix/load 3, 2, 0;
    %flag_set/imm 4, 0;
    %ix/load 4, 0, 0; Constant delay
    %assign/vec4/a/d v000001b93219b580, 0, 4;
    %jmp T_55.5;
T_55.4 ;
    %ix/load 4, 2, 0;
    %flag_set/imm 4, 0;
    %load/vec4a v000001b93219b580, 4;
    %addi 1, 0, 32;
    %ix/load 3, 2, 0;
    %flag_set/imm 4, 0;
    %ix/load 4, 0, 0; Constant delay
    %assign/vec4/a/d v000001b93219b580, 0, 4;
T_55.5 ;
    %ix/load 4, 2, 0;
    %flag_set/imm 4, 0;
    %load/vec4a v000001b93219b580, 4;
    %ix/load 4, 2, 0;
    %flag_set/imm 4, 0;
    %load/vec4a v000001b93219b9e0, 4;
    %cmp/u;
    %flag_mov 8, 5;
    %jmp/0 T_55.6, 8;
    %pushi/vec4 1, 0, 1;
    %jmp/1 T_55.7, 8;
T_55.6 ; End of true expr.
    %pushi/vec4 0, 0, 1;
    %jmp/0 T_55.7, 8;
 ; End of false expr.
    %blend;
T_55.7;
    %ix/load 4, 2, 0;
    %ix/load 5, 0, 0;
    %flag_set/imm 4, 0;
    %assign/vec4/off/d v000001b93219ca20_0, 4, 5;
    %jmp T_55.3;
T_55.2 ;
    %pushi/vec4 0, 0, 1;
    %ix/load 4, 2, 0;
    %ix/load 5, 0, 0;
    %flag_set/imm 4, 0;
    %assign/vec4/off/d v000001b93219ca20_0, 4, 5;
    %pushi/vec4 0, 0, 32;
    %ix/load 3, 2, 0;
    %flag_set/imm 4, 0;
    %ix/load 4, 0, 0; Constant delay
    %assign/vec4/a/d v000001b93219b580, 0, 4;
T_55.3 ;
T_55.1 ;
    %jmp T_55;
    .thread T_55;
    .scope S_000001b932198f70;
T_56 ;
    %wait E_000001b9320dc0d0;
    %load/vec4 v000001b93219bee0_0;
    %nor/r;
    %flag_set/vec4 8;
    %jmp/0xz  T_56.0, 8;
    %pushi/vec4 0, 0, 32;
    %ix/load 3, 3, 0;
    %flag_set/imm 4, 0;
    %ix/load 4, 0, 0; Constant delay
    %assign/vec4/a/d v000001b93219b580, 0, 4;
    %pushi/vec4 0, 0, 1;
    %ix/load 4, 3, 0;
    %ix/load 5, 0, 0;
    %flag_set/imm 4, 0;
    %assign/vec4/off/d v000001b93219ca20_0, 4, 5;
    %jmp T_56.1;
T_56.0 ;
    %load/vec4 v000001b93219b080_0;
    %parti/s 1, 3, 3;
    %flag_set/vec4 8;
    %jmp/0xz  T_56.2, 8;
    %ix/load 4, 3, 0;
    %flag_set/imm 4, 0;
    %load/vec4a v000001b93219b940, 4;
    %subi 1, 0, 32;
    %ix/load 4, 3, 0;
    %flag_set/imm 4, 0;
    %load/vec4a v000001b93219b580, 4;
    %cmp/u;
    %flag_or 5, 4;
    %jmp/0xz  T_56.4, 5;
    %pushi/vec4 0, 0, 32;
    %ix/load 3, 3, 0;
    %flag_set/imm 4, 0;
    %ix/load 4, 0, 0; Constant delay
    %assign/vec4/a/d v000001b93219b580, 0, 4;
    %jmp T_56.5;
T_56.4 ;
    %ix/load 4, 3, 0;
    %flag_set/imm 4, 0;
    %load/vec4a v000001b93219b580, 4;
    %addi 1, 0, 32;
    %ix/load 3, 3, 0;
    %flag_set/imm 4, 0;
    %ix/load 4, 0, 0; Constant delay
    %assign/vec4/a/d v000001b93219b580, 0, 4;
T_56.5 ;
    %ix/load 4, 3, 0;
    %flag_set/imm 4, 0;
    %load/vec4a v000001b93219b580, 4;
    %ix/load 4, 3, 0;
    %flag_set/imm 4, 0;
    %load/vec4a v000001b93219b9e0, 4;
    %cmp/u;
    %flag_mov 8, 5;
    %jmp/0 T_56.6, 8;
    %pushi/vec4 1, 0, 1;
    %jmp/1 T_56.7, 8;
T_56.6 ; End of true expr.
    %pushi/vec4 0, 0, 1;
    %jmp/0 T_56.7, 8;
 ; End of false expr.
    %blend;
T_56.7;
    %ix/load 4, 3, 0;
    %ix/load 5, 0, 0;
    %flag_set/imm 4, 0;
    %assign/vec4/off/d v000001b93219ca20_0, 4, 5;
    %jmp T_56.3;
T_56.2 ;
    %pushi/vec4 0, 0, 1;
    %ix/load 4, 3, 0;
    %ix/load 5, 0, 0;
    %flag_set/imm 4, 0;
    %assign/vec4/off/d v000001b93219ca20_0, 4, 5;
    %pushi/vec4 0, 0, 32;
    %ix/load 3, 3, 0;
    %flag_set/imm 4, 0;
    %ix/load 4, 0, 0; Constant delay
    %assign/vec4/a/d v000001b93219b580, 0, 4;
T_56.3 ;
T_56.1 ;
    %jmp T_56;
    .thread T_56;
    .scope S_000001b93219a870;
T_57 ;
    %wait E_000001b9320dc0d0;
    %load/vec4 v000001b93219bee0_0;
    %nor/r;
    %flag_set/vec4 8;
    %jmp/0xz  T_57.0, 8;
    %pushi/vec4 0, 0, 4;
    %assign/vec4 v000001b93219b080_0, 0;
    %pushi/vec4 0, 0, 32;
    %store/vec4 v000001b93219cb60_0, 0, 32;
T_57.2 ;
    %load/vec4 v000001b93219cb60_0;
    %cmpi/s 4, 0, 32;
    %jmp/0xz T_57.3, 5;
    %pushi/vec4 2000000, 0, 32;
    %ix/getv/s 3, v000001b93219cb60_0;
    %ix/load 4, 0, 0; Constant delay
    %assign/vec4/a/d v000001b93219b940, 0, 4;
    %pushi/vec4 150000, 0, 32;
    %ix/getv/s 3, v000001b93219cb60_0;
    %ix/load 4, 0, 0; Constant delay
    %assign/vec4/a/d v000001b93219b9e0, 0, 4;
    %pushi/vec4 0, 0, 32;
    %ix/getv/s 3, v000001b93219cb60_0;
    %ix/load 4, 0, 0; Constant delay
    %assign/vec4/a/d v000001b93219b580, 0, 4;
    %load/vec4 v000001b93219cb60_0;
    %addi 1, 0, 32;
    %store/vec4 v000001b93219cb60_0, 0, 32;
    %jmp T_57.2;
T_57.3 ;
    %jmp T_57.1;
T_57.0 ;
    %load/vec4 v000001b93219b120_0;
    %flag_set/vec4 8;
    %jmp/0xz  T_57.4, 8;
    %load/vec4 v000001b93219be40_0;
    %dup/vec4;
    %pushi/vec4 0, 0, 5;
    %cmp/u;
    %jmp/1 T_57.6, 6;
    %dup/vec4;
    %pushi/vec4 1, 0, 5;
    %cmp/u;
    %jmp/1 T_57.7, 6;
    %dup/vec4;
    %pushi/vec4 2, 0, 5;
    %cmp/u;
    %jmp/1 T_57.8, 6;
    %dup/vec4;
    %pushi/vec4 3, 0, 5;
    %cmp/u;
    %jmp/1 T_57.9, 6;
    %dup/vec4;
    %pushi/vec4 4, 0, 5;
    %cmp/u;
    %jmp/1 T_57.10, 6;
    %dup/vec4;
    %pushi/vec4 5, 0, 5;
    %cmp/u;
    %jmp/1 T_57.11, 6;
    %dup/vec4;
    %pushi/vec4 6, 0, 5;
    %cmp/u;
    %jmp/1 T_57.12, 6;
    %dup/vec4;
    %pushi/vec4 7, 0, 5;
    %cmp/u;
    %jmp/1 T_57.13, 6;
    %dup/vec4;
    %pushi/vec4 8, 0, 5;
    %cmp/u;
    %jmp/1 T_57.14, 6;
    %jmp T_57.16;
T_57.6 ;
    %load/vec4 v000001b93219cd40_0;
    %parti/s 4, 0, 2;
    %assign/vec4 v000001b93219b080_0, 0;
    %jmp T_57.16;
T_57.7 ;
    %load/vec4 v000001b93219cd40_0;
    %ix/load 3, 0, 0;
    %flag_set/imm 4, 0;
    %ix/load 4, 0, 0; Constant delay
    %assign/vec4/a/d v000001b93219b940, 0, 4;
    %jmp T_57.16;
T_57.8 ;
    %load/vec4 v000001b93219cd40_0;
    %ix/load 3, 0, 0;
    %flag_set/imm 4, 0;
    %ix/load 4, 0, 0; Constant delay
    %assign/vec4/a/d v000001b93219b9e0, 0, 4;
    %jmp T_57.16;
T_57.9 ;
    %load/vec4 v000001b93219cd40_0;
    %ix/load 3, 1, 0;
    %flag_set/imm 4, 0;
    %ix/load 4, 0, 0; Constant delay
    %assign/vec4/a/d v000001b93219b940, 0, 4;
    %jmp T_57.16;
T_57.10 ;
    %load/vec4 v000001b93219cd40_0;
    %ix/load 3, 1, 0;
    %flag_set/imm 4, 0;
    %ix/load 4, 0, 0; Constant delay
    %assign/vec4/a/d v000001b93219b9e0, 0, 4;
    %jmp T_57.16;
T_57.11 ;
    %load/vec4 v000001b93219cd40_0;
    %ix/load 3, 2, 0;
    %flag_set/imm 4, 0;
    %ix/load 4, 0, 0; Constant delay
    %assign/vec4/a/d v000001b93219b940, 0, 4;
    %jmp T_57.16;
T_57.12 ;
    %load/vec4 v000001b93219cd40_0;
    %ix/load 3, 2, 0;
    %flag_set/imm 4, 0;
    %ix/load 4, 0, 0; Constant delay
    %assign/vec4/a/d v000001b93219b9e0, 0, 4;
    %jmp T_57.16;
T_57.13 ;
    %load/vec4 v000001b93219cd40_0;
    %ix/load 3, 3, 0;
    %flag_set/imm 4, 0;
    %ix/load 4, 0, 0; Constant delay
    %assign/vec4/a/d v000001b93219b940, 0, 4;
    %jmp T_57.16;
T_57.14 ;
    %load/vec4 v000001b93219cd40_0;
    %ix/load 3, 3, 0;
    %flag_set/imm 4, 0;
    %ix/load 4, 0, 0; Constant delay
    %assign/vec4/a/d v000001b93219b9e0, 0, 4;
    %jmp T_57.16;
T_57.16 ;
    %pop/vec4 1;
T_57.4 ;
T_57.1 ;
    %jmp T_57;
    .thread T_57;
    .scope S_000001b93219a870;
T_58 ;
    %wait E_000001b9320dd190;
    %load/vec4 v000001b93219be40_0;
    %dup/vec4;
    %pushi/vec4 0, 0, 5;
    %cmp/u;
    %jmp/1 T_58.0, 6;
    %dup/vec4;
    %pushi/vec4 1, 0, 5;
    %cmp/u;
    %jmp/1 T_58.1, 6;
    %dup/vec4;
    %pushi/vec4 2, 0, 5;
    %cmp/u;
    %jmp/1 T_58.2, 6;
    %dup/vec4;
    %pushi/vec4 3, 0, 5;
    %cmp/u;
    %jmp/1 T_58.3, 6;
    %dup/vec4;
    %pushi/vec4 4, 0, 5;
    %cmp/u;
    %jmp/1 T_58.4, 6;
    %dup/vec4;
    %pushi/vec4 5, 0, 5;
    %cmp/u;
    %jmp/1 T_58.5, 6;
    %dup/vec4;
    %pushi/vec4 6, 0, 5;
    %cmp/u;
    %jmp/1 T_58.6, 6;
    %dup/vec4;
    %pushi/vec4 7, 0, 5;
    %cmp/u;
    %jmp/1 T_58.7, 6;
    %dup/vec4;
    %pushi/vec4 8, 0, 5;
    %cmp/u;
    %jmp/1 T_58.8, 6;
    %pushi/vec4 0, 0, 32;
    %store/vec4 v000001b93219aea0_0, 0, 32;
    %jmp T_58.10;
T_58.0 ;
    %pushi/vec4 0, 0, 28;
    %load/vec4 v000001b93219b080_0;
    %concat/vec4; draw_concat_vec4
    %store/vec4 v000001b93219aea0_0, 0, 32;
    %jmp T_58.10;
T_58.1 ;
    %ix/load 4, 0, 0;
    %flag_set/imm 4, 0;
    %load/vec4a v000001b93219b940, 4;
    %store/vec4 v000001b93219aea0_0, 0, 32;
    %jmp T_58.10;
T_58.2 ;
    %ix/load 4, 0, 0;
    %flag_set/imm 4, 0;
    %load/vec4a v000001b93219b9e0, 4;
    %store/vec4 v000001b93219aea0_0, 0, 32;
    %jmp T_58.10;
T_58.3 ;
    %ix/load 4, 1, 0;
    %flag_set/imm 4, 0;
    %load/vec4a v000001b93219b940, 4;
    %store/vec4 v000001b93219aea0_0, 0, 32;
    %jmp T_58.10;
T_58.4 ;
    %ix/load 4, 1, 0;
    %flag_set/imm 4, 0;
    %load/vec4a v000001b93219b9e0, 4;
    %store/vec4 v000001b93219aea0_0, 0, 32;
    %jmp T_58.10;
T_58.5 ;
    %ix/load 4, 2, 0;
    %flag_set/imm 4, 0;
    %load/vec4a v000001b93219b940, 4;
    %store/vec4 v000001b93219aea0_0, 0, 32;
    %jmp T_58.10;
T_58.6 ;
    %ix/load 4, 2, 0;
    %flag_set/imm 4, 0;
    %load/vec4a v000001b93219b9e0, 4;
    %store/vec4 v000001b93219aea0_0, 0, 32;
    %jmp T_58.10;
T_58.7 ;
    %ix/load 4, 3, 0;
    %flag_set/imm 4, 0;
    %load/vec4a v000001b93219b940, 4;
    %store/vec4 v000001b93219aea0_0, 0, 32;
    %jmp T_58.10;
T_58.8 ;
    %ix/load 4, 3, 0;
    %flag_set/imm 4, 0;
    %load/vec4a v000001b93219b9e0, 4;
    %store/vec4 v000001b93219aea0_0, 0, 32;
    %jmp T_58.10;
T_58.10 ;
    %pop/vec4 1;
    %jmp T_58;
    .thread T_58, $push;
    .scope S_000001b932199a60;
T_59 ;
    %wait E_000001b9320de9d0;
    %load/vec4 v000001b9321a0760_0;
    %nor/r;
    %flag_set/vec4 8;
    %jmp/0xz  T_59.0, 8;
    %pushi/vec4 0, 0, 1;
    %assign/vec4 v000001b9321a12a0_0, 0;
    %pushi/vec4 0, 0, 1;
    %assign/vec4 v000001b9321a09e0_0, 0;
    %pushi/vec4 4294967295, 0, 32;
    %assign/vec4 v000001b9321a0a80_0, 0;
    %pushi/vec4 0, 0, 1;
    %assign/vec4 v000001b9321a1520_0, 0;
    %pushi/vec4 0, 0, 32;
    %assign/vec4 v000001b9321a0f80_0, 0;
    %pushi/vec4 0, 0, 1;
    %assign/vec4 v000001b9321a13e0_0, 0;
    %pushi/vec4 0, 0, 1;
    %assign/vec4 v000001b9321a1020_0, 0;
    %jmp T_59.1;
T_59.0 ;
    %pushi/vec4 0, 0, 1;
    %assign/vec4 v000001b9321a13e0_0, 0;
    %pushi/vec4 0, 0, 1;
    %assign/vec4 v000001b9321a1020_0, 0;
    %load/vec4 v000001b93219ffe0_0;
    %flag_set/vec4 8;
    %jmp/0xz  T_59.2, 8;
    %load/vec4 v000001b9321a1ca0_0;
    %dup/vec4;
    %pushi/vec4 0, 0, 2;
    %cmp/u;
    %jmp/1 T_59.4, 6;
    %dup/vec4;
    %pushi/vec4 1, 0, 2;
    %cmp/u;
    %jmp/1 T_59.5, 6;
    %dup/vec4;
    %pushi/vec4 2, 0, 2;
    %cmp/u;
    %jmp/1 T_59.6, 6;
    %dup/vec4;
    %pushi/vec4 3, 0, 2;
    %cmp/u;
    %jmp/1 T_59.7, 6;
    %jmp T_59.8;
T_59.4 ;
    %load/vec4 v000001b9321a0940_0;
    %parti/s 1, 0, 2;
    %assign/vec4 v000001b9321a12a0_0, 0;
    %load/vec4 v000001b9321a0940_0;
    %parti/s 1, 1, 2;
    %assign/vec4 v000001b9321a09e0_0, 0;
    %jmp T_59.8;
T_59.5 ;
    %load/vec4 v000001b9321a0940_0;
    %assign/vec4 v000001b9321a0a80_0, 0;
    %pushi/vec4 0, 0, 32;
    %assign/vec4 v000001b9321a0f80_0, 0;
    %jmp T_59.8;
T_59.6 ;
    %load/vec4 v000001b9321a0940_0;
    %cmpi/e 2863289685, 0, 32;
    %jmp/0xz  T_59.9, 4;
    %pushi/vec4 0, 0, 32;
    %assign/vec4 v000001b9321a0f80_0, 0;
T_59.9 ;
    %jmp T_59.8;
T_59.7 ;
    %load/vec4 v000001b9321a0940_0;
    %parti/s 1, 0, 2;
    %flag_set/vec4 8;
    %jmp/0xz  T_59.11, 8;
    %pushi/vec4 0, 0, 1;
    %assign/vec4 v000001b9321a1520_0, 0;
T_59.11 ;
    %jmp T_59.8;
T_59.8 ;
    %pop/vec4 1;
T_59.2 ;
    %load/vec4 v000001b9321a12a0_0;
    %flag_set/vec4 8;
    %jmp/0xz  T_59.13, 8;
    %load/vec4 v000001b9321a0a80_0;
    %load/vec4 v000001b9321a0f80_0;
    %cmp/u;
    %flag_or 5, 4;
    %jmp/0xz  T_59.15, 5;
    %pushi/vec4 1, 0, 1;
    %assign/vec4 v000001b9321a1020_0, 0;
    %pushi/vec4 1, 0, 1;
    %assign/vec4 v000001b9321a1520_0, 0;
    %pushi/vec4 0, 0, 32;
    %assign/vec4 v000001b9321a0f80_0, 0;
    %jmp T_59.16;
T_59.15 ;
    %load/vec4 v000001b9321a0f80_0;
    %addi 1, 0, 32;
    %assign/vec4 v000001b9321a0f80_0, 0;
    %load/vec4 v000001b9321a09e0_0;
    %flag_set/vec4 9;
    %flag_get/vec4 9;
    %jmp/0 T_59.19, 9;
    %load/vec4 v000001b9321a0f80_0;
    %load/vec4 v000001b9321a0a80_0;
    %ix/load 4, 1, 0;
    %flag_set/imm 4, 0;
    %shiftr 4;
    %cmp/e;
    %flag_get/vec4 4;
    %and;
T_59.19;
    %flag_set/vec4 8;
    %jmp/0xz  T_59.17, 8;
    %pushi/vec4 1, 0, 1;
    %assign/vec4 v000001b9321a13e0_0, 0;
T_59.17 ;
T_59.16 ;
    %jmp T_59.14;
T_59.13 ;
    %pushi/vec4 0, 0, 32;
    %assign/vec4 v000001b9321a0f80_0, 0;
T_59.14 ;
T_59.1 ;
    %jmp T_59;
    .thread T_59;
    .scope S_000001b932199a60;
T_60 ;
    %wait E_000001b9320dea50;
    %load/vec4 v000001b9321a1ca0_0;
    %dup/vec4;
    %pushi/vec4 0, 0, 2;
    %cmp/u;
    %jmp/1 T_60.0, 6;
    %dup/vec4;
    %pushi/vec4 1, 0, 2;
    %cmp/u;
    %jmp/1 T_60.1, 6;
    %dup/vec4;
    %pushi/vec4 2, 0, 2;
    %cmp/u;
    %jmp/1 T_60.2, 6;
    %dup/vec4;
    %pushi/vec4 3, 0, 2;
    %cmp/u;
    %jmp/1 T_60.3, 6;
    %pushi/vec4 0, 0, 32;
    %store/vec4 v000001b9321a0620_0, 0, 32;
    %jmp T_60.5;
T_60.0 ;
    %pushi/vec4 0, 0, 30;
    %load/vec4 v000001b9321a09e0_0;
    %concat/vec4; draw_concat_vec4
    %load/vec4 v000001b9321a12a0_0;
    %concat/vec4; draw_concat_vec4
    %store/vec4 v000001b9321a0620_0, 0, 32;
    %jmp T_60.5;
T_60.1 ;
    %load/vec4 v000001b9321a0a80_0;
    %store/vec4 v000001b9321a0620_0, 0, 32;
    %jmp T_60.5;
T_60.2 ;
    %load/vec4 v000001b9321a0f80_0;
    %store/vec4 v000001b9321a0620_0, 0, 32;
    %jmp T_60.5;
T_60.3 ;
    %pushi/vec4 0, 0, 31;
    %load/vec4 v000001b9321a1520_0;
    %concat/vec4; draw_concat_vec4
    %store/vec4 v000001b9321a0620_0, 0, 32;
    %jmp T_60.5;
T_60.5 ;
    %pop/vec4 1;
    %jmp T_60;
    .thread T_60, $push;
    .scope S_000001b932170540;
T_61 ;
    %wait E_000001b9320dda90;
    %load/vec4 v000001b9321790d0_0;
    %nor/r;
    %flag_set/vec4 8;
    %jmp/0xz  T_61.0, 8;
    %pushi/vec4 0, 0, 1;
    %assign/vec4 v000001b93217a930_0, 0;
    %pushi/vec4 1, 0, 1;
    %assign/vec4 v000001b9321793f0_0, 0;
    %pushi/vec4 4294967295, 0, 32;
    %assign/vec4 v000001b932179530_0, 0;
    %pushi/vec4 0, 0, 32;
    %assign/vec4 v000001b93217a110_0, 0;
    %pushi/vec4 0, 0, 6;
    %assign/vec4 v000001b93217b510_0, 0;
    %pushi/vec4 0, 0, 1;
    %assign/vec4 v000001b932178f90_0, 0;
    %pushi/vec4 0, 0, 1;
    %assign/vec4 v000001b9321798f0_0, 0;
    %jmp T_61.1;
T_61.0 ;
    %load/vec4 v000001b93217aa70_0;
    %flag_set/vec4 8;
    %jmp/0xz  T_61.2, 8;
    %load/vec4 v000001b932179a30_0;
    %dup/vec4;
    %pushi/vec4 0, 0, 2;
    %cmp/u;
    %jmp/1 T_61.4, 6;
    %dup/vec4;
    %pushi/vec4 1, 0, 2;
    %cmp/u;
    %jmp/1 T_61.5, 6;
    %jmp T_61.7;
T_61.4 ;
    %load/vec4 v000001b932179030_0;
    %parti/s 1, 0, 2;
    %assign/vec4 v000001b93217a930_0, 0;
    %load/vec4 v000001b932179030_0;
    %parti/s 1, 1, 2;
    %assign/vec4 v000001b9321793f0_0, 0;
    %load/vec4 v000001b932179030_0;
    %parti/s 1, 2, 3;
    %flag_set/vec4 8;
    %jmp/0xz  T_61.8, 8;
    %load/vec4 v000001b932179030_0;
    %parti/s 1, 1, 2;
    %flag_set/vec4 8;
    %jmp/0 T_61.10, 8;
    %pushi/vec4 4294967295, 0, 32;
    %jmp/1 T_61.11, 8;
T_61.10 ; End of true expr.
    %pushi/vec4 65535, 0, 32;
    %jmp/0 T_61.11, 8;
 ; End of false expr.
    %blend;
T_61.11;
    %assign/vec4 v000001b932179530_0, 0;
T_61.8 ;
    %jmp T_61.7;
T_61.5 ;
    %load/vec4 v000001b93217a930_0;
    %flag_set/vec4 9;
    %flag_get/vec4 9;
    %jmp/0 T_61.14, 9;
    %load/vec4 v000001b932178f90_0;
    %nor/r;
    %and;
T_61.14;
    %flag_set/vec4 8;
    %jmp/0xz  T_61.12, 8;
    %load/vec4 v000001b932179030_0;
    %assign/vec4 v000001b93217a110_0, 0;
    %pushi/vec4 32, 0, 6;
    %assign/vec4 v000001b93217b510_0, 0;
    %pushi/vec4 1, 0, 1;
    %assign/vec4 v000001b932178f90_0, 0;
    %pushi/vec4 1, 0, 1;
    %assign/vec4 v000001b9321798f0_0, 0;
T_61.12 ;
    %jmp T_61.7;
T_61.7 ;
    %pop/vec4 1;
T_61.2 ;
    %load/vec4 v000001b932178f90_0;
    %flag_set/vec4 8;
    %jmp/0xz  T_61.15, 8;
    %load/vec4 v000001b93217b510_0;
    %pad/u 32;
    %cmpi/u 0, 0, 32;
    %flag_or 5, 4; GT is !LE
    %flag_inv 5;
    %jmp/0xz  T_61.17, 5;
    %load/vec4 v000001b93217b510_0;
    %subi 1, 0, 6;
    %assign/vec4 v000001b93217b510_0, 0;
    %load/vec4 v000001b9321793f0_0;
    %flag_set/vec4 8;
    %jmp/0xz  T_61.19, 8;
    %load/vec4 v000001b932179530_0;
    %parti/s 1, 31, 6;
    %load/vec4 v000001b93217a110_0;
    %parti/s 1, 31, 6;
    %xor;
    %cmpi/e 1, 0, 1;
    %jmp/0xz  T_61.21, 4;
    %load/vec4 v000001b932179530_0;
    %ix/load 4, 1, 0;
    %flag_set/imm 4, 0;
    %shiftl 4;
    %pushi/vec4 79764919, 0, 32;
    %xor;
    %assign/vec4 v000001b932179530_0, 0;
    %jmp T_61.22;
T_61.21 ;
    %load/vec4 v000001b932179530_0;
    %ix/load 4, 1, 0;
    %flag_set/imm 4, 0;
    %shiftl 4;
    %assign/vec4 v000001b932179530_0, 0;
T_61.22 ;
    %jmp T_61.20;
T_61.19 ;
    %load/vec4 v000001b932179530_0;
    %parti/s 1, 15, 5;
    %load/vec4 v000001b93217a110_0;
    %parti/s 1, 31, 6;
    %xor;
    %cmpi/e 1, 0, 1;
    %jmp/0xz  T_61.23, 4;
    %load/vec4 v000001b932179530_0;
    %parti/s 15, 0, 2;
    %pad/u 16;
    %ix/load 4, 1, 0;
    %flag_set/imm 4, 0;
    %shiftl 4;
    %pushi/vec4 4129, 0, 16;
    %xor;
    %ix/load 4, 0, 0;
    %ix/load 5, 0, 0;
    %flag_set/imm 4, 0;
    %assign/vec4/off/d v000001b932179530_0, 4, 5;
    %jmp T_61.24;
T_61.23 ;
    %load/vec4 v000001b932179530_0;
    %parti/s 15, 0, 2;
    %pad/u 16;
    %ix/load 4, 1, 0;
    %flag_set/imm 4, 0;
    %shiftl 4;
    %ix/load 4, 0, 0;
    %ix/load 5, 0, 0;
    %flag_set/imm 4, 0;
    %assign/vec4/off/d v000001b932179530_0, 4, 5;
T_61.24 ;
T_61.20 ;
    %load/vec4 v000001b93217a110_0;
    %ix/load 4, 1, 0;
    %flag_set/imm 4, 0;
    %shiftl 4;
    %assign/vec4 v000001b93217a110_0, 0;
    %jmp T_61.18;
T_61.17 ;
    %pushi/vec4 0, 0, 1;
    %assign/vec4 v000001b932178f90_0, 0;
    %pushi/vec4 0, 0, 1;
    %assign/vec4 v000001b9321798f0_0, 0;
T_61.18 ;
T_61.15 ;
T_61.1 ;
    %jmp T_61;
    .thread T_61;
    .scope S_000001b932170540;
T_62 ;
    %wait E_000001b9320dd390;
    %load/vec4 v000001b932179a30_0;
    %dup/vec4;
    %pushi/vec4 0, 0, 2;
    %cmp/u;
    %jmp/1 T_62.0, 6;
    %dup/vec4;
    %pushi/vec4 1, 0, 2;
    %cmp/u;
    %jmp/1 T_62.1, 6;
    %dup/vec4;
    %pushi/vec4 2, 0, 2;
    %cmp/u;
    %jmp/1 T_62.2, 6;
    %pushi/vec4 0, 0, 32;
    %store/vec4 v000001b93217a250_0, 0, 32;
    %jmp T_62.4;
T_62.0 ;
    %pushi/vec4 0, 0, 29;
    %load/vec4 v000001b932178f90_0;
    %concat/vec4; draw_concat_vec4
    %load/vec4 v000001b9321793f0_0;
    %concat/vec4; draw_concat_vec4
    %load/vec4 v000001b93217a930_0;
    %concat/vec4; draw_concat_vec4
    %store/vec4 v000001b93217a250_0, 0, 32;
    %jmp T_62.4;
T_62.1 ;
    %pushi/vec4 0, 0, 32;
    %store/vec4 v000001b93217a250_0, 0, 32;
    %jmp T_62.4;
T_62.2 ;
    %load/vec4 v000001b932179530_0;
    %store/vec4 v000001b93217a250_0, 0, 32;
    %jmp T_62.4;
T_62.4 ;
    %pop/vec4 1;
    %jmp T_62;
    .thread T_62, $push;
    .scope S_000001b9321706d0;
T_63 ;
    %wait E_000001b9320ddcd0;
    %load/vec4 v000001b93217a7f0_0;
    %nor/r;
    %flag_set/vec4 8;
    %jmp/0xz  T_63.0, 8;
    %pushi/vec4 1, 0, 1;
    %assign/vec4 v000001b93217a2f0_0, 0;
    %pushi/vec4 0, 0, 1;
    %assign/vec4 v000001b932179fd0_0, 0;
    %pushi/vec4 0, 0, 64;
    %assign/vec4 v000001b932179210_0, 0;
    %pushi/vec4 0, 0, 64;
    %assign/vec4 v000001b93217b150_0, 0;
    %pushi/vec4 0, 0, 32;
    %assign/vec4 v000001b932179990_0, 0;
    %pushi/vec4 0, 0, 32;
    %assign/vec4 v000001b93217a390_0, 0;
    %pushi/vec4 0, 0, 5;
    %assign/vec4 v000001b9321795d0_0, 0;
    %jmp T_63.1;
T_63.0 ;
    %load/vec4 v000001b93217a890_0;
    %flag_set/vec4 8;
    %jmp/0xz  T_63.2, 8;
    %load/vec4 v000001b93217b1f0_0;
    %dup/vec4;
    %pushi/vec4 0, 0, 4;
    %cmp/u;
    %jmp/1 T_63.4, 6;
    %dup/vec4;
    %pushi/vec4 8, 0, 4;
    %cmp/u;
    %jmp/1 T_63.5, 6;
    %jmp T_63.7;
T_63.4 ;
    %load/vec4 v000001b932179e90_0;
    %parti/s 1, 0, 2;
    %assign/vec4 v000001b93217a2f0_0, 0;
    %load/vec4 v000001b932179e90_0;
    %parti/s 1, 1, 2;
    %assign/vec4 v000001b932179fd0_0, 0;
    %load/vec4 v000001b932179e90_0;
    %parti/s 1, 2, 3;
    %flag_set/vec4 8;
    %jmp/0xz  T_63.8, 8;
    %pushi/vec4 0, 0, 64;
    %assign/vec4 v000001b932179210_0, 0;
    %pushi/vec4 0, 0, 64;
    %assign/vec4 v000001b93217b150_0, 0;
T_63.8 ;
    %jmp T_63.7;
T_63.5 ;
    %load/vec4 v000001b932179e90_0;
    %parti/s 5, 0, 2;
    %assign/vec4 v000001b9321795d0_0, 0;
    %jmp T_63.7;
T_63.7 ;
    %pop/vec4 1;
T_63.2 ;
    %load/vec4 v000001b93217a2f0_0;
    %flag_set/vec4 9;
    %flag_get/vec4 9;
    %jmp/0 T_63.12, 9;
    %load/vec4 v000001b932179fd0_0;
    %nor/r;
    %and;
T_63.12;
    %flag_set/vec4 8;
    %jmp/0xz  T_63.10, 8;
    %load/vec4 v000001b932179210_0;
    %addi 1, 0, 64;
    %assign/vec4 v000001b932179210_0, 0;
    %load/vec4 v000001b932179170_0;
    %flag_set/vec4 8;
    %jmp/0xz  T_63.13, 8;
    %load/vec4 v000001b93217b150_0;
    %addi 1, 0, 64;
    %assign/vec4 v000001b93217b150_0, 0;
    %load/vec4 v000001b93217a4d0_0;
    %assign/vec4 v000001b932179990_0, 0;
    %load/vec4 v000001b93217acf0_0;
    %assign/vec4 v000001b93217a390_0, 0;
T_63.13 ;
T_63.10 ;
T_63.1 ;
    %jmp T_63;
    .thread T_63;
    .scope S_000001b9321706d0;
T_64 ;
    %wait E_000001b9320dd2d0;
    %load/vec4 v000001b93217b1f0_0;
    %dup/vec4;
    %pushi/vec4 0, 0, 4;
    %cmp/u;
    %jmp/1 T_64.0, 6;
    %dup/vec4;
    %pushi/vec4 1, 0, 4;
    %cmp/u;
    %jmp/1 T_64.1, 6;
    %dup/vec4;
    %pushi/vec4 2, 0, 4;
    %cmp/u;
    %jmp/1 T_64.2, 6;
    %dup/vec4;
    %pushi/vec4 3, 0, 4;
    %cmp/u;
    %jmp/1 T_64.3, 6;
    %dup/vec4;
    %pushi/vec4 4, 0, 4;
    %cmp/u;
    %jmp/1 T_64.4, 6;
    %dup/vec4;
    %pushi/vec4 5, 0, 4;
    %cmp/u;
    %jmp/1 T_64.5, 6;
    %dup/vec4;
    %pushi/vec4 6, 0, 4;
    %cmp/u;
    %jmp/1 T_64.6, 6;
    %dup/vec4;
    %pushi/vec4 7, 0, 4;
    %cmp/u;
    %jmp/1 T_64.7, 6;
    %dup/vec4;
    %pushi/vec4 8, 0, 4;
    %cmp/u;
    %jmp/1 T_64.8, 6;
    %pushi/vec4 0, 0, 32;
    %store/vec4 v000001b93217a6b0_0, 0, 32;
    %jmp T_64.10;
T_64.0 ;
    %pushi/vec4 0, 0, 29;
    %concati/vec4 0, 0, 1;
    %load/vec4 v000001b932179fd0_0;
    %concat/vec4; draw_concat_vec4
    %load/vec4 v000001b93217a2f0_0;
    %concat/vec4; draw_concat_vec4
    %store/vec4 v000001b93217a6b0_0, 0, 32;
    %jmp T_64.10;
T_64.1 ;
    %load/vec4 v000001b932179210_0;
    %parti/s 32, 0, 2;
    %store/vec4 v000001b93217a6b0_0, 0, 32;
    %jmp T_64.10;
T_64.2 ;
    %load/vec4 v000001b932179210_0;
    %parti/s 32, 32, 7;
    %store/vec4 v000001b93217a6b0_0, 0, 32;
    %jmp T_64.10;
T_64.3 ;
    %load/vec4 v000001b93217b150_0;
    %parti/s 32, 0, 2;
    %store/vec4 v000001b93217a6b0_0, 0, 32;
    %jmp T_64.10;
T_64.4 ;
    %load/vec4 v000001b93217b150_0;
    %parti/s 32, 32, 7;
    %store/vec4 v000001b93217a6b0_0, 0, 32;
    %jmp T_64.10;
T_64.5 ;
    %load/vec4 v000001b932179990_0;
    %store/vec4 v000001b93217a6b0_0, 0, 32;
    %jmp T_64.10;
T_64.6 ;
    %load/vec4 v000001b93217a390_0;
    %store/vec4 v000001b93217a6b0_0, 0, 32;
    %jmp T_64.10;
T_64.7 ;
    %load/vec4 v000001b93217a070_0;
    %store/vec4 v000001b93217a6b0_0, 0, 32;
    %jmp T_64.10;
T_64.8 ;
    %pushi/vec4 0, 0, 27;
    %load/vec4 v000001b9321795d0_0;
    %concat/vec4; draw_concat_vec4
    %store/vec4 v000001b93217a6b0_0, 0, 32;
    %jmp T_64.10;
T_64.10 ;
    %pop/vec4 1;
    %jmp T_64;
    .thread T_64, $push;
    .scope S_000001b932199d80;
T_65 ;
    %wait E_000001b9320de010;
    %load/vec4 v000001b932192be0_0;
    %nor/r;
    %flag_set/vec4 8;
    %jmp/0xz  T_65.0, 8;
    %pushi/vec4 0, 0, 3;
    %assign/vec4 v000001b932192c80_0, 0;
    %pushi/vec4 0, 0, 20;
    %assign/vec4 v000001b932191d80_0, 0;
    %pushi/vec4 0, 0, 8;
    %assign/vec4 v000001b932192f00_0, 0;
    %pushi/vec4 0, 0, 1;
    %assign/vec4 v000001b932192fa0_0, 0;
    %pushi/vec4 0, 0, 1;
    %assign/vec4 v000001b932191ba0_0, 0;
    %pushi/vec4 0, 0, 1;
    %assign/vec4 v000001b932192a00_0, 0;
    %pushi/vec4 0, 0, 1;
    %assign/vec4 v000001b932192640_0, 0;
    %pushi/vec4 0, 0, 1;
    %assign/vec4 v000001b932193040_0, 0;
    %pushi/vec4 0, 0, 8;
    %assign/vec4 v000001b932192460_0, 0;
    %jmp T_65.1;
T_65.0 ;
    %load/vec4 v000001b932192c80_0;
    %dup/vec4;
    %pushi/vec4 0, 0, 3;
    %cmp/u;
    %jmp/1 T_65.2, 6;
    %dup/vec4;
    %pushi/vec4 1, 0, 3;
    %cmp/u;
    %jmp/1 T_65.3, 6;
    %dup/vec4;
    %pushi/vec4 2, 0, 3;
    %cmp/u;
    %jmp/1 T_65.4, 6;
    %dup/vec4;
    %pushi/vec4 3, 0, 3;
    %cmp/u;
    %jmp/1 T_65.5, 6;
    %dup/vec4;
    %pushi/vec4 4, 0, 3;
    %cmp/u;
    %jmp/1 T_65.6, 6;
    %pushi/vec4 0, 0, 3;
    %assign/vec4 v000001b932192c80_0, 0;
    %jmp T_65.8;
T_65.2 ;
    %pushi/vec4 0, 0, 1;
    %assign/vec4 v000001b932193040_0, 0;
    %pushi/vec4 0, 0, 1;
    %assign/vec4 v000001b932191ba0_0, 0;
    %load/vec4 v000001b932192820_0;
    %flag_set/vec4 8;
    %jmp/0xz  T_65.9, 8;
    %load/vec4 v000001b932192500_0;
    %cmpi/e 1, 0, 2;
    %jmp/0xz  T_65.11, 4;
    %load/vec4 v000001b9321926e0_0;
    %parti/s 8, 0, 2;
    %assign/vec4 v000001b932192f00_0, 0;
    %pushi/vec4 1, 0, 1;
    %assign/vec4 v000001b932192fa0_0, 0;
    %pushi/vec4 1, 0, 3;
    %assign/vec4 v000001b932192c80_0, 0;
    %pushi/vec4 1, 0, 1;
    %assign/vec4 v000001b932191ba0_0, 0;
    %jmp T_65.12;
T_65.11 ;
    %load/vec4 v000001b932192500_0;
    %cmpi/e 2, 0, 2;
    %jmp/0xz  T_65.13, 4;
    %load/vec4 v000001b9321926e0_0;
    %parti/s 8, 0, 2;
    %assign/vec4 v000001b932192f00_0, 0;
    %pushi/vec4 0, 0, 1;
    %assign/vec4 v000001b932192fa0_0, 0;
    %pushi/vec4 1, 0, 3;
    %assign/vec4 v000001b932192c80_0, 0;
    %pushi/vec4 1, 0, 1;
    %assign/vec4 v000001b932191ba0_0, 0;
T_65.13 ;
T_65.12 ;
T_65.9 ;
    %jmp T_65.8;
T_65.3 ;
    %load/vec4 v000001b932192fa0_0;
    %assign/vec4 v000001b932192a00_0, 0;
    %pushi/vec4 0, 0, 1;
    %assign/vec4 v000001b932192640_0, 0;
    %load/vec4 v000001b932192f00_0;
    %assign/vec4 v000001b932192460_0, 0;
    %load/vec4 v000001b932191d80_0;
    %addi 1, 0, 20;
    %assign/vec4 v000001b932191d80_0, 0;
    %load/vec4 v000001b932191d80_0;
    %cmpi/u 10, 0, 20;
    %flag_inv 5; GE is !LT
    %jmp/0xz  T_65.15, 5;
    %pushi/vec4 0, 0, 20;
    %assign/vec4 v000001b932191d80_0, 0;
    %pushi/vec4 2, 0, 3;
    %assign/vec4 v000001b932192c80_0, 0;
T_65.15 ;
    %jmp T_65.8;
T_65.4 ;
    %pushi/vec4 1, 0, 1;
    %assign/vec4 v000001b932193040_0, 0;
    %load/vec4 v000001b932191d80_0;
    %addi 1, 0, 20;
    %assign/vec4 v000001b932191d80_0, 0;
    %load/vec4 v000001b932191d80_0;
    %cmpi/u 50, 0, 20;
    %flag_inv 5; GE is !LT
    %jmp/0xz  T_65.17, 5;
    %pushi/vec4 0, 0, 20;
    %assign/vec4 v000001b932191d80_0, 0;
    %pushi/vec4 3, 0, 3;
    %assign/vec4 v000001b932192c80_0, 0;
T_65.17 ;
    %jmp T_65.8;
T_65.5 ;
    %pushi/vec4 0, 0, 1;
    %assign/vec4 v000001b932193040_0, 0;
    %load/vec4 v000001b932191d80_0;
    %addi 1, 0, 20;
    %assign/vec4 v000001b932191d80_0, 0;
    %load/vec4 v000001b932191d80_0;
    %cmpi/u 10, 0, 20;
    %flag_inv 5; GE is !LT
    %jmp/0xz  T_65.19, 5;
    %pushi/vec4 0, 0, 20;
    %assign/vec4 v000001b932191d80_0, 0;
    %pushi/vec4 4, 0, 3;
    %assign/vec4 v000001b932192c80_0, 0;
T_65.19 ;
    %jmp T_65.8;
T_65.6 ;
    %load/vec4 v000001b932191d80_0;
    %addi 1, 0, 20;
    %assign/vec4 v000001b932191d80_0, 0;
    %load/vec4 v000001b932191d80_0;
    %cmpi/u 5000, 0, 20;
    %flag_inv 5; GE is !LT
    %jmp/0xz  T_65.21, 5;
    %pushi/vec4 0, 0, 20;
    %assign/vec4 v000001b932191d80_0, 0;
    %pushi/vec4 0, 0, 3;
    %assign/vec4 v000001b932192c80_0, 0;
T_65.21 ;
    %jmp T_65.8;
T_65.8 ;
    %pop/vec4 1;
T_65.1 ;
    %jmp T_65;
    .thread T_65;
    .scope S_000001b932199d80;
T_66 ;
    %wait E_000001b9320ddfd0;
    %load/vec4 v000001b932192500_0;
    %dup/vec4;
    %pushi/vec4 0, 0, 2;
    %cmp/u;
    %jmp/1 T_66.0, 6;
    %dup/vec4;
    %pushi/vec4 1, 0, 2;
    %cmp/u;
    %jmp/1 T_66.1, 6;
    %pushi/vec4 0, 0, 32;
    %store/vec4 v000001b9321925a0_0, 0, 32;
    %jmp T_66.3;
T_66.0 ;
    %pushi/vec4 0, 0, 24;
    %load/vec4 v000001b932191ba0_0;
    %concat/vec4; draw_concat_vec4
    %concati/vec4 0, 0, 5;
    %load/vec4 v000001b932192640_0;
    %concat/vec4; draw_concat_vec4
    %load/vec4 v000001b932192a00_0;
    %concat/vec4; draw_concat_vec4
    %store/vec4 v000001b9321925a0_0, 0, 32;
    %jmp T_66.3;
T_66.1 ;
    %pushi/vec4 0, 0, 24;
    %load/vec4 v000001b932192f00_0;
    %concat/vec4; draw_concat_vec4
    %store/vec4 v000001b9321925a0_0, 0, 32;
    %jmp T_66.3;
T_66.3 ;
    %pop/vec4 1;
    %jmp T_66;
    .thread T_66, $push;
    .scope S_000001b93219a0a0;
T_67 ;
    %pushi/vec4 174, 0, 8;
    %ix/load 4, 0, 0;
    %flag_set/imm 4, 0;
    %store/vec4a v000001b932197140, 4, 0;
    %pushi/vec4 213, 0, 8;
    %ix/load 4, 1, 0;
    %flag_set/imm 4, 0;
    %store/vec4a v000001b932197140, 4, 0;
    %pushi/vec4 128, 0, 8;
    %ix/load 4, 2, 0;
    %flag_set/imm 4, 0;
    %store/vec4a v000001b932197140, 4, 0;
    %pushi/vec4 168, 0, 8;
    %ix/load 4, 3, 0;
    %flag_set/imm 4, 0;
    %store/vec4a v000001b932197140, 4, 0;
    %pushi/vec4 63, 0, 8;
    %ix/load 4, 4, 0;
    %flag_set/imm 4, 0;
    %store/vec4a v000001b932197140, 4, 0;
    %pushi/vec4 211, 0, 8;
    %ix/load 4, 5, 0;
    %flag_set/imm 4, 0;
    %store/vec4a v000001b932197140, 4, 0;
    %pushi/vec4 0, 0, 8;
    %ix/load 4, 6, 0;
    %flag_set/imm 4, 0;
    %store/vec4a v000001b932197140, 4, 0;
    %pushi/vec4 64, 0, 8;
    %ix/load 4, 7, 0;
    %flag_set/imm 4, 0;
    %store/vec4a v000001b932197140, 4, 0;
    %pushi/vec4 141, 0, 8;
    %ix/load 4, 8, 0;
    %flag_set/imm 4, 0;
    %store/vec4a v000001b932197140, 4, 0;
    %pushi/vec4 20, 0, 8;
    %ix/load 4, 9, 0;
    %flag_set/imm 4, 0;
    %store/vec4a v000001b932197140, 4, 0;
    %pushi/vec4 32, 0, 8;
    %ix/load 4, 10, 0;
    %flag_set/imm 4, 0;
    %store/vec4a v000001b932197140, 4, 0;
    %pushi/vec4 0, 0, 8;
    %ix/load 4, 11, 0;
    %flag_set/imm 4, 0;
    %store/vec4a v000001b932197140, 4, 0;
    %pushi/vec4 161, 0, 8;
    %ix/load 4, 12, 0;
    %flag_set/imm 4, 0;
    %store/vec4a v000001b932197140, 4, 0;
    %pushi/vec4 200, 0, 8;
    %ix/load 4, 13, 0;
    %flag_set/imm 4, 0;
    %store/vec4a v000001b932197140, 4, 0;
    %pushi/vec4 175, 0, 8;
    %ix/load 4, 14, 0;
    %flag_set/imm 4, 0;
    %store/vec4a v000001b932197140, 4, 0;
    %end;
    .thread T_67;
    .scope S_000001b93219a0a0;
T_68 ;
    %wait E_000001b9320ddd10;
    %load/vec4 v000001b932196c40_0;
    %nor/r;
    %flag_set/vec4 8;
    %jmp/0xz  T_68.0, 8;
    %pushi/vec4 0, 0, 4;
    %assign/vec4 v000001b932196ec0_0, 0;
    %pushi/vec4 0, 0, 1;
    %assign/vec4 v000001b932197500_0, 0;
    %pushi/vec4 0, 0, 1;
    %assign/vec4 v000001b932197be0_0, 0;
    %pushi/vec4 0, 0, 4;
    %assign/vec4 v000001b932196380_0, 0;
    %pushi/vec4 0, 0, 16;
    %assign/vec4 v000001b9321980e0_0, 0;
    %pushi/vec4 0, 0, 1;
    %assign/vec4 v000001b932196420_0, 0;
    %pushi/vec4 0, 0, 1;
    %assign/vec4 v000001b932196240_0, 0;
    %pushi/vec4 0, 0, 1;
    %assign/vec4 v000001b932196740_0, 0;
    %pushi/vec4 0, 0, 1;
    %assign/vec4 v000001b932197820_0, 0;
    %pushi/vec4 0, 0, 8;
    %assign/vec4 v000001b932197960_0, 0;
    %pushi/vec4 0, 0, 8;
    %assign/vec4 v000001b932198040_0, 0;
    %pushi/vec4 0, 0, 8;
    %assign/vec4 v000001b932196f60_0, 0;
    %jmp T_68.1;
T_68.0 ;
    %load/vec4 v000001b932196880_0;
    %flag_set/vec4 9;
    %flag_get/vec4 9;
    %jmp/0 T_68.4, 9;
    %load/vec4 v000001b932196ec0_0;
    %pushi/vec4 0, 0, 4;
    %cmp/e;
    %flag_get/vec4 4;
    %and;
T_68.4;
    %flag_set/vec4 8;
    %jmp/0xz  T_68.2, 8;
    %load/vec4 v000001b9321962e0_0;
    %dup/vec4;
    %pushi/vec4 0, 0, 2;
    %cmp/u;
    %jmp/1 T_68.5, 6;
    %dup/vec4;
    %pushi/vec4 1, 0, 2;
    %cmp/u;
    %jmp/1 T_68.6, 6;
    %dup/vec4;
    %pushi/vec4 2, 0, 2;
    %cmp/u;
    %jmp/1 T_68.7, 6;
    %jmp T_68.8;
T_68.5 ;
    %load/vec4 v000001b9321984a0_0;
    %parti/s 1, 0, 2;
    %assign/vec4 v000001b932196740_0, 0;
    %load/vec4 v000001b9321984a0_0;
    %parti/s 1, 1, 2;
    %assign/vec4 v000001b932197820_0, 0;
    %jmp T_68.8;
T_68.6 ;
    %load/vec4 v000001b9321984a0_0;
    %parti/s 8, 0, 2;
    %assign/vec4 v000001b932196f60_0, 0;
    %pushi/vec4 1, 0, 4;
    %assign/vec4 v000001b932196ec0_0, 0;
    %pushi/vec4 1, 0, 1;
    %assign/vec4 v000001b932196240_0, 0;
    %pushi/vec4 6, 0, 4;
    %assign/vec4 v000001b932197280_0, 0;
    %jmp T_68.8;
T_68.7 ;
    %load/vec4 v000001b9321984a0_0;
    %parti/s 8, 0, 2;
    %assign/vec4 v000001b932196f60_0, 0;
    %pushi/vec4 1, 0, 4;
    %assign/vec4 v000001b932196ec0_0, 0;
    %pushi/vec4 1, 0, 1;
    %assign/vec4 v000001b932196240_0, 0;
    %pushi/vec4 4, 0, 4;
    %assign/vec4 v000001b932197280_0, 0;
    %jmp T_68.8;
T_68.8 ;
    %pop/vec4 1;
T_68.2 ;
    %load/vec4 v000001b932196740_0;
    %flag_set/vec4 9;
    %flag_get/vec4 9;
    %jmp/0 T_68.11, 9;
    %load/vec4 v000001b932196ec0_0;
    %pushi/vec4 0, 0, 4;
    %cmp/e;
    %flag_get/vec4 4;
    %and;
T_68.11;
    %flag_set/vec4 8;
    %jmp/0xz  T_68.9, 8;
    %pushi/vec4 0, 0, 8;
    %assign/vec4 v000001b932197960_0, 0;
    %pushi/vec4 10, 0, 4;
    %assign/vec4 v000001b932196ec0_0, 0;
    %pushi/vec4 1, 0, 1;
    %assign/vec4 v000001b932196240_0, 0;
    %pushi/vec4 0, 0, 1;
    %assign/vec4 v000001b932196740_0, 0;
T_68.9 ;
    %load/vec4 v000001b932196ec0_0;
    %cmpi/ne 0, 0, 4;
    %flag_get/vec4 4;
    %jmp/0 T_68.14, 4;
    %load/vec4 v000001b932196ec0_0;
    %pushi/vec4 10, 0, 4;
    %cmp/ne;
    %flag_get/vec4 4;
    %and;
T_68.14;
    %flag_set/vec4 8;
    %jmp/0xz  T_68.12, 8;
    %load/vec4 v000001b9321980e0_0;
    %cmpi/u 125, 0, 16;
    %flag_inv 5; GE is !LT
    %jmp/0xz  T_68.15, 5;
    %pushi/vec4 0, 0, 16;
    %assign/vec4 v000001b9321980e0_0, 0;
    %load/vec4 v000001b932196420_0;
    %inv;
    %assign/vec4 v000001b932196420_0, 0;
    %jmp T_68.16;
T_68.15 ;
    %load/vec4 v000001b9321980e0_0;
    %addi 1, 0, 16;
    %assign/vec4 v000001b9321980e0_0, 0;
T_68.16 ;
T_68.12 ;
    %load/vec4 v000001b932196ec0_0;
    %dup/vec4;
    %pushi/vec4 10, 0, 4;
    %cmp/u;
    %jmp/1 T_68.17, 6;
    %dup/vec4;
    %pushi/vec4 1, 0, 4;
    %cmp/u;
    %jmp/1 T_68.18, 6;
    %dup/vec4;
    %pushi/vec4 2, 0, 4;
    %cmp/u;
    %jmp/1 T_68.19, 6;
    %dup/vec4;
    %pushi/vec4 3, 0, 4;
    %cmp/u;
    %jmp/1 T_68.20, 6;
    %dup/vec4;
    %pushi/vec4 4, 0, 4;
    %cmp/u;
    %jmp/1 T_68.21, 6;
    %dup/vec4;
    %pushi/vec4 5, 0, 4;
    %cmp/u;
    %jmp/1 T_68.22, 6;
    %dup/vec4;
    %pushi/vec4 6, 0, 4;
    %cmp/u;
    %jmp/1 T_68.23, 6;
    %dup/vec4;
    %pushi/vec4 7, 0, 4;
    %cmp/u;
    %jmp/1 T_68.24, 6;
    %dup/vec4;
    %pushi/vec4 8, 0, 4;
    %cmp/u;
    %jmp/1 T_68.25, 6;
    %dup/vec4;
    %pushi/vec4 9, 0, 4;
    %cmp/u;
    %jmp/1 T_68.26, 6;
    %pushi/vec4 0, 0, 4;
    %assign/vec4 v000001b932196ec0_0, 0;
    %jmp T_68.28;
T_68.17 ;
    %load/vec4 v000001b932197960_0;
    %pad/u 32;
    %cmpi/u 15, 0, 32;
    %jmp/0xz  T_68.29, 5;
    %ix/getv 4, v000001b932197960_0;
    %load/vec4a v000001b932197140, 4;
    %assign/vec4 v000001b932196f60_0, 0;
    %pushi/vec4 1, 0, 4;
    %assign/vec4 v000001b932196ec0_0, 0;
    %pushi/vec4 4, 0, 4;
    %assign/vec4 v000001b932197280_0, 0;
    %load/vec4 v000001b932197960_0;
    %addi 1, 0, 8;
    %assign/vec4 v000001b932197960_0, 0;
    %jmp T_68.30;
T_68.29 ;
    %pushi/vec4 0, 0, 4;
    %assign/vec4 v000001b932196ec0_0, 0;
    %pushi/vec4 0, 0, 1;
    %assign/vec4 v000001b932196240_0, 0;
T_68.30 ;
    %jmp T_68.28;
T_68.18 ;
    %load/vec4 v000001b932196420_0;
    %nor/r;
    %flag_set/vec4 8;
    %jmp/0xz  T_68.31, 8;
    %pushi/vec4 1, 0, 1;
    %assign/vec4 v000001b932197be0_0, 0;
    %pushi/vec4 1, 0, 1;
    %assign/vec4 v000001b932197500_0, 0;
    %pushi/vec4 7, 0, 4;
    %assign/vec4 v000001b932196380_0, 0;
    %pushi/vec4 2, 0, 4;
    %assign/vec4 v000001b932196ec0_0, 0;
T_68.31 ;
    %jmp T_68.28;
T_68.19 ;
    %load/vec4 v000001b932196420_0;
    %nor/r;
    %flag_set/vec4 8;
    %jmp/0xz  T_68.33, 8;
    %pushi/vec4 120, 0, 8;
    %ix/getv 4, v000001b932196380_0;
    %shiftr 4;
    %pushi/vec4 1, 0, 8;
    %and;
    %inv;
    %pad/u 1;
    %assign/vec4 v000001b932197be0_0, 0;
    %jmp T_68.34;
T_68.33 ;
    %pushi/vec4 0, 0, 1;
    %assign/vec4 v000001b932197500_0, 0;
    %load/vec4 v000001b9321980e0_0;
    %cmpi/e 125, 0, 16;
    %jmp/0xz  T_68.35, 4;
    %pushi/vec4 1, 0, 1;
    %assign/vec4 v000001b932197500_0, 0;
    %load/vec4 v000001b932196380_0;
    %pad/u 32;
    %cmpi/e 0, 0, 32;
    %jmp/0xz  T_68.37, 4;
    %pushi/vec4 3, 0, 4;
    %assign/vec4 v000001b932196ec0_0, 0;
    %jmp T_68.38;
T_68.37 ;
    %load/vec4 v000001b932196380_0;
    %subi 1, 0, 4;
    %assign/vec4 v000001b932196380_0, 0;
T_68.38 ;
T_68.35 ;
T_68.34 ;
    %jmp T_68.28;
T_68.20 ;
    %load/vec4 v000001b932196420_0;
    %nor/r;
    %flag_set/vec4 8;
    %jmp/0xz  T_68.39, 8;
    %pushi/vec4 0, 0, 1;
    %assign/vec4 v000001b932197be0_0, 0;
    %jmp T_68.40;
T_68.39 ;
    %pushi/vec4 0, 0, 1;
    %assign/vec4 v000001b932197500_0, 0;
    %load/vec4 v000001b9321980e0_0;
    %cmpi/e 125, 0, 16;
    %jmp/0xz  T_68.41, 4;
    %pushi/vec4 1, 0, 1;
    %assign/vec4 v000001b932197500_0, 0;
    %pushi/vec4 7, 0, 4;
    %assign/vec4 v000001b932196380_0, 0;
    %load/vec4 v000001b932197280_0;
    %assign/vec4 v000001b932196ec0_0, 0;
T_68.41 ;
T_68.40 ;
    %jmp T_68.28;
T_68.21 ;
    %load/vec4 v000001b932196420_0;
    %nor/r;
    %flag_set/vec4 8;
    %jmp/0xz  T_68.43, 8;
    %pushi/vec4 0, 0, 8;
    %ix/getv 4, v000001b932196380_0;
    %shiftr 4;
    %pushi/vec4 1, 0, 8;
    %and;
    %inv;
    %pad/u 1;
    %assign/vec4 v000001b932197be0_0, 0;
    %jmp T_68.44;
T_68.43 ;
    %pushi/vec4 0, 0, 1;
    %assign/vec4 v000001b932197500_0, 0;
    %load/vec4 v000001b9321980e0_0;
    %cmpi/e 125, 0, 16;
    %jmp/0xz  T_68.45, 4;
    %pushi/vec4 1, 0, 1;
    %assign/vec4 v000001b932197500_0, 0;
    %load/vec4 v000001b932196380_0;
    %pad/u 32;
    %cmpi/e 0, 0, 32;
    %jmp/0xz  T_68.47, 4;
    %pushi/vec4 5, 0, 4;
    %assign/vec4 v000001b932196ec0_0, 0;
    %jmp T_68.48;
T_68.47 ;
    %load/vec4 v000001b932196380_0;
    %subi 1, 0, 4;
    %assign/vec4 v000001b932196380_0, 0;
T_68.48 ;
T_68.45 ;
T_68.44 ;
    %jmp T_68.28;
T_68.22 ;
    %load/vec4 v000001b932196420_0;
    %nor/r;
    %flag_set/vec4 8;
    %jmp/0xz  T_68.49, 8;
    %pushi/vec4 0, 0, 1;
    %assign/vec4 v000001b932197be0_0, 0;
    %jmp T_68.50;
T_68.49 ;
    %pushi/vec4 0, 0, 1;
    %assign/vec4 v000001b932197500_0, 0;
    %load/vec4 v000001b9321980e0_0;
    %cmpi/e 125, 0, 16;
    %jmp/0xz  T_68.51, 4;
    %pushi/vec4 1, 0, 1;
    %assign/vec4 v000001b932197500_0, 0;
    %pushi/vec4 7, 0, 4;
    %assign/vec4 v000001b932196380_0, 0;
    %pushi/vec4 6, 0, 4;
    %assign/vec4 v000001b932196ec0_0, 0;
T_68.51 ;
T_68.50 ;
    %jmp T_68.28;
T_68.23 ;
    %load/vec4 v000001b932196420_0;
    %nor/r;
    %flag_set/vec4 8;
    %jmp/0xz  T_68.53, 8;
    %load/vec4 v000001b932196f60_0;
    %ix/getv 4, v000001b932196380_0;
    %shiftr 4;
    %pushi/vec4 1, 0, 8;
    %and;
    %inv;
    %pad/u 1;
    %assign/vec4 v000001b932197be0_0, 0;
    %jmp T_68.54;
T_68.53 ;
    %pushi/vec4 0, 0, 1;
    %assign/vec4 v000001b932197500_0, 0;
    %load/vec4 v000001b9321980e0_0;
    %cmpi/e 125, 0, 16;
    %jmp/0xz  T_68.55, 4;
    %pushi/vec4 1, 0, 1;
    %assign/vec4 v000001b932197500_0, 0;
    %load/vec4 v000001b932196380_0;
    %pad/u 32;
    %cmpi/e 0, 0, 32;
    %jmp/0xz  T_68.57, 4;
    %pushi/vec4 7, 0, 4;
    %assign/vec4 v000001b932196ec0_0, 0;
    %jmp T_68.58;
T_68.57 ;
    %load/vec4 v000001b932196380_0;
    %subi 1, 0, 4;
    %assign/vec4 v000001b932196380_0, 0;
T_68.58 ;
T_68.55 ;
T_68.54 ;
    %jmp T_68.28;
T_68.24 ;
    %load/vec4 v000001b932196420_0;
    %nor/r;
    %flag_set/vec4 8;
    %jmp/0xz  T_68.59, 8;
    %pushi/vec4 0, 0, 1;
    %assign/vec4 v000001b932197be0_0, 0;
    %jmp T_68.60;
T_68.59 ;
    %pushi/vec4 0, 0, 1;
    %assign/vec4 v000001b932197500_0, 0;
    %load/vec4 v000001b9321980e0_0;
    %cmpi/e 125, 0, 16;
    %jmp/0xz  T_68.61, 4;
    %pushi/vec4 1, 0, 1;
    %assign/vec4 v000001b932197500_0, 0;
    %pushi/vec4 8, 0, 4;
    %assign/vec4 v000001b932196ec0_0, 0;
T_68.61 ;
T_68.60 ;
    %jmp T_68.28;
T_68.25 ;
    %load/vec4 v000001b932196420_0;
    %nor/r;
    %flag_set/vec4 8;
    %jmp/0xz  T_68.63, 8;
    %pushi/vec4 1, 0, 1;
    %assign/vec4 v000001b932197be0_0, 0;
    %jmp T_68.64;
T_68.63 ;
    %pushi/vec4 0, 0, 1;
    %assign/vec4 v000001b932197500_0, 0;
    %load/vec4 v000001b9321980e0_0;
    %cmpi/e 125, 0, 16;
    %jmp/0xz  T_68.65, 4;
    %pushi/vec4 0, 0, 1;
    %assign/vec4 v000001b932197be0_0, 0;
    %pushi/vec4 9, 0, 4;
    %assign/vec4 v000001b932196ec0_0, 0;
T_68.65 ;
T_68.64 ;
    %jmp T_68.28;
T_68.26 ;
    %load/vec4 v000001b932197960_0;
    %pad/u 32;
    %cmpi/u 0, 0, 32;
    %flag_or 5, 4; GT is !LE
    %flag_inv 5;
    %flag_get/vec4 5;
    %jmp/0 T_68.69, 5;
    %load/vec4 v000001b932197960_0;
    %pad/u 32;
    %cmpi/u 15, 0, 32;
    %flag_get/vec4 5;
    %and;
T_68.69;
    %flag_set/vec4 8;
    %jmp/0xz  T_68.67, 8;
    %pushi/vec4 10, 0, 4;
    %assign/vec4 v000001b932196ec0_0, 0;
    %jmp T_68.68;
T_68.67 ;
    %pushi/vec4 0, 0, 4;
    %assign/vec4 v000001b932196ec0_0, 0;
    %pushi/vec4 0, 0, 1;
    %assign/vec4 v000001b932196240_0, 0;
T_68.68 ;
    %jmp T_68.28;
T_68.28 ;
    %pop/vec4 1;
T_68.1 ;
    %jmp T_68;
    .thread T_68;
    .scope S_000001b93219a0a0;
T_69 ;
    %wait E_000001b9320dde90;
    %load/vec4 v000001b9321962e0_0;
    %dup/vec4;
    %pushi/vec4 0, 0, 2;
    %cmp/u;
    %jmp/1 T_69.0, 6;
    %pushi/vec4 0, 0, 32;
    %store/vec4 v000001b9321967e0_0, 0, 32;
    %jmp T_69.2;
T_69.0 ;
    %pushi/vec4 0, 0, 24;
    %load/vec4 v000001b932196240_0;
    %concat/vec4; draw_concat_vec4
    %concati/vec4 0, 0, 5;
    %load/vec4 v000001b932197820_0;
    %concat/vec4; draw_concat_vec4
    %load/vec4 v000001b932196740_0;
    %concat/vec4; draw_concat_vec4
    %store/vec4 v000001b9321967e0_0, 0, 32;
    %jmp T_69.2;
T_69.2 ;
    %pop/vec4 1;
    %jmp T_69;
    .thread T_69, $push;
    .scope S_000001b93216fd70;
T_70 ;
    %wait E_000001b9320ddb10;
    %load/vec4 v000001b93217c910_0;
    %nor/r;
    %flag_set/vec4 8;
    %jmp/0xz  T_70.0, 8;
    %pushi/vec4 0, 0, 4;
    %assign/vec4 v000001b93217ba10_0, 0;
    %pushi/vec4 0, 0, 1;
    %assign/vec4 v000001b93217b6f0_0, 0;
    %pushi/vec4 0, 0, 1;
    %assign/vec4 v000001b93217b790_0, 0;
    %pushi/vec4 0, 0, 4;
    %assign/vec4 v000001b93217aed0_0, 0;
    %pushi/vec4 0, 0, 16;
    %assign/vec4 v000001b93217b0b0_0, 0;
    %pushi/vec4 0, 0, 1;
    %assign/vec4 v000001b932179350_0, 0;
    %pushi/vec4 0, 0, 1;
    %assign/vec4 v000001b93217af70_0, 0;
    %pushi/vec4 0, 0, 8;
    %assign/vec4 v000001b93217b290_0, 0;
    %pushi/vec4 0, 0, 8;
    %assign/vec4 v000001b932179490_0, 0;
    %pushi/vec4 0, 0, 8;
    %assign/vec4 v000001b932179b70_0, 0;
    %pushi/vec4 0, 0, 8;
    %assign/vec4 v000001b932179710_0, 0;
    %pushi/vec4 0, 0, 1;
    %assign/vec4 v000001b9321797b0_0, 0;
    %pushi/vec4 0, 0, 1;
    %assign/vec4 v000001b93217bd30_0, 0;
    %jmp T_70.1;
T_70.0 ;
    %load/vec4 v000001b93217caf0_0;
    %flag_set/vec4 9;
    %flag_get/vec4 9;
    %jmp/0 T_70.4, 9;
    %load/vec4 v000001b93217ba10_0;
    %pushi/vec4 0, 0, 4;
    %cmp/e;
    %flag_get/vec4 4;
    %and;
T_70.4;
    %flag_set/vec4 8;
    %jmp/0xz  T_70.2, 8;
    %load/vec4 v000001b932179850_0;
    %dup/vec4;
    %pushi/vec4 0, 0, 2;
    %cmp/u;
    %jmp/1 T_70.5, 6;
    %dup/vec4;
    %pushi/vec4 1, 0, 2;
    %cmp/u;
    %jmp/1 T_70.6, 6;
    %dup/vec4;
    %pushi/vec4 2, 0, 2;
    %cmp/u;
    %jmp/1 T_70.7, 6;
    %dup/vec4;
    %pushi/vec4 3, 0, 2;
    %cmp/u;
    %jmp/1 T_70.8, 6;
    %jmp T_70.9;
T_70.5 ;
    %load/vec4 v000001b93217ca50_0;
    %parti/s 1, 0, 2;
    %assign/vec4 v000001b9321797b0_0, 0;
    %load/vec4 v000001b93217ca50_0;
    %parti/s 1, 1, 2;
    %assign/vec4 v000001b93217bd30_0, 0;
    %jmp T_70.9;
T_70.6 ;
    %load/vec4 v000001b93217ca50_0;
    %parti/s 8, 0, 2;
    %assign/vec4 v000001b93217b290_0, 0;
    %jmp T_70.9;
T_70.7 ;
    %load/vec4 v000001b93217ca50_0;
    %parti/s 8, 0, 2;
    %assign/vec4 v000001b932179490_0, 0;
    %jmp T_70.9;
T_70.8 ;
    %load/vec4 v000001b93217ca50_0;
    %parti/s 8, 0, 2;
    %assign/vec4 v000001b932179b70_0, 0;
    %jmp T_70.9;
T_70.9 ;
    %pop/vec4 1;
T_70.2 ;
    %load/vec4 v000001b93217ba10_0;
    %cmpi/e 0, 0, 4;
    %flag_get/vec4 4;
    %jmp/0 T_70.12, 4;
    %load/vec4 v000001b9321797b0_0;
    %flag_set/vec4 9;
    %flag_get/vec4 9;
    %jmp/1 T_70.13, 9;
    %load/vec4 v000001b93217bd30_0;
    %or;
T_70.13;
    %and;
T_70.12;
    %flag_set/vec4 8;
    %jmp/0xz  T_70.10, 8;
    %pushi/vec4 1, 0, 1;
    %assign/vec4 v000001b93217af70_0, 0;
    %pushi/vec4 1, 0, 4;
    %assign/vec4 v000001b93217ba10_0, 0;
    %pushi/vec4 0, 0, 16;
    %assign/vec4 v000001b93217b0b0_0, 0;
    %pushi/vec4 0, 0, 1;
    %assign/vec4 v000001b932179350_0, 0;
T_70.10 ;
    %load/vec4 v000001b93217ba10_0;
    %cmpi/ne 0, 0, 4;
    %jmp/0xz  T_70.14, 4;
    %load/vec4 v000001b93217b0b0_0;
    %cmpi/u 500, 0, 16;
    %flag_inv 5; GE is !LT
    %jmp/0xz  T_70.16, 5;
    %pushi/vec4 0, 0, 16;
    %assign/vec4 v000001b93217b0b0_0, 0;
    %load/vec4 v000001b932179350_0;
    %inv;
    %assign/vec4 v000001b932179350_0, 0;
    %jmp T_70.17;
T_70.16 ;
    %load/vec4 v000001b93217b0b0_0;
    %addi 1, 0, 16;
    %assign/vec4 v000001b93217b0b0_0, 0;
T_70.17 ;
T_70.14 ;
    %load/vec4 v000001b93217ba10_0;
    %dup/vec4;
    %pushi/vec4 1, 0, 4;
    %cmp/u;
    %jmp/1 T_70.18, 6;
    %dup/vec4;
    %pushi/vec4 2, 0, 4;
    %cmp/u;
    %jmp/1 T_70.19, 6;
    %dup/vec4;
    %pushi/vec4 3, 0, 4;
    %cmp/u;
    %jmp/1 T_70.20, 6;
    %dup/vec4;
    %pushi/vec4 4, 0, 4;
    %cmp/u;
    %jmp/1 T_70.21, 6;
    %dup/vec4;
    %pushi/vec4 5, 0, 4;
    %cmp/u;
    %jmp/1 T_70.22, 6;
    %dup/vec4;
    %pushi/vec4 6, 0, 4;
    %cmp/u;
    %jmp/1 T_70.23, 6;
    %dup/vec4;
    %pushi/vec4 7, 0, 4;
    %cmp/u;
    %jmp/1 T_70.24, 6;
    %dup/vec4;
    %pushi/vec4 8, 0, 4;
    %cmp/u;
    %jmp/1 T_70.25, 6;
    %dup/vec4;
    %pushi/vec4 9, 0, 4;
    %cmp/u;
    %jmp/1 T_70.26, 6;
    %dup/vec4;
    %pushi/vec4 10, 0, 4;
    %cmp/u;
    %jmp/1 T_70.27, 6;
    %dup/vec4;
    %pushi/vec4 11, 0, 4;
    %cmp/u;
    %jmp/1 T_70.28, 6;
    %dup/vec4;
    %pushi/vec4 12, 0, 4;
    %cmp/u;
    %jmp/1 T_70.29, 6;
    %dup/vec4;
    %pushi/vec4 13, 0, 4;
    %cmp/u;
    %jmp/1 T_70.30, 6;
    %dup/vec4;
    %pushi/vec4 14, 0, 4;
    %cmp/u;
    %jmp/1 T_70.31, 6;
    %dup/vec4;
    %pushi/vec4 15, 0, 4;
    %cmp/u;
    %jmp/1 T_70.32, 6;
    %pushi/vec4 0, 0, 4;
    %assign/vec4 v000001b93217ba10_0, 0;
    %jmp T_70.34;
T_70.18 ;
    %load/vec4 v000001b932179350_0;
    %nor/r;
    %flag_set/vec4 8;
    %jmp/0xz  T_70.35, 8;
    %pushi/vec4 1, 0, 1;
    %assign/vec4 v000001b93217b790_0, 0;
    %pushi/vec4 1, 0, 1;
    %assign/vec4 v000001b93217b6f0_0, 0;
    %pushi/vec4 7, 0, 4;
    %assign/vec4 v000001b93217aed0_0, 0;
    %pushi/vec4 2, 0, 4;
    %assign/vec4 v000001b93217ba10_0, 0;
T_70.35 ;
    %jmp T_70.34;
T_70.19 ;
    %load/vec4 v000001b932179350_0;
    %nor/r;
    %flag_set/vec4 8;
    %jmp/0xz  T_70.37, 8;
    %pushi/vec4 160, 0, 8;
    %ix/getv 4, v000001b93217aed0_0;
    %shiftr 4;
    %pushi/vec4 1, 0, 8;
    %and;
    %inv;
    %pad/u 1;
    %assign/vec4 v000001b93217b790_0, 0;
    %jmp T_70.38;
T_70.37 ;
    %pushi/vec4 0, 0, 1;
    %assign/vec4 v000001b93217b6f0_0, 0;
    %load/vec4 v000001b93217b0b0_0;
    %cmpi/e 500, 0, 16;
    %jmp/0xz  T_70.39, 4;
    %pushi/vec4 1, 0, 1;
    %assign/vec4 v000001b93217b6f0_0, 0;
    %load/vec4 v000001b93217aed0_0;
    %pad/u 32;
    %cmpi/e 0, 0, 32;
    %jmp/0xz  T_70.41, 4;
    %pushi/vec4 3, 0, 4;
    %assign/vec4 v000001b93217ba10_0, 0;
    %jmp T_70.42;
T_70.41 ;
    %load/vec4 v000001b93217aed0_0;
    %subi 1, 0, 4;
    %assign/vec4 v000001b93217aed0_0, 0;
T_70.42 ;
T_70.39 ;
T_70.38 ;
    %jmp T_70.34;
T_70.20 ;
    %load/vec4 v000001b932179350_0;
    %nor/r;
    %flag_set/vec4 8;
    %jmp/0xz  T_70.43, 8;
    %pushi/vec4 0, 0, 1;
    %assign/vec4 v000001b93217b790_0, 0;
    %jmp T_70.44;
T_70.43 ;
    %pushi/vec4 0, 0, 1;
    %assign/vec4 v000001b93217b6f0_0, 0;
    %load/vec4 v000001b93217b0b0_0;
    %cmpi/e 500, 0, 16;
    %jmp/0xz  T_70.45, 4;
    %pushi/vec4 1, 0, 1;
    %assign/vec4 v000001b93217b6f0_0, 0;
    %pushi/vec4 7, 0, 4;
    %assign/vec4 v000001b93217aed0_0, 0;
    %pushi/vec4 4, 0, 4;
    %assign/vec4 v000001b93217ba10_0, 0;
T_70.45 ;
T_70.44 ;
    %jmp T_70.34;
T_70.21 ;
    %load/vec4 v000001b932179350_0;
    %nor/r;
    %flag_set/vec4 8;
    %jmp/0xz  T_70.47, 8;
    %load/vec4 v000001b93217b290_0;
    %ix/getv 4, v000001b93217aed0_0;
    %shiftr 4;
    %pushi/vec4 1, 0, 8;
    %and;
    %inv;
    %pad/u 1;
    %assign/vec4 v000001b93217b790_0, 0;
    %jmp T_70.48;
T_70.47 ;
    %pushi/vec4 0, 0, 1;
    %assign/vec4 v000001b93217b6f0_0, 0;
    %load/vec4 v000001b93217b0b0_0;
    %cmpi/e 500, 0, 16;
    %jmp/0xz  T_70.49, 4;
    %pushi/vec4 1, 0, 1;
    %assign/vec4 v000001b93217b6f0_0, 0;
    %load/vec4 v000001b93217aed0_0;
    %pad/u 32;
    %cmpi/e 0, 0, 32;
    %jmp/0xz  T_70.51, 4;
    %pushi/vec4 5, 0, 4;
    %assign/vec4 v000001b93217ba10_0, 0;
    %jmp T_70.52;
T_70.51 ;
    %load/vec4 v000001b93217aed0_0;
    %subi 1, 0, 4;
    %assign/vec4 v000001b93217aed0_0, 0;
T_70.52 ;
T_70.49 ;
T_70.48 ;
    %jmp T_70.34;
T_70.22 ;
    %load/vec4 v000001b932179350_0;
    %nor/r;
    %flag_set/vec4 8;
    %jmp/0xz  T_70.53, 8;
    %pushi/vec4 0, 0, 1;
    %assign/vec4 v000001b93217b790_0, 0;
    %jmp T_70.54;
T_70.53 ;
    %pushi/vec4 0, 0, 1;
    %assign/vec4 v000001b93217b6f0_0, 0;
    %load/vec4 v000001b93217b0b0_0;
    %cmpi/e 500, 0, 16;
    %jmp/0xz  T_70.55, 4;
    %pushi/vec4 1, 0, 1;
    %assign/vec4 v000001b93217b6f0_0, 0;
    %pushi/vec4 7, 0, 4;
    %assign/vec4 v000001b93217aed0_0, 0;
    %pushi/vec4 6, 0, 4;
    %assign/vec4 v000001b93217ba10_0, 0;
T_70.55 ;
T_70.54 ;
    %jmp T_70.34;
T_70.23 ;
    %load/vec4 v000001b932179350_0;
    %nor/r;
    %flag_set/vec4 8;
    %jmp/0xz  T_70.57, 8;
    %load/vec4 v000001b932179490_0;
    %ix/getv 4, v000001b93217aed0_0;
    %shiftr 4;
    %pushi/vec4 1, 0, 8;
    %and;
    %inv;
    %pad/u 1;
    %assign/vec4 v000001b93217b790_0, 0;
    %jmp T_70.58;
T_70.57 ;
    %pushi/vec4 0, 0, 1;
    %assign/vec4 v000001b93217b6f0_0, 0;
    %load/vec4 v000001b93217b0b0_0;
    %cmpi/e 500, 0, 16;
    %jmp/0xz  T_70.59, 4;
    %pushi/vec4 1, 0, 1;
    %assign/vec4 v000001b93217b6f0_0, 0;
    %load/vec4 v000001b93217aed0_0;
    %pad/u 32;
    %cmpi/e 0, 0, 32;
    %jmp/0xz  T_70.61, 4;
    %pushi/vec4 7, 0, 4;
    %assign/vec4 v000001b93217ba10_0, 0;
    %jmp T_70.62;
T_70.61 ;
    %load/vec4 v000001b93217aed0_0;
    %subi 1, 0, 4;
    %assign/vec4 v000001b93217aed0_0, 0;
T_70.62 ;
T_70.59 ;
T_70.58 ;
    %jmp T_70.34;
T_70.24 ;
    %load/vec4 v000001b932179350_0;
    %nor/r;
    %flag_set/vec4 8;
    %jmp/0xz  T_70.63, 8;
    %pushi/vec4 0, 0, 1;
    %assign/vec4 v000001b93217b790_0, 0;
    %jmp T_70.64;
T_70.63 ;
    %pushi/vec4 0, 0, 1;
    %assign/vec4 v000001b93217b6f0_0, 0;
    %load/vec4 v000001b93217b0b0_0;
    %cmpi/e 500, 0, 16;
    %jmp/0xz  T_70.65, 4;
    %pushi/vec4 1, 0, 1;
    %assign/vec4 v000001b93217b6f0_0, 0;
    %pushi/vec4 7, 0, 4;
    %assign/vec4 v000001b93217aed0_0, 0;
    %load/vec4 v000001b93217bd30_0;
    %flag_set/vec4 8;
    %jmp/0xz  T_70.67, 8;
    %pushi/vec4 8, 0, 4;
    %assign/vec4 v000001b93217ba10_0, 0;
    %jmp T_70.68;
T_70.67 ;
    %pushi/vec4 10, 0, 4;
    %assign/vec4 v000001b93217ba10_0, 0;
T_70.68 ;
T_70.65 ;
T_70.64 ;
    %jmp T_70.34;
T_70.25 ;
    %load/vec4 v000001b932179350_0;
    %nor/r;
    %flag_set/vec4 8;
    %jmp/0xz  T_70.69, 8;
    %load/vec4 v000001b932179b70_0;
    %ix/getv 4, v000001b93217aed0_0;
    %shiftr 4;
    %pushi/vec4 1, 0, 8;
    %and;
    %inv;
    %pad/u 1;
    %assign/vec4 v000001b93217b790_0, 0;
    %jmp T_70.70;
T_70.69 ;
    %pushi/vec4 0, 0, 1;
    %assign/vec4 v000001b93217b6f0_0, 0;
    %load/vec4 v000001b93217b0b0_0;
    %cmpi/e 500, 0, 16;
    %jmp/0xz  T_70.71, 4;
    %pushi/vec4 1, 0, 1;
    %assign/vec4 v000001b93217b6f0_0, 0;
    %load/vec4 v000001b93217aed0_0;
    %pad/u 32;
    %cmpi/e 0, 0, 32;
    %jmp/0xz  T_70.73, 4;
    %pushi/vec4 9, 0, 4;
    %assign/vec4 v000001b93217ba10_0, 0;
    %jmp T_70.74;
T_70.73 ;
    %load/vec4 v000001b93217aed0_0;
    %subi 1, 0, 4;
    %assign/vec4 v000001b93217aed0_0, 0;
T_70.74 ;
T_70.71 ;
T_70.70 ;
    %jmp T_70.34;
T_70.26 ;
    %load/vec4 v000001b932179350_0;
    %nor/r;
    %flag_set/vec4 8;
    %jmp/0xz  T_70.75, 8;
    %pushi/vec4 0, 0, 1;
    %assign/vec4 v000001b93217b790_0, 0;
    %jmp T_70.76;
T_70.75 ;
    %pushi/vec4 0, 0, 1;
    %assign/vec4 v000001b93217b6f0_0, 0;
    %load/vec4 v000001b93217b0b0_0;
    %cmpi/e 500, 0, 16;
    %jmp/0xz  T_70.77, 4;
    %pushi/vec4 1, 0, 1;
    %assign/vec4 v000001b93217b6f0_0, 0;
    %pushi/vec4 0, 0, 1;
    %assign/vec4 v000001b93217bd30_0, 0;
    %pushi/vec4 15, 0, 4;
    %assign/vec4 v000001b93217ba10_0, 0;
T_70.77 ;
T_70.76 ;
    %jmp T_70.34;
T_70.27 ;
    %load/vec4 v000001b932179350_0;
    %nor/r;
    %flag_set/vec4 8;
    %jmp/0xz  T_70.79, 8;
    %pushi/vec4 0, 0, 1;
    %assign/vec4 v000001b93217b790_0, 0;
    %pushi/vec4 0, 0, 1;
    %assign/vec4 v000001b93217b6f0_0, 0;
    %jmp T_70.80;
T_70.79 ;
    %load/vec4 v000001b93217b0b0_0;
    %cmpi/e 500, 0, 16;
    %jmp/0xz  T_70.81, 4;
    %pushi/vec4 1, 0, 1;
    %assign/vec4 v000001b93217b790_0, 0;
    %pushi/vec4 1, 0, 1;
    %assign/vec4 v000001b93217b6f0_0, 0;
    %pushi/vec4 7, 0, 4;
    %assign/vec4 v000001b93217aed0_0, 0;
    %pushi/vec4 11, 0, 4;
    %assign/vec4 v000001b93217ba10_0, 0;
T_70.81 ;
T_70.80 ;
    %jmp T_70.34;
T_70.28 ;
    %load/vec4 v000001b932179350_0;
    %nor/r;
    %flag_set/vec4 8;
    %jmp/0xz  T_70.83, 8;
    %pushi/vec4 161, 0, 8;
    %ix/getv 4, v000001b93217aed0_0;
    %shiftr 4;
    %pushi/vec4 1, 0, 8;
    %and;
    %inv;
    %pad/u 1;
    %assign/vec4 v000001b93217b790_0, 0;
    %jmp T_70.84;
T_70.83 ;
    %pushi/vec4 0, 0, 1;
    %assign/vec4 v000001b93217b6f0_0, 0;
    %load/vec4 v000001b93217b0b0_0;
    %cmpi/e 500, 0, 16;
    %jmp/0xz  T_70.85, 4;
    %pushi/vec4 1, 0, 1;
    %assign/vec4 v000001b93217b6f0_0, 0;
    %load/vec4 v000001b93217aed0_0;
    %pad/u 32;
    %cmpi/e 0, 0, 32;
    %jmp/0xz  T_70.87, 4;
    %pushi/vec4 12, 0, 4;
    %assign/vec4 v000001b93217ba10_0, 0;
    %jmp T_70.88;
T_70.87 ;
    %load/vec4 v000001b93217aed0_0;
    %subi 1, 0, 4;
    %assign/vec4 v000001b93217aed0_0, 0;
T_70.88 ;
T_70.85 ;
T_70.84 ;
    %jmp T_70.34;
T_70.29 ;
    %load/vec4 v000001b932179350_0;
    %nor/r;
    %flag_set/vec4 8;
    %jmp/0xz  T_70.89, 8;
    %pushi/vec4 0, 0, 1;
    %assign/vec4 v000001b93217b790_0, 0;
    %jmp T_70.90;
T_70.89 ;
    %pushi/vec4 0, 0, 1;
    %assign/vec4 v000001b93217b6f0_0, 0;
    %load/vec4 v000001b93217b0b0_0;
    %cmpi/e 500, 0, 16;
    %jmp/0xz  T_70.91, 4;
    %pushi/vec4 1, 0, 1;
    %assign/vec4 v000001b93217b6f0_0, 0;
    %pushi/vec4 7, 0, 4;
    %assign/vec4 v000001b93217aed0_0, 0;
    %pushi/vec4 13, 0, 4;
    %assign/vec4 v000001b93217ba10_0, 0;
T_70.91 ;
T_70.90 ;
    %jmp T_70.34;
T_70.30 ;
    %load/vec4 v000001b932179350_0;
    %nor/r;
    %flag_set/vec4 8;
    %jmp/0xz  T_70.93, 8;
    %pushi/vec4 0, 0, 1;
    %assign/vec4 v000001b93217b790_0, 0;
    %jmp T_70.94;
T_70.93 ;
    %pushi/vec4 0, 0, 1;
    %assign/vec4 v000001b93217b6f0_0, 0;
    %load/vec4 v000001b93217b0b0_0;
    %cmpi/e 500, 0, 16;
    %jmp/0xz  T_70.95, 4;
    %load/vec4 v000001b93217bbf0_0;
    %ix/load 5, 0, 0;
    %ix/getv 4, v000001b93217aed0_0;
    %assign/vec4/off/d v000001b932179710_0, 4, 5;
    %pushi/vec4 1, 0, 1;
    %assign/vec4 v000001b93217b6f0_0, 0;
    %load/vec4 v000001b93217aed0_0;
    %pad/u 32;
    %cmpi/e 0, 0, 32;
    %jmp/0xz  T_70.97, 4;
    %pushi/vec4 14, 0, 4;
    %assign/vec4 v000001b93217ba10_0, 0;
    %jmp T_70.98;
T_70.97 ;
    %load/vec4 v000001b93217aed0_0;
    %subi 1, 0, 4;
    %assign/vec4 v000001b93217aed0_0, 0;
T_70.98 ;
T_70.95 ;
T_70.94 ;
    %jmp T_70.34;
T_70.31 ;
    %load/vec4 v000001b932179350_0;
    %nor/r;
    %flag_set/vec4 8;
    %jmp/0xz  T_70.99, 8;
    %pushi/vec4 1, 0, 1;
    %assign/vec4 v000001b93217b790_0, 0;
    %jmp T_70.100;
T_70.99 ;
    %pushi/vec4 0, 0, 1;
    %assign/vec4 v000001b93217b6f0_0, 0;
    %load/vec4 v000001b93217b0b0_0;
    %cmpi/e 500, 0, 16;
    %jmp/0xz  T_70.101, 4;
    %pushi/vec4 1, 0, 1;
    %assign/vec4 v000001b93217b6f0_0, 0;
    %pushi/vec4 0, 0, 1;
    %assign/vec4 v000001b9321797b0_0, 0;
    %pushi/vec4 15, 0, 4;
    %assign/vec4 v000001b93217ba10_0, 0;
T_70.101 ;
T_70.100 ;
    %jmp T_70.34;
T_70.32 ;
    %load/vec4 v000001b932179350_0;
    %nor/r;
    %flag_set/vec4 8;
    %jmp/0xz  T_70.103, 8;
    %pushi/vec4 1, 0, 1;
    %assign/vec4 v000001b93217b790_0, 0;
    %jmp T_70.104;
T_70.103 ;
    %pushi/vec4 0, 0, 1;
    %assign/vec4 v000001b93217b6f0_0, 0;
    %load/vec4 v000001b93217b0b0_0;
    %cmpi/e 500, 0, 16;
    %jmp/0xz  T_70.105, 4;
    %pushi/vec4 0, 0, 1;
    %assign/vec4 v000001b93217b790_0, 0;
    %pushi/vec4 0, 0, 4;
    %assign/vec4 v000001b93217ba10_0, 0;
    %pushi/vec4 0, 0, 1;
    %assign/vec4 v000001b93217af70_0, 0;
T_70.105 ;
T_70.104 ;
    %jmp T_70.34;
T_70.34 ;
    %pop/vec4 1;
T_70.1 ;
    %jmp T_70;
    .thread T_70;
    .scope S_000001b93216fd70;
T_71 ;
    %wait E_000001b9320dd550;
    %load/vec4 v000001b932179850_0;
    %dup/vec4;
    %pushi/vec4 0, 0, 2;
    %cmp/u;
    %jmp/1 T_71.0, 6;
    %dup/vec4;
    %pushi/vec4 1, 0, 2;
    %cmp/u;
    %jmp/1 T_71.1, 6;
    %dup/vec4;
    %pushi/vec4 2, 0, 2;
    %cmp/u;
    %jmp/1 T_71.2, 6;
    %dup/vec4;
    %pushi/vec4 3, 0, 2;
    %cmp/u;
    %jmp/1 T_71.3, 6;
    %pushi/vec4 0, 0, 32;
    %store/vec4 v000001b932179c10_0, 0, 32;
    %jmp T_71.5;
T_71.0 ;
    %pushi/vec4 0, 0, 24;
    %load/vec4 v000001b93217af70_0;
    %concat/vec4; draw_concat_vec4
    %concati/vec4 0, 0, 5;
    %load/vec4 v000001b93217bd30_0;
    %concat/vec4; draw_concat_vec4
    %load/vec4 v000001b9321797b0_0;
    %concat/vec4; draw_concat_vec4
    %store/vec4 v000001b932179c10_0, 0, 32;
    %jmp T_71.5;
T_71.1 ;
    %pushi/vec4 0, 0, 24;
    %load/vec4 v000001b93217b290_0;
    %concat/vec4; draw_concat_vec4
    %store/vec4 v000001b932179c10_0, 0, 32;
    %jmp T_71.5;
T_71.2 ;
    %pushi/vec4 0, 0, 24;
    %load/vec4 v000001b932179490_0;
    %concat/vec4; draw_concat_vec4
    %store/vec4 v000001b932179c10_0, 0, 32;
    %jmp T_71.5;
T_71.3 ;
    %pushi/vec4 0, 0, 24;
    %load/vec4 v000001b932179710_0;
    %concat/vec4; draw_concat_vec4
    %store/vec4 v000001b932179c10_0, 0, 32;
    %jmp T_71.5;
T_71.5 ;
    %pop/vec4 1;
    %jmp T_71;
    .thread T_71, $push;
    .scope S_000001b932199420;
T_72 ;
    %wait E_000001b9320de110;
    %load/vec4 v000001b93219cca0_0;
    %nor/r;
    %flag_set/vec4 8;
    %jmp/0xz  T_72.0, 8;
    %pushi/vec4 0, 0, 17;
    %assign/vec4 v000001b93219c520_0, 0;
    %pushi/vec4 0, 0, 2;
    %assign/vec4 v000001b93219c7a0_0, 0;
    %jmp T_72.1;
T_72.0 ;
    %load/vec4 v000001b93219c520_0;
    %cmpi/u 125000, 0, 17;
    %flag_inv 5; GE is !LT
    %jmp/0xz  T_72.2, 5;
    %pushi/vec4 0, 0, 17;
    %assign/vec4 v000001b93219c520_0, 0;
    %load/vec4 v000001b93219c7a0_0;
    %addi 1, 0, 2;
    %assign/vec4 v000001b93219c7a0_0, 0;
    %jmp T_72.3;
T_72.2 ;
    %load/vec4 v000001b93219c520_0;
    %addi 1, 0, 17;
    %assign/vec4 v000001b93219c520_0, 0;
T_72.3 ;
T_72.1 ;
    %jmp T_72;
    .thread T_72;
    .scope S_000001b932199420;
T_73 ;
    %wait E_000001b9320de310;
    %load/vec4 v000001b93219c7a0_0;
    %dup/vec4;
    %pushi/vec4 0, 0, 2;
    %cmp/u;
    %jmp/1 T_73.0, 6;
    %dup/vec4;
    %pushi/vec4 1, 0, 2;
    %cmp/u;
    %jmp/1 T_73.1, 6;
    %dup/vec4;
    %pushi/vec4 2, 0, 2;
    %cmp/u;
    %jmp/1 T_73.2, 6;
    %dup/vec4;
    %pushi/vec4 3, 0, 2;
    %cmp/u;
    %jmp/1 T_73.3, 6;
    %jmp T_73.4;
T_73.0 ;
    %load/vec4 v000001b93219b3a0_0;
    %parti/s 4, 0, 2;
    %store/vec4 v000001b93219af40_0, 0, 4;
    %load/vec4 v000001b93219cde0_0;
    %parti/s 1, 0, 2;
    %store/vec4 v000001b93219bda0_0, 0, 1;
    %jmp T_73.4;
T_73.1 ;
    %load/vec4 v000001b93219b3a0_0;
    %parti/s 4, 8, 5;
    %store/vec4 v000001b93219af40_0, 0, 4;
    %load/vec4 v000001b93219cde0_0;
    %parti/s 1, 1, 2;
    %store/vec4 v000001b93219bda0_0, 0, 1;
    %jmp T_73.4;
T_73.2 ;
    %load/vec4 v000001b93219b3a0_0;
    %parti/s 4, 16, 6;
    %store/vec4 v000001b93219af40_0, 0, 4;
    %load/vec4 v000001b93219cde0_0;
    %parti/s 1, 2, 3;
    %store/vec4 v000001b93219bda0_0, 0, 1;
    %jmp T_73.4;
T_73.3 ;
    %load/vec4 v000001b93219b3a0_0;
    %parti/s 4, 24, 6;
    %store/vec4 v000001b93219af40_0, 0, 4;
    %load/vec4 v000001b93219cde0_0;
    %parti/s 1, 3, 3;
    %store/vec4 v000001b93219bda0_0, 0, 1;
    %jmp T_73.4;
T_73.4 ;
    %pop/vec4 1;
    %jmp T_73;
    .thread T_73, $push;
    .scope S_000001b932199420;
T_74 ;
    %wait E_000001b9320de890;
    %pushi/vec4 15, 0, 4;
    %store/vec4 v000001b93219b6c0_0, 0, 4;
    %pushi/vec4 0, 0, 8;
    %store/vec4 v000001b93219c700_0, 0, 8;
    %load/vec4 v000001b93219bd00_0;
    %load/vec4 v000001b93219c7a0_0;
    %part/u 1;
    %flag_set/vec4 8;
    %jmp/0xz  T_74.0, 8;
    %load/vec4 v000001b93219b4e0_0;
    %flag_set/vec4 8;
    %jmp/0xz  T_74.2, 8;
    %load/vec4 v000001b93219c7a0_0;
    %dup/vec4;
    %pushi/vec4 0, 0, 2;
    %cmp/u;
    %jmp/1 T_74.4, 6;
    %dup/vec4;
    %pushi/vec4 1, 0, 2;
    %cmp/u;
    %jmp/1 T_74.5, 6;
    %dup/vec4;
    %pushi/vec4 2, 0, 2;
    %cmp/u;
    %jmp/1 T_74.6, 6;
    %dup/vec4;
    %pushi/vec4 3, 0, 2;
    %cmp/u;
    %jmp/1 T_74.7, 6;
    %jmp T_74.8;
T_74.4 ;
    %pushi/vec4 14, 0, 4;
    %store/vec4 v000001b93219b6c0_0, 0, 4;
    %jmp T_74.8;
T_74.5 ;
    %pushi/vec4 13, 0, 4;
    %store/vec4 v000001b93219b6c0_0, 0, 4;
    %jmp T_74.8;
T_74.6 ;
    %pushi/vec4 11, 0, 4;
    %store/vec4 v000001b93219b6c0_0, 0, 4;
    %jmp T_74.8;
T_74.7 ;
    %pushi/vec4 7, 0, 4;
    %store/vec4 v000001b93219b6c0_0, 0, 4;
    %jmp T_74.8;
T_74.8 ;
    %pop/vec4 1;
    %load/vec4 v000001b93219c840_0;
    %inv;
    %store/vec4 v000001b93219c700_0, 0, 8;
    %jmp T_74.3;
T_74.2 ;
    %load/vec4 v000001b93219c7a0_0;
    %dup/vec4;
    %pushi/vec4 0, 0, 2;
    %cmp/u;
    %jmp/1 T_74.9, 6;
    %dup/vec4;
    %pushi/vec4 1, 0, 2;
    %cmp/u;
    %jmp/1 T_74.10, 6;
    %dup/vec4;
    %pushi/vec4 2, 0, 2;
    %cmp/u;
    %jmp/1 T_74.11, 6;
    %dup/vec4;
    %pushi/vec4 3, 0, 2;
    %cmp/u;
    %jmp/1 T_74.12, 6;
    %jmp T_74.13;
T_74.9 ;
    %pushi/vec4 1, 0, 4;
    %store/vec4 v000001b93219b6c0_0, 0, 4;
    %jmp T_74.13;
T_74.10 ;
    %pushi/vec4 2, 0, 4;
    %store/vec4 v000001b93219b6c0_0, 0, 4;
    %jmp T_74.13;
T_74.11 ;
    %pushi/vec4 4, 0, 4;
    %store/vec4 v000001b93219b6c0_0, 0, 4;
    %jmp T_74.13;
T_74.12 ;
    %pushi/vec4 8, 0, 4;
    %store/vec4 v000001b93219b6c0_0, 0, 4;
    %jmp T_74.13;
T_74.13 ;
    %pop/vec4 1;
    %load/vec4 v000001b93219c840_0;
    %store/vec4 v000001b93219c700_0, 0, 8;
T_74.3 ;
T_74.0 ;
    %jmp T_74;
    .thread T_74, $push;
    .scope S_000001b932199420;
T_75 ;
    %wait E_000001b9320de110;
    %load/vec4 v000001b93219cca0_0;
    %nor/r;
    %flag_set/vec4 8;
    %jmp/0xz  T_75.0, 8;
    %pushi/vec4 0, 0, 32;
    %assign/vec4 v000001b93219b3a0_0, 0;
    %pushi/vec4 15, 0, 8;
    %assign/vec4 v000001b93219c020_0, 0;
    %pushi/vec4 0, 0, 4;
    %assign/vec4 v000001b93219cde0_0, 0;
    %jmp T_75.1;
T_75.0 ;
    %load/vec4 v000001b93219bb20_0;
    %flag_set/vec4 8;
    %jmp/0xz  T_75.2, 8;
    %load/vec4 v000001b93219bf80_0;
    %dup/vec4;
    %pushi/vec4 0, 0, 2;
    %cmp/u;
    %jmp/1 T_75.4, 6;
    %dup/vec4;
    %pushi/vec4 1, 0, 2;
    %cmp/u;
    %jmp/1 T_75.5, 6;
    %dup/vec4;
    %pushi/vec4 2, 0, 2;
    %cmp/u;
    %jmp/1 T_75.6, 6;
    %jmp T_75.8;
T_75.4 ;
    %load/vec4 v000001b93219c160_0;
    %assign/vec4 v000001b93219b3a0_0, 0;
    %jmp T_75.8;
T_75.5 ;
    %load/vec4 v000001b93219c160_0;
    %parti/s 8, 0, 2;
    %assign/vec4 v000001b93219c020_0, 0;
    %jmp T_75.8;
T_75.6 ;
    %load/vec4 v000001b93219c160_0;
    %parti/s 4, 0, 2;
    %assign/vec4 v000001b93219cde0_0, 0;
    %jmp T_75.8;
T_75.8 ;
    %pop/vec4 1;
T_75.2 ;
T_75.1 ;
    %jmp T_75;
    .thread T_75;
    .scope S_000001b932199420;
T_76 ;
    %wait E_000001b9320dde10;
    %load/vec4 v000001b93219bf80_0;
    %dup/vec4;
    %pushi/vec4 0, 0, 2;
    %cmp/u;
    %jmp/1 T_76.0, 6;
    %dup/vec4;
    %pushi/vec4 1, 0, 2;
    %cmp/u;
    %jmp/1 T_76.1, 6;
    %dup/vec4;
    %pushi/vec4 2, 0, 2;
    %cmp/u;
    %jmp/1 T_76.2, 6;
    %pushi/vec4 0, 0, 32;
    %store/vec4 v000001b93219cac0_0, 0, 32;
    %jmp T_76.4;
T_76.0 ;
    %load/vec4 v000001b93219b3a0_0;
    %store/vec4 v000001b93219cac0_0, 0, 32;
    %jmp T_76.4;
T_76.1 ;
    %pushi/vec4 0, 0, 24;
    %load/vec4 v000001b93219c020_0;
    %concat/vec4; draw_concat_vec4
    %store/vec4 v000001b93219cac0_0, 0, 32;
    %jmp T_76.4;
T_76.2 ;
    %pushi/vec4 0, 0, 28;
    %load/vec4 v000001b93219cde0_0;
    %concat/vec4; draw_concat_vec4
    %store/vec4 v000001b93219cac0_0, 0, 32;
    %jmp T_76.4;
T_76.4 ;
    %pop/vec4 1;
    %jmp T_76;
    .thread T_76, $push;
    .scope S_000001b932198de0;
T_77 ;
    %wait E_000001b9320dd0d0;
    %load/vec4 v000001b932192320_0;
    %nor/r;
    %flag_set/vec4 8;
    %jmp/0xz  T_77.0, 8;
    %pushi/vec4 15, 0, 4;
    %assign/vec4 v000001b9321914c0_0, 0;
    %pushi/vec4 15, 0, 4;
    %assign/vec4 v000001b932192e60_0, 0;
    %jmp T_77.1;
T_77.0 ;
    %load/vec4 v000001b932192b40_0;
    %assign/vec4 v000001b9321914c0_0, 0;
    %load/vec4 v000001b9321914c0_0;
    %assign/vec4 v000001b932192e60_0, 0;
T_77.1 ;
    %jmp T_77;
    .thread T_77;
    .scope S_000001b932198de0;
T_78 ;
    %wait E_000001b9320dd0d0;
    %load/vec4 v000001b932192320_0;
    %nor/r;
    %flag_set/vec4 8;
    %jmp/0xz  T_78.0, 8;
    %pushi/vec4 0, 0, 20;
    %assign/vec4 v000001b9321923c0_0, 0;
    %pushi/vec4 0, 0, 1;
    %assign/vec4 v000001b932191240_0, 0;
    %jmp T_78.1;
T_78.0 ;
    %pushi/vec4 0, 0, 1;
    %assign/vec4 v000001b932191240_0, 0;
    %load/vec4 v000001b9321923c0_0;
    %cmpi/u 500000, 0, 20;
    %flag_inv 5; GE is !LT
    %jmp/0xz  T_78.2, 5;
    %pushi/vec4 0, 0, 20;
    %assign/vec4 v000001b9321923c0_0, 0;
    %pushi/vec4 1, 0, 1;
    %assign/vec4 v000001b932191240_0, 0;
    %jmp T_78.3;
T_78.2 ;
    %load/vec4 v000001b9321923c0_0;
    %addi 1, 0, 20;
    %assign/vec4 v000001b9321923c0_0, 0;
T_78.3 ;
T_78.1 ;
    %jmp T_78;
    .thread T_78;
    .scope S_000001b932198de0;
T_79 ;
    %wait E_000001b9320dd0d0;
    %load/vec4 v000001b932192320_0;
    %nor/r;
    %flag_set/vec4 8;
    %jmp/0xz  T_79.0, 8;
    %pushi/vec4 0, 0, 2;
    %assign/vec4 v000001b932192960_0, 0;
    %pushi/vec4 14, 0, 4;
    %assign/vec4 v000001b932191f60_0, 0;
    %pushi/vec4 0, 0, 4;
    %assign/vec4 v000001b932192d20_0, 0;
    %pushi/vec4 0, 0, 1;
    %assign/vec4 v000001b9321920a0_0, 0;
    %pushi/vec4 0, 0, 1;
    %assign/vec4 v000001b932192280_0, 0;
    %pushi/vec4 0, 0, 1;
    %assign/vec4 v000001b9321928c0_0, 0;
    %jmp T_79.1;
T_79.0 ;
    %pushi/vec4 0, 0, 1;
    %assign/vec4 v000001b9321928c0_0, 0;
    %load/vec4 v000001b932191240_0;
    %flag_set/vec4 8;
    %jmp/0xz  T_79.2, 8;
    %load/vec4 v000001b932192e60_0;
    %cmpi/ne 15, 0, 4;
    %jmp/0xz  T_79.4, 4;
    %pushi/vec4 1, 0, 1;
    %assign/vec4 v000001b9321920a0_0, 0;
    %load/vec4 v000001b932192960_0;
    %dup/vec4;
    %pushi/vec4 0, 0, 2;
    %cmp/u;
    %jmp/1 T_79.6, 6;
    %dup/vec4;
    %pushi/vec4 1, 0, 2;
    %cmp/u;
    %jmp/1 T_79.7, 6;
    %dup/vec4;
    %pushi/vec4 2, 0, 2;
    %cmp/u;
    %jmp/1 T_79.8, 6;
    %dup/vec4;
    %pushi/vec4 3, 0, 2;
    %cmp/u;
    %jmp/1 T_79.9, 6;
    %jmp T_79.10;
T_79.6 ;
    %load/vec4 v000001b932192e60_0;
    %parti/s 1, 0, 2;
    %nor/r;
    %flag_set/vec4 8;
    %jmp/0xz  T_79.11, 8;
    %pushi/vec4 1, 0, 4;
    %assign/vec4 v000001b932192d20_0, 0;
    %jmp T_79.12;
T_79.11 ;
    %load/vec4 v000001b932192e60_0;
    %parti/s 1, 1, 2;
    %nor/r;
    %flag_set/vec4 8;
    %jmp/0xz  T_79.13, 8;
    %pushi/vec4 4, 0, 4;
    %assign/vec4 v000001b932192d20_0, 0;
    %jmp T_79.14;
T_79.13 ;
    %load/vec4 v000001b932192e60_0;
    %parti/s 1, 2, 3;
    %nor/r;
    %flag_set/vec4 8;
    %jmp/0xz  T_79.15, 8;
    %pushi/vec4 7, 0, 4;
    %assign/vec4 v000001b932192d20_0, 0;
    %jmp T_79.16;
T_79.15 ;
    %load/vec4 v000001b932192e60_0;
    %parti/s 1, 3, 3;
    %nor/r;
    %flag_set/vec4 8;
    %jmp/0xz  T_79.17, 8;
    %pushi/vec4 14, 0, 4;
    %assign/vec4 v000001b932192d20_0, 0;
T_79.17 ;
T_79.16 ;
T_79.14 ;
T_79.12 ;
    %jmp T_79.10;
T_79.7 ;
    %load/vec4 v000001b932192e60_0;
    %parti/s 1, 0, 2;
    %nor/r;
    %flag_set/vec4 8;
    %jmp/0xz  T_79.19, 8;
    %pushi/vec4 2, 0, 4;
    %assign/vec4 v000001b932192d20_0, 0;
    %jmp T_79.20;
T_79.19 ;
    %load/vec4 v000001b932192e60_0;
    %parti/s 1, 1, 2;
    %nor/r;
    %flag_set/vec4 8;
    %jmp/0xz  T_79.21, 8;
    %pushi/vec4 5, 0, 4;
    %assign/vec4 v000001b932192d20_0, 0;
    %jmp T_79.22;
T_79.21 ;
    %load/vec4 v000001b932192e60_0;
    %parti/s 1, 2, 3;
    %nor/r;
    %flag_set/vec4 8;
    %jmp/0xz  T_79.23, 8;
    %pushi/vec4 8, 0, 4;
    %assign/vec4 v000001b932192d20_0, 0;
    %jmp T_79.24;
T_79.23 ;
    %load/vec4 v000001b932192e60_0;
    %parti/s 1, 3, 3;
    %nor/r;
    %flag_set/vec4 8;
    %jmp/0xz  T_79.25, 8;
    %pushi/vec4 0, 0, 4;
    %assign/vec4 v000001b932192d20_0, 0;
T_79.25 ;
T_79.24 ;
T_79.22 ;
T_79.20 ;
    %jmp T_79.10;
T_79.8 ;
    %load/vec4 v000001b932192e60_0;
    %parti/s 1, 0, 2;
    %nor/r;
    %flag_set/vec4 8;
    %jmp/0xz  T_79.27, 8;
    %pushi/vec4 3, 0, 4;
    %assign/vec4 v000001b932192d20_0, 0;
    %jmp T_79.28;
T_79.27 ;
    %load/vec4 v000001b932192e60_0;
    %parti/s 1, 1, 2;
    %nor/r;
    %flag_set/vec4 8;
    %jmp/0xz  T_79.29, 8;
    %pushi/vec4 6, 0, 4;
    %assign/vec4 v000001b932192d20_0, 0;
    %jmp T_79.30;
T_79.29 ;
    %load/vec4 v000001b932192e60_0;
    %parti/s 1, 2, 3;
    %nor/r;
    %flag_set/vec4 8;
    %jmp/0xz  T_79.31, 8;
    %pushi/vec4 9, 0, 4;
    %assign/vec4 v000001b932192d20_0, 0;
    %jmp T_79.32;
T_79.31 ;
    %load/vec4 v000001b932192e60_0;
    %parti/s 1, 3, 3;
    %nor/r;
    %flag_set/vec4 8;
    %jmp/0xz  T_79.33, 8;
    %pushi/vec4 15, 0, 4;
    %assign/vec4 v000001b932192d20_0, 0;
T_79.33 ;
T_79.32 ;
T_79.30 ;
T_79.28 ;
    %jmp T_79.10;
T_79.9 ;
    %load/vec4 v000001b932192e60_0;
    %parti/s 1, 0, 2;
    %nor/r;
    %flag_set/vec4 8;
    %jmp/0xz  T_79.35, 8;
    %pushi/vec4 10, 0, 4;
    %assign/vec4 v000001b932192d20_0, 0;
    %jmp T_79.36;
T_79.35 ;
    %load/vec4 v000001b932192e60_0;
    %parti/s 1, 1, 2;
    %nor/r;
    %flag_set/vec4 8;
    %jmp/0xz  T_79.37, 8;
    %pushi/vec4 11, 0, 4;
    %assign/vec4 v000001b932192d20_0, 0;
    %jmp T_79.38;
T_79.37 ;
    %load/vec4 v000001b932192e60_0;
    %parti/s 1, 2, 3;
    %nor/r;
    %flag_set/vec4 8;
    %jmp/0xz  T_79.39, 8;
    %pushi/vec4 12, 0, 4;
    %assign/vec4 v000001b932192d20_0, 0;
    %jmp T_79.40;
T_79.39 ;
    %load/vec4 v000001b932192e60_0;
    %parti/s 1, 3, 3;
    %nor/r;
    %flag_set/vec4 8;
    %jmp/0xz  T_79.41, 8;
    %pushi/vec4 13, 0, 4;
    %assign/vec4 v000001b932192d20_0, 0;
T_79.41 ;
T_79.40 ;
T_79.38 ;
T_79.36 ;
    %jmp T_79.10;
T_79.10 ;
    %pop/vec4 1;
    %load/vec4 v000001b932192280_0;
    %nor/r;
    %flag_set/vec4 8;
    %jmp/0xz  T_79.43, 8;
    %pushi/vec4 1, 0, 1;
    %assign/vec4 v000001b932192280_0, 0;
    %load/vec4 v000001b932192780_0;
    %flag_set/vec4 8;
    %jmp/0xz  T_79.45, 8;
    %pushi/vec4 1, 0, 1;
    %assign/vec4 v000001b9321928c0_0, 0;
T_79.45 ;
T_79.43 ;
    %jmp T_79.5;
T_79.4 ;
    %pushi/vec4 0, 0, 1;
    %assign/vec4 v000001b9321920a0_0, 0;
    %load/vec4 v000001b932192960_0;
    %dup/vec4;
    %pushi/vec4 0, 0, 2;
    %cmp/u;
    %jmp/1 T_79.47, 6;
    %dup/vec4;
    %pushi/vec4 1, 0, 2;
    %cmp/u;
    %jmp/1 T_79.48, 6;
    %dup/vec4;
    %pushi/vec4 2, 0, 2;
    %cmp/u;
    %jmp/1 T_79.49, 6;
    %dup/vec4;
    %pushi/vec4 3, 0, 2;
    %cmp/u;
    %jmp/1 T_79.50, 6;
    %jmp T_79.51;
T_79.47 ;
    %pushi/vec4 1, 0, 2;
    %assign/vec4 v000001b932192960_0, 0;
    %pushi/vec4 13, 0, 4;
    %assign/vec4 v000001b932191f60_0, 0;
    %jmp T_79.51;
T_79.48 ;
    %pushi/vec4 2, 0, 2;
    %assign/vec4 v000001b932192960_0, 0;
    %pushi/vec4 11, 0, 4;
    %assign/vec4 v000001b932191f60_0, 0;
    %jmp T_79.51;
T_79.49 ;
    %pushi/vec4 3, 0, 2;
    %assign/vec4 v000001b932192960_0, 0;
    %pushi/vec4 7, 0, 4;
    %assign/vec4 v000001b932191f60_0, 0;
    %jmp T_79.51;
T_79.50 ;
    %pushi/vec4 0, 0, 2;
    %assign/vec4 v000001b932192960_0, 0;
    %pushi/vec4 14, 0, 4;
    %assign/vec4 v000001b932191f60_0, 0;
    %jmp T_79.51;
T_79.51 ;
    %pop/vec4 1;
T_79.5 ;
T_79.2 ;
    %load/vec4 v000001b932192aa0_0;
    %flag_set/vec4 9;
    %flag_get/vec4 9;
    %jmp/0 T_79.54, 9;
    %load/vec4 v000001b932193220_0;
    %pushi/vec4 0, 0, 2;
    %cmp/e;
    %flag_get/vec4 4;
    %and;
T_79.54;
    %flag_set/vec4 8;
    %jmp/0xz  T_79.52, 8;
T_79.52 ;
T_79.1 ;
    %jmp T_79;
    .thread T_79;
    .scope S_000001b932198de0;
T_80 ;
    %wait E_000001b9320dd0d0;
    %load/vec4 v000001b932192320_0;
    %nor/r;
    %flag_set/vec4 8;
    %jmp/0xz  T_80.0, 8;
    %pushi/vec4 0, 0, 1;
    %assign/vec4 v000001b932192780_0, 0;
    %jmp T_80.1;
T_80.0 ;
    %load/vec4 v000001b932192aa0_0;
    %flag_set/vec4 8;
    %jmp/0xz  T_80.2, 8;
    %load/vec4 v000001b932193220_0;
    %dup/vec4;
    %pushi/vec4 2, 0, 2;
    %cmp/u;
    %jmp/1 T_80.4, 6;
    %jmp T_80.6;
T_80.4 ;
    %load/vec4 v000001b932191880_0;
    %parti/s 1, 0, 2;
    %assign/vec4 v000001b932192780_0, 0;
    %jmp T_80.6;
T_80.6 ;
    %pop/vec4 1;
T_80.2 ;
T_80.1 ;
    %jmp T_80;
    .thread T_80;
    .scope S_000001b932198de0;
T_81 ;
    %wait E_000001b9320dd610;
    %load/vec4 v000001b932193220_0;
    %dup/vec4;
    %pushi/vec4 0, 0, 2;
    %cmp/u;
    %jmp/1 T_81.0, 6;
    %dup/vec4;
    %pushi/vec4 1, 0, 2;
    %cmp/u;
    %jmp/1 T_81.1, 6;
    %dup/vec4;
    %pushi/vec4 2, 0, 2;
    %cmp/u;
    %jmp/1 T_81.2, 6;
    %pushi/vec4 0, 0, 32;
    %store/vec4 v000001b932192dc0_0, 0, 32;
    %jmp T_81.4;
T_81.0 ;
    %pushi/vec4 0, 0, 28;
    %load/vec4 v000001b932192d20_0;
    %concat/vec4; draw_concat_vec4
    %store/vec4 v000001b932192dc0_0, 0, 32;
    %jmp T_81.4;
T_81.1 ;
    %pushi/vec4 0, 0, 30;
    %load/vec4 v000001b932192280_0;
    %concat/vec4; draw_concat_vec4
    %load/vec4 v000001b9321920a0_0;
    %concat/vec4; draw_concat_vec4
    %store/vec4 v000001b932192dc0_0, 0, 32;
    %jmp T_81.4;
T_81.2 ;
    %pushi/vec4 0, 0, 31;
    %load/vec4 v000001b932192780_0;
    %concat/vec4; draw_concat_vec4
    %store/vec4 v000001b932192dc0_0, 0, 32;
    %jmp T_81.4;
T_81.4 ;
    %pop/vec4 1;
    %jmp T_81;
    .thread T_81, $push;
    .scope S_000001b9321998d0;
T_82 ;
    %wait E_000001b9320deb10;
    %load/vec4 v000001b9321a0ee0_0;
    %nor/r;
    %flag_set/vec4 8;
    %jmp/0xz  T_82.0, 8;
    %pushi/vec4 0, 0, 1;
    %assign/vec4 v000001b9321a06c0_0, 0;
    %pushi/vec4 0, 0, 1;
    %assign/vec4 v000001b9321a1e80_0, 0;
    %jmp T_82.1;
T_82.0 ;
    %load/vec4 v000001b9321a0580_0;
    %assign/vec4 v000001b9321a06c0_0, 0;
    %load/vec4 v000001b9321a06c0_0;
    %assign/vec4 v000001b9321a1e80_0, 0;
T_82.1 ;
    %jmp T_82;
    .thread T_82;
    .scope S_000001b9321998d0;
T_83 ;
    %wait E_000001b9320deb10;
    %load/vec4 v000001b9321a0ee0_0;
    %nor/r;
    %flag_set/vec4 8;
    %jmp/0xz  T_83.0, 8;
    %pushi/vec4 0, 0, 3;
    %assign/vec4 v000001b9321a0b20_0, 0;
    %pushi/vec4 0, 0, 1;
    %assign/vec4 v000001b9321a2560_0, 0;
    %pushi/vec4 0, 0, 20;
    %assign/vec4 v000001b9321a2100_0, 0;
    %pushi/vec4 0, 0, 32;
    %assign/vec4 v000001b9321a1d40_0, 0;
    %pushi/vec4 0, 0, 32;
    %assign/vec4 v000001b9321a24c0_0, 0;
    %pushi/vec4 0, 0, 1;
    %assign/vec4 v000001b9321a1160_0, 0;
    %jmp T_83.1;
T_83.0 ;
    %load/vec4 v000001b9321a0b20_0;
    %dup/vec4;
    %pushi/vec4 0, 0, 3;
    %cmp/u;
    %jmp/1 T_83.2, 6;
    %dup/vec4;
    %pushi/vec4 1, 0, 3;
    %cmp/u;
    %jmp/1 T_83.3, 6;
    %dup/vec4;
    %pushi/vec4 2, 0, 3;
    %cmp/u;
    %jmp/1 T_83.4, 6;
    %dup/vec4;
    %pushi/vec4 3, 0, 3;
    %cmp/u;
    %jmp/1 T_83.5, 6;
    %dup/vec4;
    %pushi/vec4 4, 0, 3;
    %cmp/u;
    %jmp/1 T_83.6, 6;
    %pushi/vec4 0, 0, 3;
    %assign/vec4 v000001b9321a0b20_0, 0;
    %jmp T_83.8;
T_83.2 ;
    %pushi/vec4 0, 0, 1;
    %assign/vec4 v000001b9321a1160_0, 0;
    %pushi/vec4 0, 0, 1;
    %assign/vec4 v000001b9321a2560_0, 0;
    %pushi/vec4 0, 0, 20;
    %assign/vec4 v000001b9321a2100_0, 0;
    %load/vec4 v000001b9321a04e0_0;
    %flag_set/vec4 10;
    %flag_get/vec4 10;
    %jmp/0 T_83.12, 10;
    %load/vec4 v000001b9321a1de0_0;
    %pushi/vec4 0, 0, 2;
    %cmp/e;
    %flag_get/vec4 4;
    %and;
T_83.12;
    %flag_set/vec4 9;
    %flag_get/vec4 9;
    %jmp/0 T_83.11, 9;
    %load/vec4 v000001b9321a1200_0;
    %parti/s 1, 0, 2;
    %and;
T_83.11;
    %flag_set/vec4 8;
    %jmp/0xz  T_83.9, 8;
    %pushi/vec4 1, 0, 1;
    %assign/vec4 v000001b9321a1160_0, 0;
    %pushi/vec4 1, 0, 3;
    %assign/vec4 v000001b9321a0b20_0, 0;
T_83.9 ;
    %jmp T_83.8;
T_83.3 ;
    %pushi/vec4 1, 0, 1;
    %assign/vec4 v000001b9321a2560_0, 0;
    %load/vec4 v000001b9321a2100_0;
    %addi 1, 0, 20;
    %assign/vec4 v000001b9321a2100_0, 0;
    %load/vec4 v000001b9321a2100_0;
    %cmpi/u 1000, 0, 20;
    %flag_inv 5; GE is !LT
    %jmp/0xz  T_83.13, 5;
    %pushi/vec4 0, 0, 1;
    %assign/vec4 v000001b9321a2560_0, 0;
    %pushi/vec4 0, 0, 20;
    %assign/vec4 v000001b9321a2100_0, 0;
    %pushi/vec4 2, 0, 3;
    %assign/vec4 v000001b9321a0b20_0, 0;
T_83.13 ;
    %jmp T_83.8;
T_83.4 ;
    %load/vec4 v000001b9321a2100_0;
    %addi 1, 0, 20;
    %assign/vec4 v000001b9321a2100_0, 0;
    %load/vec4 v000001b9321a1e80_0;
    %flag_set/vec4 8;
    %jmp/0xz  T_83.15, 8;
    %pushi/vec4 0, 0, 32;
    %assign/vec4 v000001b9321a1d40_0, 0;
    %pushi/vec4 3, 0, 3;
    %assign/vec4 v000001b9321a0b20_0, 0;
    %jmp T_83.16;
T_83.15 ;
    %load/vec4 v000001b9321a2100_0;
    %cmpi/u 100000, 0, 20;
    %flag_inv 5; GE is !LT
    %jmp/0xz  T_83.17, 5;
    %pushi/vec4 0, 0, 3;
    %assign/vec4 v000001b9321a0b20_0, 0;
T_83.17 ;
T_83.16 ;
    %jmp T_83.8;
T_83.5 ;
    %load/vec4 v000001b9321a1e80_0;
    %flag_set/vec4 8;
    %jmp/0xz  T_83.19, 8;
    %load/vec4 v000001b9321a1d40_0;
    %addi 1, 0, 32;
    %assign/vec4 v000001b9321a1d40_0, 0;
    %jmp T_83.20;
T_83.19 ;
    %pushi/vec4 4, 0, 3;
    %assign/vec4 v000001b9321a0b20_0, 0;
T_83.20 ;
    %jmp T_83.8;
T_83.6 ;
    %load/vec4 v000001b9321a1d40_0;
    %muli 11, 0, 32;
    %ix/load 4, 16, 0;
    %flag_set/imm 4, 0;
    %shiftr 4;
    %assign/vec4 v000001b9321a24c0_0, 0;
    %pushi/vec4 0, 0, 3;
    %assign/vec4 v000001b9321a0b20_0, 0;
    %jmp T_83.8;
T_83.8 ;
    %pop/vec4 1;
T_83.1 ;
    %jmp T_83;
    .thread T_83;
    .scope S_000001b9321998d0;
T_84 ;
    %wait E_000001b9320de350;
    %load/vec4 v000001b9321a1de0_0;
    %dup/vec4;
    %pushi/vec4 0, 0, 2;
    %cmp/u;
    %jmp/1 T_84.0, 6;
    %dup/vec4;
    %pushi/vec4 1, 0, 2;
    %cmp/u;
    %jmp/1 T_84.1, 6;
    %pushi/vec4 0, 0, 32;
    %store/vec4 v000001b9321a1fc0_0, 0, 32;
    %jmp T_84.3;
T_84.0 ;
    %pushi/vec4 0, 0, 24;
    %load/vec4 v000001b9321a1160_0;
    %concat/vec4; draw_concat_vec4
    %concati/vec4 0, 0, 7;
    %store/vec4 v000001b9321a1fc0_0, 0, 32;
    %jmp T_84.3;
T_84.1 ;
    %load/vec4 v000001b9321a24c0_0;
    %store/vec4 v000001b9321a1fc0_0, 0, 32;
    %jmp T_84.3;
T_84.3 ;
    %pop/vec4 1;
    %jmp T_84;
    .thread T_84, $push;
    .scope S_000001b93219a550;
T_85 ;
    %wait E_000001b9320df050;
    %load/vec4 v000001b93219e820_0;
    %nor/r;
    %flag_set/vec4 8;
    %jmp/0xz  T_85.0, 8;
    %pushi/vec4 0, 0, 4;
    %assign/vec4 v000001b93219f540_0, 0;
    %pushi/vec4 0, 0, 1;
    %assign/vec4 v000001b93219ea00_0, 0;
    %pushi/vec4 0, 0, 1;
    %assign/vec4 v000001b93219efa0_0, 0;
    %pushi/vec4 0, 0, 4;
    %assign/vec4 v000001b93219d380_0, 0;
    %pushi/vec4 0, 0, 16;
    %assign/vec4 v000001b93219d560_0, 0;
    %pushi/vec4 0, 0, 1;
    %assign/vec4 v000001b93219d4c0_0, 0;
    %pushi/vec4 0, 0, 1;
    %assign/vec4 v000001b93219d420_0, 0;
    %pushi/vec4 0, 0, 1;
    %assign/vec4 v000001b93219e5a0_0, 0;
    %pushi/vec4 0, 0, 8;
    %assign/vec4 v000001b93219e0a0_0, 0;
    %pushi/vec4 0, 0, 8;
    %assign/vec4 v000001b93219f680_0, 0;
    %pushi/vec4 0, 0, 32;
    %assign/vec4 v000001b93219eaa0_0, 0;
    %jmp T_85.1;
T_85.0 ;
    %load/vec4 v000001b93219dce0_0;
    %flag_set/vec4 9;
    %flag_get/vec4 9;
    %jmp/0 T_85.4, 9;
    %load/vec4 v000001b93219f540_0;
    %pushi/vec4 0, 0, 4;
    %cmp/e;
    %flag_get/vec4 4;
    %and;
T_85.4;
    %flag_set/vec4 8;
    %jmp/0xz  T_85.2, 8;
    %load/vec4 v000001b93219e780_0;
    %dup/vec4;
    %pushi/vec4 0, 0, 2;
    %cmp/u;
    %jmp/1 T_85.5, 6;
    %jmp T_85.6;
T_85.5 ;
    %load/vec4 v000001b93219d9c0_0;
    %parti/s 1, 0, 2;
    %assign/vec4 v000001b93219e5a0_0, 0;
    %jmp T_85.6;
T_85.6 ;
    %pop/vec4 1;
T_85.2 ;
    %load/vec4 v000001b93219e5a0_0;
    %flag_set/vec4 9;
    %flag_get/vec4 9;
    %jmp/0 T_85.9, 9;
    %load/vec4 v000001b93219f540_0;
    %pushi/vec4 0, 0, 4;
    %cmp/e;
    %flag_get/vec4 4;
    %and;
T_85.9;
    %flag_set/vec4 8;
    %jmp/0xz  T_85.7, 8;
    %pushi/vec4 1, 0, 1;
    %assign/vec4 v000001b93219d420_0, 0;
    %pushi/vec4 1, 0, 4;
    %assign/vec4 v000001b93219f540_0, 0;
    %pushi/vec4 0, 0, 16;
    %assign/vec4 v000001b93219d560_0, 0;
    %pushi/vec4 0, 0, 1;
    %assign/vec4 v000001b93219d4c0_0, 0;
    %pushi/vec4 0, 0, 1;
    %assign/vec4 v000001b93219e5a0_0, 0;
T_85.7 ;
    %load/vec4 v000001b93219f540_0;
    %cmpi/ne 0, 0, 4;
    %jmp/0xz  T_85.10, 4;
    %load/vec4 v000001b93219d560_0;
    %cmpi/u 500, 0, 16;
    %flag_inv 5; GE is !LT
    %jmp/0xz  T_85.12, 5;
    %pushi/vec4 0, 0, 16;
    %assign/vec4 v000001b93219d560_0, 0;
    %load/vec4 v000001b93219d4c0_0;
    %inv;
    %assign/vec4 v000001b93219d4c0_0, 0;
    %jmp T_85.13;
T_85.12 ;
    %load/vec4 v000001b93219d560_0;
    %addi 1, 0, 16;
    %assign/vec4 v000001b93219d560_0, 0;
T_85.13 ;
T_85.10 ;
    %load/vec4 v000001b93219f540_0;
    %dup/vec4;
    %pushi/vec4 1, 0, 4;
    %cmp/u;
    %jmp/1 T_85.14, 6;
    %dup/vec4;
    %pushi/vec4 2, 0, 4;
    %cmp/u;
    %jmp/1 T_85.15, 6;
    %dup/vec4;
    %pushi/vec4 3, 0, 4;
    %cmp/u;
    %jmp/1 T_85.16, 6;
    %dup/vec4;
    %pushi/vec4 4, 0, 4;
    %cmp/u;
    %jmp/1 T_85.17, 6;
    %dup/vec4;
    %pushi/vec4 5, 0, 4;
    %cmp/u;
    %jmp/1 T_85.18, 6;
    %dup/vec4;
    %pushi/vec4 6, 0, 4;
    %cmp/u;
    %jmp/1 T_85.19, 6;
    %dup/vec4;
    %pushi/vec4 7, 0, 4;
    %cmp/u;
    %jmp/1 T_85.20, 6;
    %dup/vec4;
    %pushi/vec4 8, 0, 4;
    %cmp/u;
    %jmp/1 T_85.21, 6;
    %pushi/vec4 0, 0, 4;
    %assign/vec4 v000001b93219f540_0, 0;
    %jmp T_85.23;
T_85.14 ;
    %load/vec4 v000001b93219d4c0_0;
    %nor/r;
    %flag_set/vec4 8;
    %jmp/0xz  T_85.24, 8;
    %pushi/vec4 1, 0, 1;
    %assign/vec4 v000001b93219efa0_0, 0;
    %pushi/vec4 1, 0, 1;
    %assign/vec4 v000001b93219ea00_0, 0;
    %pushi/vec4 7, 0, 4;
    %assign/vec4 v000001b93219d380_0, 0;
    %pushi/vec4 2, 0, 4;
    %assign/vec4 v000001b93219f540_0, 0;
T_85.24 ;
    %jmp T_85.23;
T_85.15 ;
    %load/vec4 v000001b93219d4c0_0;
    %nor/r;
    %flag_set/vec4 8;
    %jmp/0xz  T_85.26, 8;
    %pushi/vec4 145, 0, 8;
    %ix/getv 4, v000001b93219d380_0;
    %shiftr 4;
    %pushi/vec4 1, 0, 8;
    %and;
    %inv;
    %pad/u 1;
    %assign/vec4 v000001b93219efa0_0, 0;
    %jmp T_85.27;
T_85.26 ;
    %pushi/vec4 0, 0, 1;
    %assign/vec4 v000001b93219ea00_0, 0;
    %load/vec4 v000001b93219d560_0;
    %cmpi/e 500, 0, 16;
    %jmp/0xz  T_85.28, 4;
    %pushi/vec4 1, 0, 1;
    %assign/vec4 v000001b93219ea00_0, 0;
    %load/vec4 v000001b93219d380_0;
    %pad/u 32;
    %cmpi/e 0, 0, 32;
    %jmp/0xz  T_85.30, 4;
    %pushi/vec4 3, 0, 4;
    %assign/vec4 v000001b93219f540_0, 0;
    %jmp T_85.31;
T_85.30 ;
    %load/vec4 v000001b93219d380_0;
    %subi 1, 0, 4;
    %assign/vec4 v000001b93219d380_0, 0;
T_85.31 ;
T_85.28 ;
T_85.27 ;
    %jmp T_85.23;
T_85.16 ;
    %load/vec4 v000001b93219d4c0_0;
    %nor/r;
    %flag_set/vec4 8;
    %jmp/0xz  T_85.32, 8;
    %pushi/vec4 0, 0, 1;
    %assign/vec4 v000001b93219efa0_0, 0;
    %jmp T_85.33;
T_85.32 ;
    %pushi/vec4 0, 0, 1;
    %assign/vec4 v000001b93219ea00_0, 0;
    %load/vec4 v000001b93219d560_0;
    %cmpi/e 500, 0, 16;
    %jmp/0xz  T_85.34, 4;
    %pushi/vec4 1, 0, 1;
    %assign/vec4 v000001b93219ea00_0, 0;
    %pushi/vec4 7, 0, 4;
    %assign/vec4 v000001b93219d380_0, 0;
    %pushi/vec4 4, 0, 4;
    %assign/vec4 v000001b93219f540_0, 0;
T_85.34 ;
T_85.33 ;
    %jmp T_85.23;
T_85.17 ;
    %load/vec4 v000001b93219d4c0_0;
    %nor/r;
    %flag_set/vec4 8;
    %jmp/0xz  T_85.36, 8;
    %pushi/vec4 0, 0, 1;
    %assign/vec4 v000001b93219efa0_0, 0;
    %jmp T_85.37;
T_85.36 ;
    %pushi/vec4 0, 0, 1;
    %assign/vec4 v000001b93219ea00_0, 0;
    %load/vec4 v000001b93219d560_0;
    %cmpi/e 500, 0, 16;
    %jmp/0xz  T_85.38, 4;
    %load/vec4 v000001b93219eb40_0;
    %ix/load 5, 0, 0;
    %ix/getv 4, v000001b93219d380_0;
    %assign/vec4/off/d v000001b93219e0a0_0, 4, 5;
    %pushi/vec4 1, 0, 1;
    %assign/vec4 v000001b93219ea00_0, 0;
    %load/vec4 v000001b93219d380_0;
    %pad/u 32;
    %cmpi/e 0, 0, 32;
    %jmp/0xz  T_85.40, 4;
    %pushi/vec4 5, 0, 4;
    %assign/vec4 v000001b93219f540_0, 0;
    %jmp T_85.41;
T_85.40 ;
    %load/vec4 v000001b93219d380_0;
    %subi 1, 0, 4;
    %assign/vec4 v000001b93219d380_0, 0;
T_85.41 ;
T_85.38 ;
T_85.37 ;
    %jmp T_85.23;
T_85.18 ;
    %load/vec4 v000001b93219d4c0_0;
    %nor/r;
    %flag_set/vec4 8;
    %jmp/0xz  T_85.42, 8;
    %pushi/vec4 1, 0, 1;
    %assign/vec4 v000001b93219efa0_0, 0;
    %jmp T_85.43;
T_85.42 ;
    %pushi/vec4 0, 0, 1;
    %assign/vec4 v000001b93219ea00_0, 0;
    %load/vec4 v000001b93219d560_0;
    %cmpi/e 500, 0, 16;
    %jmp/0xz  T_85.44, 4;
    %pushi/vec4 1, 0, 1;
    %assign/vec4 v000001b93219ea00_0, 0;
    %pushi/vec4 7, 0, 4;
    %assign/vec4 v000001b93219d380_0, 0;
    %pushi/vec4 6, 0, 4;
    %assign/vec4 v000001b93219f540_0, 0;
T_85.44 ;
T_85.43 ;
    %jmp T_85.23;
T_85.19 ;
    %load/vec4 v000001b93219d4c0_0;
    %nor/r;
    %flag_set/vec4 8;
    %jmp/0xz  T_85.46, 8;
    %pushi/vec4 0, 0, 1;
    %assign/vec4 v000001b93219efa0_0, 0;
    %jmp T_85.47;
T_85.46 ;
    %pushi/vec4 0, 0, 1;
    %assign/vec4 v000001b93219ea00_0, 0;
    %load/vec4 v000001b93219d560_0;
    %cmpi/e 500, 0, 16;
    %jmp/0xz  T_85.48, 4;
    %load/vec4 v000001b93219eb40_0;
    %ix/load 5, 0, 0;
    %ix/getv 4, v000001b93219d380_0;
    %assign/vec4/off/d v000001b93219f680_0, 4, 5;
    %pushi/vec4 1, 0, 1;
    %assign/vec4 v000001b93219ea00_0, 0;
    %load/vec4 v000001b93219d380_0;
    %pad/u 32;
    %cmpi/e 0, 0, 32;
    %jmp/0xz  T_85.50, 4;
    %pushi/vec4 7, 0, 4;
    %assign/vec4 v000001b93219f540_0, 0;
    %jmp T_85.51;
T_85.50 ;
    %load/vec4 v000001b93219d380_0;
    %subi 1, 0, 4;
    %assign/vec4 v000001b93219d380_0, 0;
T_85.51 ;
T_85.48 ;
T_85.47 ;
    %jmp T_85.23;
T_85.20 ;
    %load/vec4 v000001b93219d4c0_0;
    %nor/r;
    %flag_set/vec4 8;
    %jmp/0xz  T_85.52, 8;
    %pushi/vec4 0, 0, 1;
    %assign/vec4 v000001b93219efa0_0, 0;
    %jmp T_85.53;
T_85.52 ;
    %pushi/vec4 0, 0, 1;
    %assign/vec4 v000001b93219ea00_0, 0;
    %load/vec4 v000001b93219d560_0;
    %cmpi/e 500, 0, 16;
    %jmp/0xz  T_85.54, 4;
    %pushi/vec4 1, 0, 1;
    %assign/vec4 v000001b93219ea00_0, 0;
    %pushi/vec4 8, 0, 4;
    %assign/vec4 v000001b93219f540_0, 0;
T_85.54 ;
T_85.53 ;
    %jmp T_85.23;
T_85.21 ;
    %load/vec4 v000001b93219d4c0_0;
    %nor/r;
    %flag_set/vec4 8;
    %jmp/0xz  T_85.56, 8;
    %pushi/vec4 1, 0, 1;
    %assign/vec4 v000001b93219efa0_0, 0;
    %jmp T_85.57;
T_85.56 ;
    %pushi/vec4 0, 0, 1;
    %assign/vec4 v000001b93219ea00_0, 0;
    %load/vec4 v000001b93219d560_0;
    %cmpi/e 500, 0, 16;
    %jmp/0xz  T_85.58, 4;
    %pushi/vec4 0, 0, 1;
    %assign/vec4 v000001b93219efa0_0, 0;
    %pushi/vec4 0, 0, 4;
    %assign/vec4 v000001b93219f540_0, 0;
    %pushi/vec4 0, 0, 1;
    %assign/vec4 v000001b93219d420_0, 0;
    %load/vec4 v000001b93219e0a0_0;
    %parti/s 1, 7, 4;
    %replicate 24;
    %load/vec4 v000001b93219e0a0_0;
    %concat/vec4; draw_concat_vec4
    %assign/vec4 v000001b93219eaa0_0, 0;
T_85.58 ;
T_85.57 ;
    %jmp T_85.23;
T_85.23 ;
    %pop/vec4 1;
T_85.1 ;
    %jmp T_85;
    .thread T_85;
    .scope S_000001b93219a550;
T_86 ;
    %wait E_000001b9320de210;
    %load/vec4 v000001b93219e780_0;
    %dup/vec4;
    %pushi/vec4 0, 0, 2;
    %cmp/u;
    %jmp/1 T_86.0, 6;
    %dup/vec4;
    %pushi/vec4 1, 0, 2;
    %cmp/u;
    %jmp/1 T_86.1, 6;
    %pushi/vec4 0, 0, 32;
    %store/vec4 v000001b93219d600_0, 0, 32;
    %jmp T_86.3;
T_86.0 ;
    %pushi/vec4 0, 0, 24;
    %load/vec4 v000001b93219d420_0;
    %concat/vec4; draw_concat_vec4
    %concati/vec4 0, 0, 7;
    %store/vec4 v000001b93219d600_0, 0, 32;
    %jmp T_86.3;
T_86.1 ;
    %load/vec4 v000001b93219eaa0_0;
    %store/vec4 v000001b93219d600_0, 0, 32;
    %jmp T_86.3;
T_86.3 ;
    %pop/vec4 1;
    %jmp T_86;
    .thread T_86, $push;
    .scope S_000001b932114a90;
T_87 ;
    %delay 5000, 0;
    %load/vec4 v000001b9321ab040_0;
    %inv;
    %store/vec4 v000001b9321ab040_0, 0, 1;
    %jmp T_87;
    .thread T_87;
    .scope S_000001b932114a90;
T_88 ;
    %vpi_call 3 127 "$dumpfile", "sim/waves.vcd" {0 0 0};
    %vpi_call 3 128 "$dumpvars", 32'sb00000000000000000000000000000000, S_000001b932114a90 {0 0 0};
    %pushi/vec4 0, 0, 1;
    %store/vec4 v000001b9321ab040_0, 0, 1;
    %pushi/vec4 0, 0, 1;
    %store/vec4 v000001b9321ab400_0, 0, 1;
    %pushi/vec4 1, 0, 1;
    %store/vec4 v000001b9321aa5a0_0, 0, 1;
    %pushi/vec4 0, 0, 1;
    %store/vec4 v000001b9321aa140_0, 0, 1;
    %pushi/vec4 0, 0, 32;
    %store/vec4 v000001b9321ab2c0_0, 0, 32;
    %pushi/vec4 15, 0, 4;
    %store/vec4 v000001b9321a9e20_0, 0, 4;
    %vpi_call 3 138 "$display", "[TB] Starting Microcontroller Simulation..." {0 0 0};
    %delay 40000, 0;
    %pushi/vec4 1, 0, 1;
    %store/vec4 v000001b9321ab400_0, 0, 1;
    %vpi_call 3 141 "$display", "[TB] Reset released. CPU executing boot sequence..." {0 0 0};
    %delay 100000000, 0;
    %vpi_call 3 147 "$display", "[TB] Simulation timed out. Displaying final registers..." {0 0 0};
    %vpi_call 3 149 "$display", "R0=%X R1=%X R2=%X R3=%X", &A<v000001b932173310, 0>, &A<v000001b932173310, 1>, &A<v000001b932173310, 2>, &A<v000001b932173310, 3> {0 0 0};
    %vpi_call 3 150 "$display", "R4=%X R5=%X R10=%X R11=%X R12=%X", &A<v000001b932173310, 4>, &A<v000001b932173310, 5>, &A<v000001b932173310, 10>, &A<v000001b932173310, 11>, &A<v000001b932173310, 12> {0 0 0};
    %vpi_call 3 151 "$display", "R29(SP)=%X R30(LR)=%X PC=%X SR=%X", &A<v000001b932173310, 29>, &A<v000001b932173310, 30>, v000001b932177aa0_0, v000001b9321776e0_0 {0 0 0};
    %vpi_call 3 152 "$finish" {0 0 0};
    %end;
    .thread T_88;
    .scope S_000001b932114a90;
T_89 ;
    %wait E_000001b9320dc0d0;
    %load/vec4 v000001b9321757a0_0;
    %flag_set/vec4 8;
    %jmp/0xz  T_89.0, 8;
    %vpi_call 3 158 "$display", "[TB] HALT instruction executed at PC=0x%08X.", v000001b932177aa0_0 {0 0 0};
    %vpi_call 3 159 "$display", "[TB] Registers dump:" {0 0 0};
    %vpi_call 3 160 "$display", "R0=%X R1=%X R2=%X R3=%X", &A<v000001b932173310, 0>, &A<v000001b932173310, 1>, &A<v000001b932173310, 2>, &A<v000001b932173310, 3> {0 0 0};
    %vpi_call 3 161 "$display", "R4=%X R5=%X R10=%X R11=%X R12=%X", &A<v000001b932173310, 4>, &A<v000001b932173310, 5>, &A<v000001b932173310, 10>, &A<v000001b932173310, 11>, &A<v000001b932173310, 12> {0 0 0};
    %vpi_call 3 162 "$display", "R29(SP)=%X R30(LR)=%X PC=%X SR=%X GPIO_OUT=%X", &A<v000001b932173310, 29>, &A<v000001b932173310, 30>, v000001b932177aa0_0, v000001b9321776e0_0, v000001b9321ac440_0 {0 0 0};
    %vpi_call 3 163 "$finish" {0 0 0};
T_89.0 ;
    %jmp T_89;
    .thread T_89;
# The file index is used to find the file name in the following table.
:file_names 41;
    "N/A";
    "<interactive>";
    "rtl/peripherals/clock_divider.v";
    "tb/tb_top.v";
    "rtl/top/top.v";
    "rtl/memory/boot_rom.v";
    "rtl/core/cpu_core.v";
    "rtl/core/alu.v";
    "rtl/core/branch_unit.v";
    "rtl/core/control_unit.v";
    "rtl/core/ex_mem_reg.v";
    "rtl/core/forwarding_unit.v";
    "rtl/core/hazard_detection_unit.v";
    "rtl/core/id_ex_reg.v";
    "rtl/core/if_id_reg.v";
    "rtl/core/instruction_register.v";
    "rtl/core/mem_wb_reg.v";
    "rtl/core/program_counter.v";
    "rtl/core/register_file.v";
    "rtl/core/status_register.v";
    "rtl/security/crc_engine.v";
    "rtl/core/debug_unit.v";
    "rtl/memory/data_ram.v";
    "rtl/drivers/eeprom_driver.v";
    "rtl/peripherals/gpio.v";
    "rtl/peripherals/i2c_master.v";
    "rtl/memory/instruction_rom.v";
    "rtl/drivers/keypad_driver.v";
    "rtl/drivers/lcd_driver.v";
    "rtl/memory/memory_controller.v";
    "rtl/drivers/oled_driver.v";
    "rtl/interrupt/interrupt_controller.v";
    "rtl/interrupt/interrupt_vector_table.v";
    "rtl/peripherals/pwm.v";
    "rtl/drivers/seven_seg_driver.v";
    "rtl/peripherals/spi_master.v";
    "rtl/drivers/temp_sensor_driver.v";
    "rtl/peripherals/timer.v";
    "rtl/peripherals/uart.v";
    "rtl/drivers/ultrasonic_driver.v";
    "rtl/security/watchdog_timer.v";
